[2026-09-25 07:21:58Z INFO HostContext] No proxy settings were found based on environmental variables (http_proxy/https_proxy/HTTP_PROXY/HTTPS_PROXY)
[2026-09-25 07:21:58Z INFO HostContext] Well known directory 'Bin': 'C:\Users\mcrngv0\test-write-api\test-write-api\actions-runner\bin'
[2026-09-25 07:21:58Z INFO HostContext] Well known directory 'Root': 'C:\Users\mcrngv0\test-write-api\test-write-api\actions-runner'
[2026-09-25 07:21:58Z INFO HostContext] Well known config file 'Credentials': 'C:\Users\mcrngv0\test-write-api\test-write-api\actions-runner\.credentials'
[2026-09-25 07:21:59Z INFO HostContext] Well known directory 'Bin': 'C:\Users\mcrngv0\test-write-api\test-write-api\actions-runner\bin'
[2026-09-25 07:21:59Z INFO HostContext] Well known directory 'Root': 'C:\Users\mcrngv0\test-write-api\test-write-api\actions-runner'
[2026-09-25 07:21:59Z INFO HostContext] Well known config file 'Runner': 'C:\Users\mcrngv0\test-write-api\test-write-api\actions-runner\.runner'
[2026-09-25 07:21:59Z INFO Listener] Runner is built for Windows (X64) - win-x64.
[2026-09-25 07:21:59Z INFO Listener] RuntimeInformation: Microsoft Windows 10.0.26100.
[2026-09-25 07:21:59Z INFO Listener] Version: 2.337.0
[2026-09-25 07:21:59Z INFO Listener] Commit: 397b032cbf865e9c3ddfab89d533ec19325e1273
[2026-09-25 07:21:59Z INFO Listener] Culture: de-DE
[2026-09-25 07:21:59Z INFO Listener] UI Culture: de-DE
[2026-09-25 07:21:59Z INFO HostContext] Well known directory 'Bin': 'C:\Users\mcrngv0\test-write-api\test-write-api\actions-runner\bin'
[2026-09-25 07:21:59Z INFO HostContext] Well known directory 'Root': 'C:\Users\mcrngv0\test-write-api\test-write-api\actions-runner'
[2026-09-25 07:21:59Z INFO Listener] Validating directory permissions for: 'C:\Users\mcrngv0\test-write-api\test-write-api\actions-runner'
[2026-09-25 07:21:59Z INFO CommandLineParser] Parse
[2026-09-25 07:21:59Z INFO CommandLineParser] Parsing 1 args
[2026-09-25 07:21:59Z INFO CommandLineParser] parsing argument
[2026-09-25 07:21:59Z INFO CommandLineParser] HasArgs: False
[2026-09-25 07:21:59Z INFO CommandLineParser] Adding Command: run
[2026-09-25 07:21:59Z INFO Listener] Arguments parsed
[2026-09-25 07:21:59Z INFO Runner] ExecuteCommand
[2026-09-25 07:21:59Z INFO ConfigurationStore] currentAssemblyLocation: C:\Users\mcrngv0\test-write-api\test-write-api\actions-runner\bin\Runner.Listener.dll
[2026-09-25 07:21:59Z INFO HostContext] Well known directory 'Bin': 'C:\Users\mcrngv0\test-write-api\test-write-api\actions-runner\bin'
[2026-09-25 07:21:59Z INFO ConfigurationStore] binPath: C:\Users\mcrngv0\test-write-api\test-write-api\actions-runner\bin
[2026-09-25 07:21:59Z INFO HostContext] Well known directory 'Bin': 'C:\Users\mcrngv0\test-write-api\test-write-api\actions-runner\bin'
[2026-09-25 07:21:59Z INFO HostContext] Well known directory 'Root': 'C:\Users\mcrngv0\test-write-api\test-write-api\actions-runner'
[2026-09-25 07:21:59Z INFO ConfigurationStore] RootFolder: C:\Users\mcrngv0\test-write-api\test-write-api\actions-runner
[2026-09-25 07:21:59Z INFO HostContext] Well known directory 'Bin': 'C:\Users\mcrngv0\test-write-api\test-write-api\actions-runner\bin'
[2026-09-25 07:21:59Z INFO HostContext] Well known directory 'Root': 'C:\Users\mcrngv0\test-write-api\test-write-api\actions-runner'
[2026-09-25 07:21:59Z INFO HostContext] Well known config file 'Runner': 'C:\Users\mcrngv0\test-write-api\test-write-api\actions-runner\.runner'
[2026-09-25 07:21:59Z INFO ConfigurationStore] ConfigFilePath: C:\Users\mcrngv0\test-write-api\test-write-api\actions-runner\.runner
[2026-09-25 07:21:59Z INFO HostContext] Well known directory 'Bin': 'C:\Users\mcrngv0\test-write-api\test-write-api\actions-runner\bin'
[2026-09-25 07:21:59Z INFO HostContext] Well known directory 'Root': 'C:\Users\mcrngv0\test-write-api\test-write-api\actions-runner'
[2026-09-25 07:21:59Z INFO HostContext] Well known config file 'MigratedRunner': 'C:\Users\mcrngv0\test-write-api\test-write-api\actions-runner\.runner_migrated'
[2026-09-25 07:21:59Z INFO ConfigurationStore] MigratedConfigFilePath: C:\Users\mcrngv0\test-write-api\test-write-api\actions-runner\.runner_migrated
[2026-09-25 07:21:59Z INFO HostContext] Well known directory 'Bin': 'C:\Users\mcrngv0\test-write-api\test-write-api\actions-runner\bin'
[2026-09-25 07:21:59Z INFO HostContext] Well known directory 'Root': 'C:\Users\mcrngv0\test-write-api\test-write-api\actions-runner'
[2026-09-25 07:21:59Z INFO HostContext] Well known config file 'Credentials': 'C:\Users\mcrngv0\test-write-api\test-write-api\actions-runner\.credentials'
[2026-09-25 07:21:59Z INFO ConfigurationStore] CredFilePath: C:\Users\mcrngv0\test-write-api\test-write-api\actions-runner\.credentials
[2026-09-25 07:21:59Z INFO HostContext] Well known directory 'Bin': 'C:\Users\mcrngv0\test-write-api\test-write-api\actions-runner\bin'
[2026-09-25 07:21:59Z INFO HostContext] Well known directory 'Root': 'C:\Users\mcrngv0\test-write-api\test-write-api\actions-runner'
[2026-09-25 07:21:59Z INFO HostContext] Well known config file 'MigratedCredentials': 'C:\Users\mcrngv0\test-write-api\test-write-api\actions-runner\.credentials_migrated'
[2026-09-25 07:21:59Z INFO ConfigurationStore] MigratedCredFilePath: C:\Users\mcrngv0\test-write-api\test-write-api\actions-runner\.credentials_migrated
[2026-09-25 07:21:59Z INFO HostContext] Well known directory 'Bin': 'C:\Users\mcrngv0\test-write-api\test-write-api\actions-runner\bin'
[2026-09-25 07:21:59Z INFO HostContext] Well known directory 'Root': 'C:\Users\mcrngv0\test-write-api\test-write-api\actions-runner'
[2026-09-25 07:21:59Z INFO HostContext] Well known config file 'Service': 'C:\Users\mcrngv0\test-write-api\test-write-api\actions-runner\.service'
[2026-09-25 07:21:59Z INFO ConfigurationStore] ServiceConfigFilePath: C:\Users\mcrngv0\test-write-api\test-write-api\actions-runner\.service
[2026-09-25 07:21:59Z INFO CommandSettings] Flag 'help': 'False'
[2026-09-25 07:21:59Z INFO CommandSettings] Flag 'version': 'False'
[2026-09-25 07:21:59Z INFO CommandSettings] Flag 'commit': 'False'
[2026-09-25 07:21:59Z INFO CommandSettings] Flag 'check': 'False'
[2026-09-25 07:21:59Z INFO CommandSettings] Command 'configure': 'False'
[2026-09-25 07:21:59Z INFO CommandSettings] Command 'remove': 'False'
[2026-09-25 07:21:59Z INFO CommandSettings] Command 'warmup': 'False'
[2026-09-25 07:21:59Z INFO ConfigurationManager] LoadSettings
[2026-09-25 07:21:59Z INFO ConfigurationStore] IsConfigured()
[2026-09-25 07:21:59Z INFO ConfigurationStore] IsConfigured: True
[2026-09-25 07:21:59Z INFO ConfigurationManager] Is configured: True
[2026-09-25 07:21:59Z INFO ConfigurationStore] Read setting file: 397 chars
[2026-09-25 07:21:59Z INFO ConfigurationManager] Settings Loaded
[2026-09-25 07:21:59Z INFO ConfigurationStore] IsServiceConfigured()
[2026-09-25 07:21:59Z INFO ConfigurationStore] IsServiceConfigured: False
[2026-09-25 07:21:59Z INFO CommandSettings] Command 'run': 'True'
[2026-09-25 07:21:59Z INFO ConfigurationStore] IsConfigured()
[2026-09-25 07:21:59Z INFO ConfigurationStore] IsConfigured: True
[2026-09-25 07:21:59Z INFO ConfigurationManager] Is configured: True
[2026-09-25 07:21:59Z INFO Runner] Could not parse the argument value '' for StartupType. Defaulting to Manual
[2026-09-25 07:21:59Z INFO Runner] Set runner startup type - Manual
[2026-09-25 07:21:59Z INFO CommandSettings] Flag 'once': 'False'
[2026-09-25 07:21:59Z INFO CommandSettings] Flag 'once': 'False'
[2026-09-25 07:21:59Z INFO Runner] RunAsync
[2026-09-25 07:21:59Z INFO HostContext] Well known directory 'Bin': 'C:\Users\mcrngv0\test-write-api\test-write-api\actions-runner\bin'
[2026-09-25 07:21:59Z INFO HostContext] Well known directory 'Root': 'C:\Users\mcrngv0\test-write-api\test-write-api\actions-runner'
[2026-09-25 07:21:59Z INFO HostContext] Well known directory 'Work': 'C:\Users\mcrngv0\test-write-api\test-write-api\actions-runner\_work'
[2026-09-25 07:21:59Z INFO Runner] Validating directory permissions for: 'C:\Users\mcrngv0\test-write-api\test-write-api\actions-runner\_work'
[2026-09-25 07:21:59Z INFO ConfigurationManager] LoadMigratedSettings
[2026-09-25 07:21:59Z INFO ConfigurationStore] IsMigratedConfigured()
[2026-09-25 07:21:59Z INFO ConfigurationStore] IsMigratedConfigured: False
[2026-09-25 07:21:59Z INFO Runner] Failed to load migrated settings: No migrated configuration found.
[2026-09-25 07:21:59Z INFO Runner] Falling back to original .runner settings
[2026-09-25 07:21:59Z INFO Runner] Using BrokerMessageListener
[2026-09-25 07:21:59Z INFO BrokerMessageListener] Using provided settings
[2026-09-25 07:21:59Z INFO BrokerMessageListener] {
  "AgentId": 22,
  "AgentName": "MCRNB89090",
  "PoolId": 1,
  "PoolName": "Default",
  "ServerUrl": "https://pipelinesghubeus26.actions.githubusercontent.com/bdJaMS6thfS4ohJmXUZ3Z3zfpziPAKk2XQ2akMg83ociFtHyMe/",
  "GitHubUrl": "https://github.com/AnhNg72/test-write-api",
  "WorkFolder": "_work",
  "UseV2Flow": true,
  "ServerUrlV2": "https://broker.actions.githubusercontent.com/"
}
[2026-09-25 07:21:59Z INFO BrokerMessageListener] Loading Credentials
[2026-09-25 07:21:59Z INFO ConfigurationStore] HasCredentials()
[2026-09-25 07:21:59Z INFO ConfigurationStore] stored True
[2026-09-25 07:21:59Z INFO CredentialManager] GetCredentialProvider
[2026-09-25 07:21:59Z INFO CredentialManager] Creating type OAuth
[2026-09-25 07:21:59Z INFO CredentialManager] Creating credential type: OAuth
[2026-09-25 07:21:59Z INFO HostContext] Well known directory 'Bin': 'C:\Users\mcrngv0\test-write-api\test-write-api\actions-runner\bin'
[2026-09-25 07:21:59Z INFO HostContext] Well known directory 'Root': 'C:\Users\mcrngv0\test-write-api\test-write-api\actions-runner'
[2026-09-25 07:21:59Z INFO HostContext] Well known config file 'RSACredentials': 'C:\Users\mcrngv0\test-write-api\test-write-api\actions-runner\.credentials_rsaparams'
[2026-09-25 07:21:59Z INFO RSAEncryptedFileKeyManager] Loading RSA key parameters from file C:\Users\mcrngv0\test-write-api\test-write-api\actions-runner\.credentials_rsaparams
[2026-09-25 07:21:59Z INFO BrokerMessageListener] Attempt to create session.
[2026-09-25 07:21:59Z INFO BrokerMessageListener] Connecting to the Broker Server...
[2026-09-25 07:21:59Z INFO ConfigurationStore] HasCredentials()
[2026-09-25 07:21:59Z INFO ConfigurationStore] stored True
[2026-09-25 07:21:59Z INFO CredentialManager] GetCredentialProvider
[2026-09-25 07:21:59Z INFO CredentialManager] Creating type OAuth
[2026-09-25 07:21:59Z INFO CredentialManager] Creating credential type: OAuth
[2026-09-25 07:21:59Z INFO RSAEncryptedFileKeyManager] Loading RSA key parameters from file C:\Users\mcrngv0\test-write-api\test-write-api\actions-runner\.credentials_rsaparams
[2026-09-25 07:21:59Z INFO BrokerMessageListener] VssConnection created
[2026-09-25 07:21:59Z INFO BrokerMessageListener] Connecting to the Runner server...
[2026-09-25 07:21:59Z INFO RunnerServer] EstablishVssConnection
[2026-09-25 07:21:59Z INFO RunnerServer] Establish connection with 100 seconds timeout.
[2026-09-25 07:21:59Z INFO GitHubActionsService] Starting operation Location.GetConnectionData
[2026-09-25 07:21:59Z INFO RunnerServer] EstablishVssConnection
[2026-09-25 07:21:59Z INFO RunnerServer] Establish connection with 60 seconds timeout.
[2026-09-25 07:21:59Z INFO GitHubActionsService] Starting operation Location.GetConnectionData
[2026-09-25 07:21:59Z INFO RunnerServer] EstablishVssConnection
[2026-09-25 07:21:59Z INFO RunnerServer] Establish connection with 60 seconds timeout.
[2026-09-25 07:21:59Z INFO GitHubActionsService] Starting operation Location.GetConnectionData
[2026-09-25 07:21:59Z INFO GitHubActionsService] Finished operation Location.GetConnectionData
[2026-09-25 07:21:59Z INFO GitHubActionsService] Finished operation Location.GetConnectionData
[2026-09-25 07:21:59Z INFO GitHubActionsService] Finished operation Location.GetConnectionData
[2026-09-25 07:22:00Z INFO BrokerMessageListener] VssConnection created
[2026-09-25 07:22:00Z INFO Terminal] WRITE LINE: 
[2026-09-25 07:22:00Z INFO Terminal] WRITE LINE: 
[2026-09-25 07:22:00Z INFO RSAEncryptedFileKeyManager] Loading RSA key parameters from file C:\Users\mcrngv0\test-write-api\test-write-api\actions-runner\.credentials_rsaparams
[2026-09-25 07:22:00Z INFO RSAEncryptedFileKeyManager] Loading RSA key parameters from file C:\Users\mcrngv0\test-write-api\test-write-api\actions-runner\.credentials_rsaparams
[2026-09-25 07:22:00Z INFO GitHubActionsService] AAD Correlation ID for this token request: Unknown
[2026-09-25 07:22:01Z INFO BrokerMessageListener] Session created.
[2026-09-25 07:22:01Z INFO Terminal] WRITE LINE: Current runner version: '2.337.0'
[2026-09-25 07:22:01Z INFO Terminal] WRITE LINE: 2026-09-25 07:22:01Z: Listening for Jobs
[2026-09-25 07:22:01Z INFO JobDispatcher] Set runner/worker IPC timeout to 30 seconds.
[2026-09-25 07:24:27Z INFO BrokerMessageListener] Acknowledging runner request '7dedb160-4f72-5301-a4e7-e21654a47664'.
[2026-09-25 07:24:27Z INFO ConfigurationStore] HasCredentials()
[2026-09-25 07:24:27Z INFO ConfigurationStore] stored True
[2026-09-25 07:24:27Z INFO CredentialManager] GetCredentialProvider
[2026-09-25 07:24:27Z INFO CredentialManager] Creating type OAuth
[2026-09-25 07:24:27Z INFO CredentialManager] Creating credential type: OAuth
[2026-09-25 07:24:27Z INFO RSAEncryptedFileKeyManager] Loading RSA key parameters from file C:\Users\mcrngv0\test-write-api\test-write-api\actions-runner\.credentials_rsaparams
[2026-09-25 07:24:27Z INFO RSAEncryptedFileKeyManager] Loading RSA key parameters from file C:\Users\mcrngv0\test-write-api\test-write-api\actions-runner\.credentials_rsaparams
[2026-09-25 07:24:27Z INFO RSAEncryptedFileKeyManager] Loading RSA key parameters from file C:\Users\mcrngv0\test-write-api\test-write-api\actions-runner\.credentials_rsaparams
[2026-09-25 07:24:27Z INFO GitHubActionsService] AAD Correlation ID for this token request: Unknown
[2026-09-25 07:24:29Z INFO JobDispatcher] Job request 0 for plan 0fb2dfc7-d064-4f5a-ad71-49757e984486 job 7dedb160-4f72-5301-a4e7-e21654a47664 received.
[2026-09-25 07:24:29Z INFO JobDispatcher] Pull OrchestrationId 0fb2dfc7-d064-4f5a-ad71-49757e984486.build-and-push.__default from JWT claims
[2026-09-25 07:24:29Z INFO BrokerMessageListener] Received job status event. JobState: Busy
[2026-09-25 07:24:29Z INFO BrokerMessageListener] _getMessagesTokenSource is already disposed.
[2026-09-25 07:24:29Z INFO Terminal] WRITE LINE: 2026-09-25 07:24:29Z: Running job: build-and-push
[2026-09-25 07:24:29Z INFO JobDispatcher] Start renew job request 0 for job 7dedb160-4f72-5301-a4e7-e21654a47664.
[2026-09-25 07:24:29Z INFO JobDispatcher] Successfully renew job 7dedb160-4f72-5301-a4e7-e21654a47664, job is valid till 25.09.2026 07:34:29
[2026-09-25 07:24:29Z INFO HostContext] Well known directory 'Bin': 'C:\Users\mcrngv0\test-write-api\test-write-api\actions-runner\bin'
[2026-09-25 07:24:29Z INFO ProcessInvokerWrapper] Starting process:
[2026-09-25 07:24:29Z INFO ProcessInvokerWrapper]   File name: 'C:\Users\mcrngv0\test-write-api\test-write-api\actions-runner\bin\Runner.Worker.exe'
[2026-09-25 07:24:29Z INFO ProcessInvokerWrapper]   Arguments: 'spawnclient 2168 2180'
[2026-09-25 07:24:29Z INFO ProcessInvokerWrapper]   Working directory: 'C:\Users\mcrngv0\test-write-api\test-write-api\actions-runner\bin'
[2026-09-25 07:24:29Z INFO ProcessInvokerWrapper]   Require exit code zero: 'False'
[2026-09-25 07:24:29Z INFO ProcessInvokerWrapper]   Encoding web name:  ; code page: ''
[2026-09-25 07:24:29Z INFO ProcessInvokerWrapper]   Force kill process on cancellation: 'True'
[2026-09-25 07:24:29Z INFO ProcessInvokerWrapper]   Redirected STDIN: 'False'
[2026-09-25 07:24:29Z INFO ProcessInvokerWrapper]   Persist current code page: 'False'
[2026-09-25 07:24:29Z INFO ProcessInvokerWrapper]   Keep redirected STDIN open: 'False'
[2026-09-25 07:24:29Z INFO ProcessInvokerWrapper]   High priority process: 'True'
[2026-09-25 07:24:31Z INFO ProcessInvokerWrapper] Process started with process id 28024, waiting for process exit.
[2026-09-25 07:24:31Z INFO JobDispatcher] Send job request message to worker for job 7dedb160-4f72-5301-a4e7-e21654a47664.
[2026-09-25 07:24:31Z INFO ProcessChannel] Sending message of length 25281, with hash 'e7604c048941c7917095d305ff62a068d89a268c96fcfe3dc7d94d9af151b715'
[2026-09-25 07:24:31Z INFO JobNotification] Entering JobStarted Notification
[2026-09-25 07:24:31Z INFO JobNotification] Entering StartMonitor
[2026-09-25 07:25:31Z INFO JobDispatcher] Successfully renew job 7dedb160-4f72-5301-a4e7-e21654a47664, job is valid till 25.09.2026 07:35:31
[2026-09-25 07:25:35Z INFO ProcessInvokerWrapper] STDOUT/STDERR stream read finished.
[2026-09-25 07:25:35Z INFO ProcessInvokerWrapper] STDOUT/STDERR stream read finished.
[2026-09-25 07:25:35Z INFO ProcessInvokerWrapper] Finished process 28024 with exit code 102, and elapsed time 00:01:06.2276732.
[2026-09-25 07:25:35Z INFO JobDispatcher] Worker finished for job 7dedb160-4f72-5301-a4e7-e21654a47664. Code: 102
[2026-09-25 07:25:35Z INFO JobDispatcher] finish job request for job 7dedb160-4f72-5301-a4e7-e21654a47664 with result: Failed
[2026-09-25 07:25:35Z INFO Terminal] WRITE LINE: 2026-09-25 07:25:35Z: Job build-and-push completed with result: Failed
[2026-09-25 07:25:35Z INFO JobDispatcher] Stop renew job request for job 7dedb160-4f72-5301-a4e7-e21654a47664.
[2026-09-25 07:25:35Z INFO JobDispatcher] job renew has been cancelled, stop renew job 7dedb160-4f72-5301-a4e7-e21654a47664.
[2026-09-25 07:25:35Z INFO JobNotification] Entering JobCompleted Notification
[2026-09-25 07:25:35Z INFO JobNotification] Entering EndMonitor
[2026-09-25 07:25:35Z INFO BrokerMessageListener] Received job status event. JobState: Online
[2026-09-25 07:25:35Z WARN GitHubActionsService] GET request to https://broker.actions.githubusercontent.com/message?sessionId=d824ca3c-9294-4948-a4e4-c0333f685e19&status=Busy&runnerVersion=2.337.0&os=Windows&architecture=X64&disableUpdate=false has been cancelled.
[2026-09-25 07:25:35Z ERR  BrokerServer] Catch exception during request
[2026-09-25 07:25:35Z ERR  BrokerServer] System.Threading.Tasks.TaskCanceledException: The operation was canceled.
 ---> System.Threading.Tasks.TaskCanceledException: The operation was canceled.
 ---> System.IO.IOException: Unable to read data from the transport connection: Der E/A-Vorgang wurde wegen eines Threadendes oder einer Anwendungsanforderung abgebrochen..
 ---> System.Net.Sockets.SocketException (995): Der E/A-Vorgang wurde wegen eines Threadendes oder einer Anwendungsanforderung abgebrochen.
   --- End of inner exception stack trace ---
   at System.Net.Sockets.Socket.AwaitableSocketAsyncEventArgs.ThrowException(SocketError error, CancellationToken cancellationToken)
   at System.Net.Sockets.Socket.AwaitableSocketAsyncEventArgs.System.Threading.Tasks.Sources.IValueTaskSource<System.Int32>.GetResult(Int16 token)
   at System.Net.Security.SslStream.EnsureFullTlsFrameAsync[TIOAdapter](CancellationToken cancellationToken, Int32 estimatedSize)
   at System.Runtime.CompilerServices.PoolingAsyncValueTaskMethodBuilder`1.StateMachineBox`1.System.Threading.Tasks.Sources.IValueTaskSource<TResult>.GetResult(Int16 token)
   at System.Net.Security.SslStream.ReadAsyncInternal[TIOAdapter](Memory`1 buffer, CancellationToken cancellationToken)
   at System.Runtime.CompilerServices.PoolingAsyncValueTaskMethodBuilder`1.StateMachineBox`1.System.Threading.Tasks.Sources.IValueTaskSource<TResult>.GetResult(Int16 token)
   at System.Net.Http.HttpConnection.SendAsync(HttpRequestMessage request, Boolean async, CancellationToken cancellationToken)
   --- End of inner exception stack trace ---
   at System.Net.Http.HttpConnection.SendAsync(HttpRequestMessage request, Boolean async, CancellationToken cancellationToken)
   at System.Net.Http.AuthenticationHelper.SendWithNtAuthAsync(HttpRequestMessage request, Uri authUri, Boolean async, ICredentials credentials, Boolean isProxyAuth, HttpConnection connection, HttpConnectionPool connectionPool, CancellationToken cancellationToken)
   at System.Net.Http.HttpConnectionPool.SendWithVersionDetectionAndRetryAsync(HttpRequestMessage request, Boolean async, Boolean doRequestAuth, CancellationToken cancellationToken)
   at System.Net.Http.AuthenticationHelper.SendWithAuthAsync(HttpRequestMessage request, Uri authUri, Boolean async, ICredentials credentials, Boolean preAuthenticate, Boolean isProxyAuth, Boolean doRequestAuth, HttpConnectionPool pool, CancellationToken cancellationToken)
   at System.Net.Http.RedirectHandler.SendAsync(HttpRequestMessage request, Boolean async, CancellationToken cancellationToken)
   at GitHub.Services.Common.RawHttpMessageHandler.SendAsync(HttpRequestMessage request, CancellationToken cancellationToken)
   at GitHub.Services.Common.VssHttpRetryMessageHandler.SendAsync(HttpRequestMessage request, CancellationToken cancellationToken)
   at System.Net.Http.HttpClient.<SendAsync>g__Core|83_0(HttpRequestMessage request, HttpCompletionOption completionOption, CancellationTokenSource cts, Boolean disposeCts, CancellationTokenSource pendingRequestsCts, CancellationToken originalCancellationToken)
   --- End of inner exception stack trace ---
   at System.Net.Http.HttpClient.HandleFailure(Exception e, Boolean telemetryStarted, HttpResponseMessage response, CancellationTokenSource cts, CancellationToken cancellationToken, CancellationTokenSource pendingRequestsCts)
   at System.Net.Http.HttpClient.<SendAsync>g__Core|83_0(HttpRequestMessage request, HttpCompletionOption completionOption, CancellationTokenSource cts, Boolean disposeCts, CancellationTokenSource pendingRequestsCts, CancellationToken originalCancellationToken)
   at Sdk.WebApi.WebApi.RawHttpClientBase.SendAsync(HttpRequestMessage message, HttpCompletionOption completionOption, Object userState, CancellationToken cancellationToken)
   at Sdk.WebApi.WebApi.RawHttpClientBase.SendAsync[T](HttpRequestMessage message, Boolean readErrorBody, Object userState, CancellationToken cancellationToken)
   at Sdk.WebApi.WebApi.RawHttpClientBase.SendAsync[T](HttpMethod method, IEnumerable`1 additionalHeaders, Uri requestUri, HttpContent content, IEnumerable`1 queryParameters, Boolean readErrorBody, Object userState, CancellationToken cancellationToken)
   at GitHub.Actions.RunService.WebApi.BrokerHttpClient.GetRunnerMessageAsync(Nullable`1 sessionId, String runnerVersion, Nullable`1 status, String os, String architecture, Nullable`1 disableUpdate, CancellationToken cancellationToken)
   at GitHub.Runner.Common.BrokerServer.<>c__DisplayClass7_0.<<GetRunnerMessageAsync>b__0>d.MoveNext()
--- End of stack trace from previous location ---
   at GitHub.Runner.Common.RunnerService.RetryRequest[T](Func`1 func, CancellationToken cancellationToken, Int32 maxAttempts, Func`2 shouldRetry)
[2026-09-25 07:25:35Z ERR  BrokerServer] #####################################################
[2026-09-25 07:25:35Z ERR  BrokerServer] System.Threading.Tasks.TaskCanceledException: The operation was canceled.
 ---> System.IO.IOException: Unable to read data from the transport connection: Der E/A-Vorgang wurde wegen eines Threadendes oder einer Anwendungsanforderung abgebrochen..
 ---> System.Net.Sockets.SocketException (995): Der E/A-Vorgang wurde wegen eines Threadendes oder einer Anwendungsanforderung abgebrochen.
   --- End of inner exception stack trace ---
   at System.Net.Sockets.Socket.AwaitableSocketAsyncEventArgs.ThrowException(SocketError error, CancellationToken cancellationToken)
   at System.Net.Sockets.Socket.AwaitableSocketAsyncEventArgs.System.Threading.Tasks.Sources.IValueTaskSource<System.Int32>.GetResult(Int16 token)
   at System.Net.Security.SslStream.EnsureFullTlsFrameAsync[TIOAdapter](CancellationToken cancellationToken, Int32 estimatedSize)
   at System.Runtime.CompilerServices.PoolingAsyncValueTaskMethodBuilder`1.StateMachineBox`1.System.Threading.Tasks.Sources.IValueTaskSource<TResult>.GetResult(Int16 token)
   at System.Net.Security.SslStream.ReadAsyncInternal[TIOAdapter](Memory`1 buffer, CancellationToken cancellationToken)
   at System.Runtime.CompilerServices.PoolingAsyncValueTaskMethodBuilder`1.StateMachineBox`1.System.Threading.Tasks.Sources.IValueTaskSource<TResult>.GetResult(Int16 token)
   at System.Net.Http.HttpConnection.SendAsync(HttpRequestMessage request, Boolean async, CancellationToken cancellationToken)
   --- End of inner exception stack trace ---
   at System.Net.Http.HttpConnection.SendAsync(HttpRequestMessage request, Boolean async, CancellationToken cancellationToken)
   at System.Net.Http.AuthenticationHelper.SendWithNtAuthAsync(HttpRequestMessage request, Uri authUri, Boolean async, ICredentials credentials, Boolean isProxyAuth, HttpConnection connection, HttpConnectionPool connectionPool, CancellationToken cancellationToken)
   at System.Net.Http.HttpConnectionPool.SendWithVersionDetectionAndRetryAsync(HttpRequestMessage request, Boolean async, Boolean doRequestAuth, CancellationToken cancellationToken)
   at System.Net.Http.AuthenticationHelper.SendWithAuthAsync(HttpRequestMessage request, Uri authUri, Boolean async, ICredentials credentials, Boolean preAuthenticate, Boolean isProxyAuth, Boolean doRequestAuth, HttpConnectionPool pool, CancellationToken cancellationToken)
   at System.Net.Http.RedirectHandler.SendAsync(HttpRequestMessage request, Boolean async, CancellationToken cancellationToken)
   at GitHub.Services.Common.RawHttpMessageHandler.SendAsync(HttpRequestMessage request, CancellationToken cancellationToken)
   at GitHub.Services.Common.VssHttpRetryMessageHandler.SendAsync(HttpRequestMessage request, CancellationToken cancellationToken)
   at System.Net.Http.HttpClient.<SendAsync>g__Core|83_0(HttpRequestMessage request, HttpCompletionOption completionOption, CancellationTokenSource cts, Boolean disposeCts, CancellationTokenSource pendingRequestsCts, CancellationToken originalCancellationToken)
[2026-09-25 07:25:35Z ERR  BrokerServer] #####################################################
[2026-09-25 07:25:35Z ERR  BrokerServer] System.IO.IOException: Unable to read data from the transport connection: Der E/A-Vorgang wurde wegen eines Threadendes oder einer Anwendungsanforderung abgebrochen..
 ---> System.Net.Sockets.SocketException (995): Der E/A-Vorgang wurde wegen eines Threadendes oder einer Anwendungsanforderung abgebrochen.
   --- End of inner exception stack trace ---
   at System.Net.Sockets.Socket.AwaitableSocketAsyncEventArgs.ThrowException(SocketError error, CancellationToken cancellationToken)
   at System.Net.Sockets.Socket.AwaitableSocketAsyncEventArgs.System.Threading.Tasks.Sources.IValueTaskSource<System.Int32>.GetResult(Int16 token)
   at System.Net.Security.SslStream.EnsureFullTlsFrameAsync[TIOAdapter](CancellationToken cancellationToken, Int32 estimatedSize)
   at System.Runtime.CompilerServices.PoolingAsyncValueTaskMethodBuilder`1.StateMachineBox`1.System.Threading.Tasks.Sources.IValueTaskSource<TResult>.GetResult(Int16 token)
   at System.Net.Security.SslStream.ReadAsyncInternal[TIOAdapter](Memory`1 buffer, CancellationToken cancellationToken)
   at System.Runtime.CompilerServices.PoolingAsyncValueTaskMethodBuilder`1.StateMachineBox`1.System.Threading.Tasks.Sources.IValueTaskSource<TResult>.GetResult(Int16 token)
   at System.Net.Http.HttpConnection.SendAsync(HttpRequestMessage request, Boolean async, CancellationToken cancellationToken)
[2026-09-25 07:25:35Z ERR  BrokerServer] #####################################################
[2026-09-25 07:25:35Z ERR  BrokerServer] System.Net.Sockets.SocketException (995): Der E/A-Vorgang wurde wegen eines Threadendes oder einer Anwendungsanforderung abgebrochen.
[2026-09-25 07:25:35Z WARN BrokerServer] Back off 6,689 seconds before next retry. 4 attempt left.
[2026-09-25 07:25:35Z INFO BrokerMessageListener] Get messages has been cancelled using local token source. Continue to get messages with new status.
[2026-09-25 07:27:22Z INFO BrokerMessageListener] Acknowledging runner request '66b12779-4229-59ef-aff7-c99708714b46'.
[2026-09-25 07:27:22Z INFO ConfigurationStore] HasCredentials()
[2026-09-25 07:27:22Z INFO ConfigurationStore] stored True
[2026-09-25 07:27:22Z INFO CredentialManager] GetCredentialProvider
[2026-09-25 07:27:22Z INFO CredentialManager] Creating type OAuth
[2026-09-25 07:27:22Z INFO CredentialManager] Creating credential type: OAuth
[2026-09-25 07:27:22Z INFO RSAEncryptedFileKeyManager] Loading RSA key parameters from file C:\Users\mcrngv0\test-write-api\test-write-api\actions-runner\.credentials_rsaparams
[2026-09-25 07:27:22Z INFO RSAEncryptedFileKeyManager] Loading RSA key parameters from file C:\Users\mcrngv0\test-write-api\test-write-api\actions-runner\.credentials_rsaparams
[2026-09-25 07:27:22Z INFO RSAEncryptedFileKeyManager] Loading RSA key parameters from file C:\Users\mcrngv0\test-write-api\test-write-api\actions-runner\.credentials_rsaparams
[2026-09-25 07:27:23Z INFO GitHubActionsService] AAD Correlation ID for this token request: Unknown
[2026-09-25 07:27:24Z INFO JobDispatcher] Job request 0 for plan d9e7d2a7-3a6f-47f1-96e3-bdc96a002e08 job 66b12779-4229-59ef-aff7-c99708714b46 received.
[2026-09-25 07:27:24Z INFO JobDispatcher] Pull OrchestrationId d9e7d2a7-3a6f-47f1-96e3-bdc96a002e08.build-and-push.__default from JWT claims
[2026-09-25 07:27:24Z INFO BrokerMessageListener] Received job status event. JobState: Busy
[2026-09-25 07:27:24Z INFO BrokerMessageListener] _getMessagesTokenSource is already disposed.
[2026-09-25 07:27:24Z INFO JobDispatcher] Job request 7dedb160-4f72-5301-a4e7-e21654a47664 processed succeed.
[2026-09-25 07:27:24Z INFO Terminal] WRITE LINE: 2026-09-25 07:27:24Z: Running job: build-and-push
[2026-09-25 07:27:24Z INFO JobDispatcher] Start renew job request 0 for job 66b12779-4229-59ef-aff7-c99708714b46.
[2026-09-25 07:27:24Z INFO JobDispatcher] Successfully renew job 66b12779-4229-59ef-aff7-c99708714b46, job is valid till 25.09.2026 07:37:24
[2026-09-25 07:27:24Z INFO HostContext] Well known directory 'Bin': 'C:\Users\mcrngv0\test-write-api\test-write-api\actions-runner\bin'
[2026-09-25 07:27:24Z INFO ProcessInvokerWrapper] Starting process:
[2026-09-25 07:27:24Z INFO ProcessInvokerWrapper]   File name: 'C:\Users\mcrngv0\test-write-api\test-write-api\actions-runner\bin\Runner.Worker.exe'
[2026-09-25 07:27:24Z INFO ProcessInvokerWrapper]   Arguments: 'spawnclient 2216 1756'
[2026-09-25 07:27:24Z INFO ProcessInvokerWrapper]   Working directory: 'C:\Users\mcrngv0\test-write-api\test-write-api\actions-runner\bin'
[2026-09-25 07:27:24Z INFO ProcessInvokerWrapper]   Require exit code zero: 'False'
[2026-09-25 07:27:24Z INFO ProcessInvokerWrapper]   Encoding web name:  ; code page: ''
[2026-09-25 07:27:24Z INFO ProcessInvokerWrapper]   Force kill process on cancellation: 'True'
[2026-09-25 07:27:24Z INFO ProcessInvokerWrapper]   Redirected STDIN: 'False'
[2026-09-25 07:27:24Z INFO ProcessInvokerWrapper]   Persist current code page: 'False'
[2026-09-25 07:27:24Z INFO ProcessInvokerWrapper]   Keep redirected STDIN open: 'False'
[2026-09-25 07:27:24Z INFO ProcessInvokerWrapper]   High priority process: 'True'
[2026-09-25 07:27:24Z INFO ProcessInvokerWrapper] Process started with process id 30172, waiting for process exit.
[2026-09-25 07:27:24Z INFO JobDispatcher] Send job request message to worker for job 66b12779-4229-59ef-aff7-c99708714b46.
[2026-09-25 07:27:24Z INFO ProcessChannel] Sending message of length 24849, with hash 'd650ac0a66077a9937e2c634c6eb2392327ad468ddfabfa6ec681e7b46a1e0da'
[2026-09-25 07:27:24Z INFO JobNotification] Entering JobStarted Notification
[2026-09-25 07:27:24Z INFO JobNotification] Entering StartMonitor
[2026-09-25 07:28:16Z INFO ProcessInvokerWrapper] STDOUT/STDERR stream read finished.
[2026-09-25 07:28:16Z INFO ProcessInvokerWrapper] STDOUT/STDERR stream read finished.
[2026-09-25 07:28:16Z INFO ProcessInvokerWrapper] Finished process 30172 with exit code 102, and elapsed time 00:00:51.8349599.
[2026-09-25 07:28:16Z INFO JobDispatcher] Worker finished for job 66b12779-4229-59ef-aff7-c99708714b46. Code: 102
[2026-09-25 07:28:16Z INFO JobDispatcher] finish job request for job 66b12779-4229-59ef-aff7-c99708714b46 with result: Failed
[2026-09-25 07:28:16Z INFO Terminal] WRITE LINE: 2026-09-25 07:28:16Z: Job build-and-push completed with result: Failed
[2026-09-25 07:28:16Z INFO JobDispatcher] Stop renew job request for job 66b12779-4229-59ef-aff7-c99708714b46.
[2026-09-25 07:28:16Z INFO JobDispatcher] job renew has been cancelled, stop renew job 66b12779-4229-59ef-aff7-c99708714b46.
[2026-09-25 07:28:16Z INFO JobNotification] Entering JobCompleted Notification
[2026-09-25 07:28:16Z INFO JobNotification] Entering EndMonitor
[2026-09-25 07:28:16Z INFO BrokerMessageListener] Received job status event. JobState: Online
[2026-09-25 07:28:16Z WARN GitHubActionsService] GET request to https://broker.actions.githubusercontent.com/message?sessionId=d824ca3c-9294-4948-a4e4-c0333f685e19&status=Busy&runnerVersion=2.337.0&os=Windows&architecture=X64&disableUpdate=false has been cancelled.
[2026-09-25 07:28:16Z ERR  BrokerServer] Catch exception during request
[2026-09-25 07:28:16Z ERR  BrokerServer] System.Threading.Tasks.TaskCanceledException: The operation was canceled.
 ---> System.Threading.Tasks.TaskCanceledException: The operation was canceled.
 ---> System.IO.IOException: Unable to read data from the transport connection: Der E/A-Vorgang wurde wegen eines Threadendes oder einer Anwendungsanforderung abgebrochen..
 ---> System.Net.Sockets.SocketException (995): Der E/A-Vorgang wurde wegen eines Threadendes oder einer Anwendungsanforderung abgebrochen.
   --- End of inner exception stack trace ---
   at System.Net.Sockets.Socket.AwaitableSocketAsyncEventArgs.System.Threading.Tasks.Sources.IValueTaskSource<System.Int32>.GetResult(Int16 token)
   at System.Net.Security.SslStream.EnsureFullTlsFrameAsync[TIOAdapter](CancellationToken cancellationToken, Int32 estimatedSize)
   at System.Runtime.CompilerServices.PoolingAsyncValueTaskMethodBuilder`1.StateMachineBox`1.System.Threading.Tasks.Sources.IValueTaskSource<TResult>.GetResult(Int16 token)
   at System.Net.Security.SslStream.ReadAsyncInternal[TIOAdapter](Memory`1 buffer, CancellationToken cancellationToken)
   at System.Runtime.CompilerServices.PoolingAsyncValueTaskMethodBuilder`1.StateMachineBox`1.System.Threading.Tasks.Sources.IValueTaskSource<TResult>.GetResult(Int16 token)
   at System.Net.Http.HttpConnection.SendAsync(HttpRequestMessage request, Boolean async, CancellationToken cancellationToken)
   --- End of inner exception stack trace ---
   at System.Net.Http.HttpConnection.SendAsync(HttpRequestMessage request, Boolean async, CancellationToken cancellationToken)
   at System.Net.Http.AuthenticationHelper.SendWithNtAuthAsync(HttpRequestMessage request, Uri authUri, Boolean async, ICredentials credentials, Boolean isProxyAuth, HttpConnection connection, HttpConnectionPool connectionPool, CancellationToken cancellationToken)
   at System.Net.Http.HttpConnectionPool.SendWithVersionDetectionAndRetryAsync(HttpRequestMessage request, Boolean async, Boolean doRequestAuth, CancellationToken cancellationToken)
   at System.Net.Http.AuthenticationHelper.SendWithAuthAsync(HttpRequestMessage request, Uri authUri, Boolean async, ICredentials credentials, Boolean preAuthenticate, Boolean isProxyAuth, Boolean doRequestAuth, HttpConnectionPool pool, CancellationToken cancellationToken)
   at System.Net.Http.RedirectHandler.SendAsync(HttpRequestMessage request, Boolean async, CancellationToken cancellationToken)
   at GitHub.Services.Common.RawHttpMessageHandler.SendAsync(HttpRequestMessage request, CancellationToken cancellationToken)
   at GitHub.Services.Common.VssHttpRetryMessageHandler.SendAsync(HttpRequestMessage request, CancellationToken cancellationToken)
   at System.Net.Http.HttpClient.<SendAsync>g__Core|83_0(HttpRequestMessage request, HttpCompletionOption completionOption, CancellationTokenSource cts, Boolean disposeCts, CancellationTokenSource pendingRequestsCts, CancellationToken originalCancellationToken)
   --- End of inner exception stack trace ---
   at System.Net.Http.HttpClient.HandleFailure(Exception e, Boolean telemetryStarted, HttpResponseMessage response, CancellationTokenSource cts, CancellationToken cancellationToken, CancellationTokenSource pendingRequestsCts)
   at System.Net.Http.HttpClient.<SendAsync>g__Core|83_0(HttpRequestMessage request, HttpCompletionOption completionOption, CancellationTokenSource cts, Boolean disposeCts, CancellationTokenSource pendingRequestsCts, CancellationToken originalCancellationToken)
   at Sdk.WebApi.WebApi.RawHttpClientBase.SendAsync(HttpRequestMessage message, HttpCompletionOption completionOption, Object userState, CancellationToken cancellationToken)
   at Sdk.WebApi.WebApi.RawHttpClientBase.SendAsync[T](HttpRequestMessage message, Boolean readErrorBody, Object userState, CancellationToken cancellationToken)
   at Sdk.WebApi.WebApi.RawHttpClientBase.SendAsync[T](HttpMethod method, IEnumerable`1 additionalHeaders, Uri requestUri, HttpContent content, IEnumerable`1 queryParameters, Boolean readErrorBody, Object userState, CancellationToken cancellationToken)
   at GitHub.Actions.RunService.WebApi.BrokerHttpClient.GetRunnerMessageAsync(Nullable`1 sessionId, String runnerVersion, Nullable`1 status, String os, String architecture, Nullable`1 disableUpdate, CancellationToken cancellationToken)
   at GitHub.Runner.Common.BrokerServer.<>c__DisplayClass7_0.<<GetRunnerMessageAsync>b__0>d.MoveNext()
--- End of stack trace from previous location ---
   at GitHub.Runner.Common.RunnerService.RetryRequest[T](Func`1 func, CancellationToken cancellationToken, Int32 maxAttempts, Func`2 shouldRetry)
[2026-09-25 07:28:16Z ERR  BrokerServer] #####################################################
[2026-09-25 07:28:16Z ERR  BrokerServer] System.Threading.Tasks.TaskCanceledException: The operation was canceled.
 ---> System.IO.IOException: Unable to read data from the transport connection: Der E/A-Vorgang wurde wegen eines Threadendes oder einer Anwendungsanforderung abgebrochen..
 ---> System.Net.Sockets.SocketException (995): Der E/A-Vorgang wurde wegen eines Threadendes oder einer Anwendungsanforderung abgebrochen.
   --- End of inner exception stack trace ---
   at System.Net.Sockets.Socket.AwaitableSocketAsyncEventArgs.System.Threading.Tasks.Sources.IValueTaskSource<System.Int32>.GetResult(Int16 token)
   at System.Net.Security.SslStream.EnsureFullTlsFrameAsync[TIOAdapter](CancellationToken cancellationToken, Int32 estimatedSize)
   at System.Runtime.CompilerServices.PoolingAsyncValueTaskMethodBuilder`1.StateMachineBox`1.System.Threading.Tasks.Sources.IValueTaskSource<TResult>.GetResult(Int16 token)
   at System.Net.Security.SslStream.ReadAsyncInternal[TIOAdapter](Memory`1 buffer, CancellationToken cancellationToken)
   at System.Runtime.CompilerServices.PoolingAsyncValueTaskMethodBuilder`1.StateMachineBox`1.System.Threading.Tasks.Sources.IValueTaskSource<TResult>.GetResult(Int16 token)
   at System.Net.Http.HttpConnection.SendAsync(HttpRequestMessage request, Boolean async, CancellationToken cancellationToken)
   --- End of inner exception stack trace ---
   at System.Net.Http.HttpConnection.SendAsync(HttpRequestMessage request, Boolean async, CancellationToken cancellationToken)
   at System.Net.Http.AuthenticationHelper.SendWithNtAuthAsync(HttpRequestMessage request, Uri authUri, Boolean async, ICredentials credentials, Boolean isProxyAuth, HttpConnection connection, HttpConnectionPool connectionPool, CancellationToken cancellationToken)
   at System.Net.Http.HttpConnectionPool.SendWithVersionDetectionAndRetryAsync(HttpRequestMessage request, Boolean async, Boolean doRequestAuth, CancellationToken cancellationToken)
   at System.Net.Http.AuthenticationHelper.SendWithAuthAsync(HttpRequestMessage request, Uri authUri, Boolean async, ICredentials credentials, Boolean preAuthenticate, Boolean isProxyAuth, Boolean doRequestAuth, HttpConnectionPool pool, CancellationToken cancellationToken)
   at System.Net.Http.RedirectHandler.SendAsync(HttpRequestMessage request, Boolean async, CancellationToken cancellationToken)
   at GitHub.Services.Common.RawHttpMessageHandler.SendAsync(HttpRequestMessage request, CancellationToken cancellationToken)
   at GitHub.Services.Common.VssHttpRetryMessageHandler.SendAsync(HttpRequestMessage request, CancellationToken cancellationToken)
   at System.Net.Http.HttpClient.<SendAsync>g__Core|83_0(HttpRequestMessage request, HttpCompletionOption completionOption, CancellationTokenSource cts, Boolean disposeCts, CancellationTokenSource pendingRequestsCts, CancellationToken originalCancellationToken)
[2026-09-25 07:28:16Z ERR  BrokerServer] #####################################################
[2026-09-25 07:28:16Z ERR  BrokerServer] System.IO.IOException: Unable to read data from the transport connection: Der E/A-Vorgang wurde wegen eines Threadendes oder einer Anwendungsanforderung abgebrochen..
 ---> System.Net.Sockets.SocketException (995): Der E/A-Vorgang wurde wegen eines Threadendes oder einer Anwendungsanforderung abgebrochen.
   --- End of inner exception stack trace ---
   at System.Net.Sockets.Socket.AwaitableSocketAsyncEventArgs.System.Threading.Tasks.Sources.IValueTaskSource<System.Int32>.GetResult(Int16 token)
   at System.Net.Security.SslStream.EnsureFullTlsFrameAsync[TIOAdapter](CancellationToken cancellationToken, Int32 estimatedSize)
   at System.Runtime.CompilerServices.PoolingAsyncValueTaskMethodBuilder`1.StateMachineBox`1.System.Threading.Tasks.Sources.IValueTaskSource<TResult>.GetResult(Int16 token)
   at System.Net.Security.SslStream.ReadAsyncInternal[TIOAdapter](Memory`1 buffer, CancellationToken cancellationToken)
   at System.Runtime.CompilerServices.PoolingAsyncValueTaskMethodBuilder`1.StateMachineBox`1.System.Threading.Tasks.Sources.IValueTaskSource<TResult>.GetResult(Int16 token)
   at System.Net.Http.HttpConnection.SendAsync(HttpRequestMessage request, Boolean async, CancellationToken cancellationToken)
[2026-09-25 07:28:16Z ERR  BrokerServer] #####################################################
[2026-09-25 07:28:16Z ERR  BrokerServer] System.Net.Sockets.SocketException (995): Der E/A-Vorgang wurde wegen eines Threadendes oder einer Anwendungsanforderung abgebrochen.
[2026-09-25 07:28:16Z WARN BrokerServer] Back off 7,087 seconds before next retry. 4 attempt left.
[2026-09-25 07:28:16Z INFO BrokerMessageListener] Get messages has been cancelled using local token source. Continue to get messages with new status.
[2026-09-25 07:34:46Z INFO BrokerMessageListener] Acknowledging runner request 'ed7bb035-b4d0-55ea-a183-4de237a4d4de'.
[2026-09-25 07:34:46Z INFO ConfigurationStore] HasCredentials()
[2026-09-25 07:34:46Z INFO ConfigurationStore] stored True
[2026-09-25 07:34:46Z INFO CredentialManager] GetCredentialProvider
[2026-09-25 07:34:46Z INFO CredentialManager] Creating type OAuth
[2026-09-25 07:34:46Z INFO CredentialManager] Creating credential type: OAuth
[2026-09-25 07:34:46Z INFO RSAEncryptedFileKeyManager] Loading RSA key parameters from file C:\Users\mcrngv0\test-write-api\test-write-api\actions-runner\.credentials_rsaparams
[2026-09-25 07:34:46Z INFO RSAEncryptedFileKeyManager] Loading RSA key parameters from file C:\Users\mcrngv0\test-write-api\test-write-api\actions-runner\.credentials_rsaparams
[2026-09-25 07:34:46Z INFO RSAEncryptedFileKeyManager] Loading RSA key parameters from file C:\Users\mcrngv0\test-write-api\test-write-api\actions-runner\.credentials_rsaparams
[2026-09-25 07:34:47Z INFO GitHubActionsService] AAD Correlation ID for this token request: Unknown
[2026-09-25 07:34:48Z INFO JobDispatcher] Job request 0 for plan ec52339e-9ae5-4bb7-b6fc-dd1f2b834115 job ed7bb035-b4d0-55ea-a183-4de237a4d4de received.
[2026-09-25 07:34:48Z INFO JobDispatcher] Pull OrchestrationId ec52339e-9ae5-4bb7-b6fc-dd1f2b834115.build-and-push.__default from JWT claims
[2026-09-25 07:34:48Z INFO BrokerMessageListener] Received job status event. JobState: Busy
[2026-09-25 07:34:48Z INFO BrokerMessageListener] _getMessagesTokenSource is already disposed.
[2026-09-25 07:34:48Z INFO JobDispatcher] Job request 66b12779-4229-59ef-aff7-c99708714b46 processed succeed.
[2026-09-25 07:34:48Z INFO Terminal] WRITE LINE: 2026-09-25 07:34:48Z: Running job: build-and-push
[2026-09-25 07:34:48Z INFO JobDispatcher] Start renew job request 0 for job ed7bb035-b4d0-55ea-a183-4de237a4d4de.
[2026-09-25 07:34:48Z INFO JobDispatcher] Successfully renew job ed7bb035-b4d0-55ea-a183-4de237a4d4de, job is valid till 25.09.2026 07:44:48
[2026-09-25 07:34:48Z INFO HostContext] Well known directory 'Bin': 'C:\Users\mcrngv0\test-write-api\test-write-api\actions-runner\bin'
[2026-09-25 07:34:48Z INFO ProcessInvokerWrapper] Starting process:
[2026-09-25 07:34:48Z INFO ProcessInvokerWrapper]   File name: 'C:\Users\mcrngv0\test-write-api\test-write-api\actions-runner\bin\Runner.Worker.exe'
[2026-09-25 07:34:48Z INFO ProcessInvokerWrapper]   Arguments: 'spawnclient 1584 2116'
[2026-09-25 07:34:48Z INFO ProcessInvokerWrapper]   Working directory: 'C:\Users\mcrngv0\test-write-api\test-write-api\actions-runner\bin'
[2026-09-25 07:34:48Z INFO ProcessInvokerWrapper]   Require exit code zero: 'False'
[2026-09-25 07:34:48Z INFO ProcessInvokerWrapper]   Encoding web name:  ; code page: ''
[2026-09-25 07:34:48Z INFO ProcessInvokerWrapper]   Force kill process on cancellation: 'True'
[2026-09-25 07:34:48Z INFO ProcessInvokerWrapper]   Redirected STDIN: 'False'
[2026-09-25 07:34:48Z INFO ProcessInvokerWrapper]   Persist current code page: 'False'
[2026-09-25 07:34:48Z INFO ProcessInvokerWrapper]   Keep redirected STDIN open: 'False'
[2026-09-25 07:34:48Z INFO ProcessInvokerWrapper]   High priority process: 'True'
[2026-09-25 07:34:48Z INFO ProcessInvokerWrapper] Process started with process id 19540, waiting for process exit.
[2026-09-25 07:34:48Z INFO JobDispatcher] Send job request message to worker for job ed7bb035-b4d0-55ea-a183-4de237a4d4de.
[2026-09-25 07:34:48Z INFO ProcessChannel] Sending message of length 24666, with hash '58370e3a198f3ebcd597bfd3b98fb9e5fa12d4be106770663c74e910353c2aee'
[2026-09-25 07:34:48Z INFO JobNotification] Entering JobStarted Notification
[2026-09-25 07:34:48Z INFO JobNotification] Entering StartMonitor
[2026-09-25 07:35:48Z INFO JobDispatcher] Successfully renew job ed7bb035-b4d0-55ea-a183-4de237a4d4de, job is valid till 25.09.2026 07:45:48
[2026-09-25 07:35:52Z INFO ProcessInvokerWrapper] STDOUT/STDERR stream read finished.
[2026-09-25 07:35:52Z INFO ProcessInvokerWrapper] STDOUT/STDERR stream read finished.
[2026-09-25 07:35:52Z INFO ProcessInvokerWrapper] Finished process 19540 with exit code 102, and elapsed time 00:01:03.8035583.
[2026-09-25 07:35:52Z INFO JobDispatcher] Worker finished for job ed7bb035-b4d0-55ea-a183-4de237a4d4de. Code: 102
[2026-09-25 07:35:52Z INFO JobDispatcher] finish job request for job ed7bb035-b4d0-55ea-a183-4de237a4d4de with result: Failed
[2026-09-25 07:35:52Z INFO Terminal] WRITE LINE: 2026-09-25 07:35:52Z: Job build-and-push completed with result: Failed
[2026-09-25 07:35:52Z INFO JobDispatcher] Stop renew job request for job ed7bb035-b4d0-55ea-a183-4de237a4d4de.
[2026-09-25 07:35:52Z INFO JobDispatcher] job renew has been cancelled, stop renew job ed7bb035-b4d0-55ea-a183-4de237a4d4de.
[2026-09-25 07:35:52Z INFO JobNotification] Entering JobCompleted Notification
[2026-09-25 07:35:52Z INFO JobNotification] Entering EndMonitor
[2026-09-25 07:35:52Z INFO BrokerMessageListener] Received job status event. JobState: Online
[2026-09-25 07:35:52Z WARN GitHubActionsService] GET request to https://broker.actions.githubusercontent.com/message?sessionId=d824ca3c-9294-4948-a4e4-c0333f685e19&status=Busy&runnerVersion=2.337.0&os=Windows&architecture=X64&disableUpdate=false has been cancelled.
[2026-09-25 07:35:52Z ERR  BrokerServer] Catch exception during request
[2026-09-25 07:35:52Z ERR  BrokerServer] System.Threading.Tasks.TaskCanceledException: The operation was canceled.
 ---> System.Threading.Tasks.TaskCanceledException: The operation was canceled.
 ---> System.IO.IOException: Unable to read data from the transport connection: Der E/A-Vorgang wurde wegen eines Threadendes oder einer Anwendungsanforderung abgebrochen..
 ---> System.Net.Sockets.SocketException (995): Der E/A-Vorgang wurde wegen eines Threadendes oder einer Anwendungsanforderung abgebrochen.
   --- End of inner exception stack trace ---
   at System.Net.Sockets.Socket.AwaitableSocketAsyncEventArgs.System.Threading.Tasks.Sources.IValueTaskSource<System.Int32>.GetResult(Int16 token)
   at System.Net.Security.SslStream.EnsureFullTlsFrameAsync[TIOAdapter](CancellationToken cancellationToken, Int32 estimatedSize)
   at System.Runtime.CompilerServices.PoolingAsyncValueTaskMethodBuilder`1.StateMachineBox`1.System.Threading.Tasks.Sources.IValueTaskSource<TResult>.GetResult(Int16 token)
   at System.Net.Security.SslStream.ReadAsyncInternal[TIOAdapter](Memory`1 buffer, CancellationToken cancellationToken)
   at System.Runtime.CompilerServices.PoolingAsyncValueTaskMethodBuilder`1.StateMachineBox`1.System.Threading.Tasks.Sources.IValueTaskSource<TResult>.GetResult(Int16 token)
   at System.Net.Http.HttpConnection.SendAsync(HttpRequestMessage request, Boolean async, CancellationToken cancellationToken)
   --- End of inner exception stack trace ---
   at System.Net.Http.HttpConnection.SendAsync(HttpRequestMessage request, Boolean async, CancellationToken cancellationToken)
   at System.Net.Http.AuthenticationHelper.SendWithNtAuthAsync(HttpRequestMessage request, Uri authUri, Boolean async, ICredentials credentials, Boolean isProxyAuth, HttpConnection connection, HttpConnectionPool connectionPool, CancellationToken cancellationToken)
   at System.Net.Http.HttpConnectionPool.SendWithVersionDetectionAndRetryAsync(HttpRequestMessage request, Boolean async, Boolean doRequestAuth, CancellationToken cancellationToken)
   at System.Net.Http.AuthenticationHelper.SendWithAuthAsync(HttpRequestMessage request, Uri authUri, Boolean async, ICredentials credentials, Boolean preAuthenticate, Boolean isProxyAuth, Boolean doRequestAuth, HttpConnectionPool pool, CancellationToken cancellationToken)
   at System.Net.Http.RedirectHandler.SendAsync(HttpRequestMessage request, Boolean async, CancellationToken cancellationToken)
   at GitHub.Services.Common.RawHttpMessageHandler.SendAsync(HttpRequestMessage request, CancellationToken cancellationToken)
   at GitHub.Services.Common.VssHttpRetryMessageHandler.SendAsync(HttpRequestMessage request, CancellationToken cancellationToken)
   at System.Net.Http.HttpClient.<SendAsync>g__Core|83_0(HttpRequestMessage request, HttpCompletionOption completionOption, CancellationTokenSource cts, Boolean disposeCts, CancellationTokenSource pendingRequestsCts, CancellationToken originalCancellationToken)
   --- End of inner exception stack trace ---
   at System.Net.Http.HttpClient.HandleFailure(Exception e, Boolean telemetryStarted, HttpResponseMessage response, CancellationTokenSource cts, CancellationToken cancellationToken, CancellationTokenSource pendingRequestsCts)
   at System.Net.Http.HttpClient.<SendAsync>g__Core|83_0(HttpRequestMessage request, HttpCompletionOption completionOption, CancellationTokenSource cts, Boolean disposeCts, CancellationTokenSource pendingRequestsCts, CancellationToken originalCancellationToken)
   at Sdk.WebApi.WebApi.RawHttpClientBase.SendAsync(HttpRequestMessage message, HttpCompletionOption completionOption, Object userState, CancellationToken cancellationToken)
   at Sdk.WebApi.WebApi.RawHttpClientBase.SendAsync[T](HttpRequestMessage message, Boolean readErrorBody, Object userState, CancellationToken cancellationToken)
   at Sdk.WebApi.WebApi.RawHttpClientBase.SendAsync[T](HttpMethod method, IEnumerable`1 additionalHeaders, Uri requestUri, HttpContent content, IEnumerable`1 queryParameters, Boolean readErrorBody, Object userState, CancellationToken cancellationToken)
   at GitHub.Actions.RunService.WebApi.BrokerHttpClient.GetRunnerMessageAsync(Nullable`1 sessionId, String runnerVersion, Nullable`1 status, String os, String architecture, Nullable`1 disableUpdate, CancellationToken cancellationToken)
   at GitHub.Runner.Common.BrokerServer.<>c__DisplayClass7_0.<<GetRunnerMessageAsync>b__0>d.MoveNext()
--- End of stack trace from previous location ---
   at GitHub.Runner.Common.RunnerService.RetryRequest[T](Func`1 func, CancellationToken cancellationToken, Int32 maxAttempts, Func`2 shouldRetry)
[2026-09-25 07:35:52Z ERR  BrokerServer] #####################################################
[2026-09-25 07:35:52Z ERR  BrokerServer] System.Threading.Tasks.TaskCanceledException: The operation was canceled.
 ---> System.IO.IOException: Unable to read data from the transport connection: Der E/A-Vorgang wurde wegen eines Threadendes oder einer Anwendungsanforderung abgebrochen..
 ---> System.Net.Sockets.SocketException (995): Der E/A-Vorgang wurde wegen eines Threadendes oder einer Anwendungsanforderung abgebrochen.
   --- End of inner exception stack trace ---
   at System.Net.Sockets.Socket.AwaitableSocketAsyncEventArgs.System.Threading.Tasks.Sources.IValueTaskSource<System.Int32>.GetResult(Int16 token)
   at System.Net.Security.SslStream.EnsureFullTlsFrameAsync[TIOAdapter](CancellationToken cancellationToken, Int32 estimatedSize)
   at System.Runtime.CompilerServices.PoolingAsyncValueTaskMethodBuilder`1.StateMachineBox`1.System.Threading.Tasks.Sources.IValueTaskSource<TResult>.GetResult(Int16 token)
   at System.Net.Security.SslStream.ReadAsyncInternal[TIOAdapter](Memory`1 buffer, CancellationToken cancellationToken)
   at System.Runtime.CompilerServices.PoolingAsyncValueTaskMethodBuilder`1.StateMachineBox`1.System.Threading.Tasks.Sources.IValueTaskSource<TResult>.GetResult(Int16 token)
   at System.Net.Http.HttpConnection.SendAsync(HttpRequestMessage request, Boolean async, CancellationToken cancellationToken)
   --- End of inner exception stack trace ---
   at System.Net.Http.HttpConnection.SendAsync(HttpRequestMessage request, Boolean async, CancellationToken cancellationToken)
   at System.Net.Http.AuthenticationHelper.SendWithNtAuthAsync(HttpRequestMessage request, Uri authUri, Boolean async, ICredentials credentials, Boolean isProxyAuth, HttpConnection connection, HttpConnectionPool connectionPool, CancellationToken cancellationToken)
   at System.Net.Http.HttpConnectionPool.SendWithVersionDetectionAndRetryAsync(HttpRequestMessage request, Boolean async, Boolean doRequestAuth, CancellationToken cancellationToken)
   at System.Net.Http.AuthenticationHelper.SendWithAuthAsync(HttpRequestMessage request, Uri authUri, Boolean async, ICredentials credentials, Boolean preAuthenticate, Boolean isProxyAuth, Boolean doRequestAuth, HttpConnectionPool pool, CancellationToken cancellationToken)
   at System.Net.Http.RedirectHandler.SendAsync(HttpRequestMessage request, Boolean async, CancellationToken cancellationToken)
   at GitHub.Services.Common.RawHttpMessageHandler.SendAsync(HttpRequestMessage request, CancellationToken cancellationToken)
   at GitHub.Services.Common.VssHttpRetryMessageHandler.SendAsync(HttpRequestMessage request, CancellationToken cancellationToken)
   at System.Net.Http.HttpClient.<SendAsync>g__Core|83_0(HttpRequestMessage request, HttpCompletionOption completionOption, CancellationTokenSource cts, Boolean disposeCts, CancellationTokenSource pendingRequestsCts, CancellationToken originalCancellationToken)
[2026-09-25 07:35:52Z ERR  BrokerServer] #####################################################
[2026-09-25 07:35:52Z ERR  BrokerServer] System.IO.IOException: Unable to read data from the transport connection: Der E/A-Vorgang wurde wegen eines Threadendes oder einer Anwendungsanforderung abgebrochen..
 ---> System.Net.Sockets.SocketException (995): Der E/A-Vorgang wurde wegen eines Threadendes oder einer Anwendungsanforderung abgebrochen.
   --- End of inner exception stack trace ---
   at System.Net.Sockets.Socket.AwaitableSocketAsyncEventArgs.System.Threading.Tasks.Sources.IValueTaskSource<System.Int32>.GetResult(Int16 token)
   at System.Net.Security.SslStream.EnsureFullTlsFrameAsync[TIOAdapter](CancellationToken cancellationToken, Int32 estimatedSize)
   at System.Runtime.CompilerServices.PoolingAsyncValueTaskMethodBuilder`1.StateMachineBox`1.System.Threading.Tasks.Sources.IValueTaskSource<TResult>.GetResult(Int16 token)
   at System.Net.Security.SslStream.ReadAsyncInternal[TIOAdapter](Memory`1 buffer, CancellationToken cancellationToken)
   at System.Runtime.CompilerServices.PoolingAsyncValueTaskMethodBuilder`1.StateMachineBox`1.System.Threading.Tasks.Sources.IValueTaskSource<TResult>.GetResult(Int16 token)
   at System.Net.Http.HttpConnection.SendAsync(HttpRequestMessage request, Boolean async, CancellationToken cancellationToken)
[2026-09-25 07:35:52Z ERR  BrokerServer] #####################################################
[2026-09-25 07:35:52Z ERR  BrokerServer] System.Net.Sockets.SocketException (995): Der E/A-Vorgang wurde wegen eines Threadendes oder einer Anwendungsanforderung abgebrochen.
[2026-09-25 07:35:52Z WARN BrokerServer] Back off 6,854 seconds before next retry. 4 attempt left.
[2026-09-25 07:35:52Z INFO BrokerMessageListener] Get messages has been cancelled using local token source. Continue to get messages with new status.
[2026-09-25 07:37:43Z INFO BrokerMessageListener] Acknowledging runner request '9080a62d-b981-57a9-890b-54def9fa48a0'.
[2026-09-25 07:37:43Z INFO ConfigurationStore] HasCredentials()
[2026-09-25 07:37:43Z INFO ConfigurationStore] stored True
[2026-09-25 07:37:43Z INFO CredentialManager] GetCredentialProvider
[2026-09-25 07:37:43Z INFO CredentialManager] Creating type OAuth
[2026-09-25 07:37:43Z INFO CredentialManager] Creating credential type: OAuth
[2026-09-25 07:37:43Z INFO RSAEncryptedFileKeyManager] Loading RSA key parameters from file C:\Users\mcrngv0\test-write-api\test-write-api\actions-runner\.credentials_rsaparams
[2026-09-25 07:37:43Z INFO RSAEncryptedFileKeyManager] Loading RSA key parameters from file C:\Users\mcrngv0\test-write-api\test-write-api\actions-runner\.credentials_rsaparams
[2026-09-25 07:37:43Z INFO RSAEncryptedFileKeyManager] Loading RSA key parameters from file C:\Users\mcrngv0\test-write-api\test-write-api\actions-runner\.credentials_rsaparams
[2026-09-25 07:37:44Z INFO GitHubActionsService] AAD Correlation ID for this token request: Unknown
[2026-09-25 07:37:45Z INFO JobDispatcher] Job request 0 for plan 2033e7e8-fc4e-4e51-8462-01a0a7ea7e8c job 9080a62d-b981-57a9-890b-54def9fa48a0 received.
[2026-09-25 07:37:45Z INFO JobDispatcher] Pull OrchestrationId 2033e7e8-fc4e-4e51-8462-01a0a7ea7e8c.build-and-push.__default from JWT claims
[2026-09-25 07:37:45Z INFO BrokerMessageListener] Received job status event. JobState: Busy
[2026-09-25 07:37:45Z INFO BrokerMessageListener] _getMessagesTokenSource is already disposed.
[2026-09-25 07:37:45Z INFO JobDispatcher] Job request ed7bb035-b4d0-55ea-a183-4de237a4d4de processed succeed.
[2026-09-25 07:37:45Z INFO Terminal] WRITE LINE: 2026-09-25 07:37:45Z: Running job: build-and-push
[2026-09-25 07:37:45Z INFO JobDispatcher] Start renew job request 0 for job 9080a62d-b981-57a9-890b-54def9fa48a0.
[2026-09-25 07:37:45Z INFO JobDispatcher] Successfully renew job 9080a62d-b981-57a9-890b-54def9fa48a0, job is valid till 25.09.2026 07:47:45
[2026-09-25 07:37:45Z INFO HostContext] Well known directory 'Bin': 'C:\Users\mcrngv0\test-write-api\test-write-api\actions-runner\bin'
[2026-09-25 07:37:45Z INFO ProcessInvokerWrapper] Starting process:
[2026-09-25 07:37:45Z INFO ProcessInvokerWrapper]   File name: 'C:\Users\mcrngv0\test-write-api\test-write-api\actions-runner\bin\Runner.Worker.exe'
[2026-09-25 07:37:45Z INFO ProcessInvokerWrapper]   Arguments: 'spawnclient 1284 2064'
[2026-09-25 07:37:45Z INFO ProcessInvokerWrapper]   Working directory: 'C:\Users\mcrngv0\test-write-api\test-write-api\actions-runner\bin'
[2026-09-25 07:37:45Z INFO ProcessInvokerWrapper]   Require exit code zero: 'False'
[2026-09-25 07:37:45Z INFO ProcessInvokerWrapper]   Encoding web name:  ; code page: ''
[2026-09-25 07:37:45Z INFO ProcessInvokerWrapper]   Force kill process on cancellation: 'True'
[2026-09-25 07:37:45Z INFO ProcessInvokerWrapper]   Redirected STDIN: 'False'
[2026-09-25 07:37:45Z INFO ProcessInvokerWrapper]   Persist current code page: 'False'
[2026-09-25 07:37:45Z INFO ProcessInvokerWrapper]   Keep redirected STDIN open: 'False'
[2026-09-25 07:37:45Z INFO ProcessInvokerWrapper]   High priority process: 'True'
[2026-09-25 07:37:45Z INFO ProcessInvokerWrapper] Process started with process id 10004, waiting for process exit.
[2026-09-25 07:37:45Z INFO JobDispatcher] Send job request message to worker for job 9080a62d-b981-57a9-890b-54def9fa48a0.
[2026-09-25 07:37:45Z INFO ProcessChannel] Sending message of length 24671, with hash '4a7331ea2c001c92c5a26747b59e6f760a8595c95108d5eb42625bd71a6c2cc1'
[2026-09-25 07:37:46Z INFO JobNotification] Entering JobStarted Notification
[2026-09-25 07:37:46Z INFO JobNotification] Entering StartMonitor
[2026-09-25 07:38:45Z INFO JobDispatcher] Successfully renew job 9080a62d-b981-57a9-890b-54def9fa48a0, job is valid till 25.09.2026 07:48:45
[2026-09-25 07:38:51Z INFO ProcessInvokerWrapper] STDOUT/STDERR stream read finished.
[2026-09-25 07:38:51Z INFO ProcessInvokerWrapper] STDOUT/STDERR stream read finished.
[2026-09-25 07:38:51Z INFO ProcessInvokerWrapper] Finished process 10004 with exit code 102, and elapsed time 00:01:06.3338371.
[2026-09-25 07:38:51Z INFO JobDispatcher] Worker finished for job 9080a62d-b981-57a9-890b-54def9fa48a0. Code: 102
[2026-09-25 07:38:51Z INFO JobDispatcher] finish job request for job 9080a62d-b981-57a9-890b-54def9fa48a0 with result: Failed
[2026-09-25 07:38:51Z INFO Terminal] WRITE LINE: 2026-09-25 07:38:51Z: Job build-and-push completed with result: Failed
[2026-09-25 07:38:51Z INFO JobDispatcher] Stop renew job request for job 9080a62d-b981-57a9-890b-54def9fa48a0.
[2026-09-25 07:38:51Z INFO JobDispatcher] job renew has been cancelled, stop renew job 9080a62d-b981-57a9-890b-54def9fa48a0.
[2026-09-25 07:38:51Z INFO JobNotification] Entering JobCompleted Notification
[2026-09-25 07:38:51Z INFO JobNotification] Entering EndMonitor
[2026-09-25 07:38:51Z INFO BrokerMessageListener] Received job status event. JobState: Online
[2026-09-25 07:38:51Z WARN GitHubActionsService] GET request to https://broker.actions.githubusercontent.com/message?sessionId=d824ca3c-9294-4948-a4e4-c0333f685e19&status=Busy&runnerVersion=2.337.0&os=Windows&architecture=X64&disableUpdate=false has been cancelled.
[2026-09-25 07:38:51Z ERR  BrokerServer] Catch exception during request
[2026-09-25 07:38:51Z ERR  BrokerServer] System.Threading.Tasks.TaskCanceledException: The operation was canceled.
 ---> System.Threading.Tasks.TaskCanceledException: The operation was canceled.
 ---> System.IO.IOException: Unable to read data from the transport connection: Der E/A-Vorgang wurde wegen eines Threadendes oder einer Anwendungsanforderung abgebrochen..
 ---> System.Net.Sockets.SocketException (995): Der E/A-Vorgang wurde wegen eines Threadendes oder einer Anwendungsanforderung abgebrochen.
   --- End of inner exception stack trace ---
   at System.Net.Sockets.Socket.AwaitableSocketAsyncEventArgs.System.Threading.Tasks.Sources.IValueTaskSource<System.Int32>.GetResult(Int16 token)
   at System.Net.Security.SslStream.EnsureFullTlsFrameAsync[TIOAdapter](CancellationToken cancellationToken, Int32 estimatedSize)
   at System.Runtime.CompilerServices.PoolingAsyncValueTaskMethodBuilder`1.StateMachineBox`1.System.Threading.Tasks.Sources.IValueTaskSource<TResult>.GetResult(Int16 token)
   at System.Net.Security.SslStream.ReadAsyncInternal[TIOAdapter](Memory`1 buffer, CancellationToken cancellationToken)
   at System.Runtime.CompilerServices.PoolingAsyncValueTaskMethodBuilder`1.StateMachineBox`1.System.Threading.Tasks.Sources.IValueTaskSource<TResult>.GetResult(Int16 token)
   at System.Net.Http.HttpConnection.SendAsync(HttpRequestMessage request, Boolean async, CancellationToken cancellationToken)
   --- End of inner exception stack trace ---
   at System.Net.Http.HttpConnection.SendAsync(HttpRequestMessage request, Boolean async, CancellationToken cancellationToken)
   at System.Net.Http.AuthenticationHelper.SendWithNtAuthAsync(HttpRequestMessage request, Uri authUri, Boolean async, ICredentials credentials, Boolean isProxyAuth, HttpConnection connection, HttpConnectionPool connectionPool, CancellationToken cancellationToken)
   at System.Net.Http.HttpConnectionPool.SendWithVersionDetectionAndRetryAsync(HttpRequestMessage request, Boolean async, Boolean doRequestAuth, CancellationToken cancellationToken)
   at System.Net.Http.AuthenticationHelper.SendWithAuthAsync(HttpRequestMessage request, Uri authUri, Boolean async, ICredentials credentials, Boolean preAuthenticate, Boolean isProxyAuth, Boolean doRequestAuth, HttpConnectionPool pool, CancellationToken cancellationToken)
   at System.Net.Http.RedirectHandler.SendAsync(HttpRequestMessage request, Boolean async, CancellationToken cancellationToken)
   at GitHub.Services.Common.RawHttpMessageHandler.SendAsync(HttpRequestMessage request, CancellationToken cancellationToken)
   at GitHub.Services.Common.VssHttpRetryMessageHandler.SendAsync(HttpRequestMessage request, CancellationToken cancellationToken)
   at System.Net.Http.HttpClient.<SendAsync>g__Core|83_0(HttpRequestMessage request, HttpCompletionOption completionOption, CancellationTokenSource cts, Boolean disposeCts, CancellationTokenSource pendingRequestsCts, CancellationToken originalCancellationToken)
   --- End of inner exception stack trace ---
   at System.Net.Http.HttpClient.HandleFailure(Exception e, Boolean telemetryStarted, HttpResponseMessage response, CancellationTokenSource cts, CancellationToken cancellationToken, CancellationTokenSource pendingRequestsCts)
   at System.Net.Http.HttpClient.<SendAsync>g__Core|83_0(HttpRequestMessage request, HttpCompletionOption completionOption, CancellationTokenSource cts, Boolean disposeCts, CancellationTokenSource pendingRequestsCts, CancellationToken originalCancellationToken)
   at Sdk.WebApi.WebApi.RawHttpClientBase.SendAsync(HttpRequestMessage message, HttpCompletionOption completionOption, Object userState, CancellationToken cancellationToken)
   at Sdk.WebApi.WebApi.RawHttpClientBase.SendAsync[T](HttpRequestMessage message, Boolean readErrorBody, Object userState, CancellationToken cancellationToken)
   at Sdk.WebApi.WebApi.RawHttpClientBase.SendAsync[T](HttpMethod method, IEnumerable`1 additionalHeaders, Uri requestUri, HttpContent content, IEnumerable`1 queryParameters, Boolean readErrorBody, Object userState, CancellationToken cancellationToken)
   at GitHub.Actions.RunService.WebApi.BrokerHttpClient.GetRunnerMessageAsync(Nullable`1 sessionId, String runnerVersion, Nullable`1 status, String os, String architecture, Nullable`1 disableUpdate, CancellationToken cancellationToken)
   at GitHub.Runner.Common.BrokerServer.<>c__DisplayClass7_0.<<GetRunnerMessageAsync>b__0>d.MoveNext()
--- End of stack trace from previous location ---
   at GitHub.Runner.Common.RunnerService.RetryRequest[T](Func`1 func, CancellationToken cancellationToken, Int32 maxAttempts, Func`2 shouldRetry)
[2026-09-25 07:38:51Z ERR  BrokerServer] #####################################################
[2026-09-25 07:38:51Z ERR  BrokerServer] System.Threading.Tasks.TaskCanceledException: The operation was canceled.
 ---> System.IO.IOException: Unable to read data from the transport connection: Der E/A-Vorgang wurde wegen eines Threadendes oder einer Anwendungsanforderung abgebrochen..
 ---> System.Net.Sockets.SocketException (995): Der E/A-Vorgang wurde wegen eines Threadendes oder einer Anwendungsanforderung abgebrochen.
   --- End of inner exception stack trace ---
   at System.Net.Sockets.Socket.AwaitableSocketAsyncEventArgs.System.Threading.Tasks.Sources.IValueTaskSource<System.Int32>.GetResult(Int16 token)
   at System.Net.Security.SslStream.EnsureFullTlsFrameAsync[TIOAdapter](CancellationToken cancellationToken, Int32 estimatedSize)
   at System.Runtime.CompilerServices.PoolingAsyncValueTaskMethodBuilder`1.StateMachineBox`1.System.Threading.Tasks.Sources.IValueTaskSource<TResult>.GetResult(Int16 token)
   at System.Net.Security.SslStream.ReadAsyncInternal[TIOAdapter](Memory`1 buffer, CancellationToken cancellationToken)
   at System.Runtime.CompilerServices.PoolingAsyncValueTaskMethodBuilder`1.StateMachineBox`1.System.Threading.Tasks.Sources.IValueTaskSource<TResult>.GetResult(Int16 token)
   at System.Net.Http.HttpConnection.SendAsync(HttpRequestMessage request, Boolean async, CancellationToken cancellationToken)
   --- End of inner exception stack trace ---
   at System.Net.Http.HttpConnection.SendAsync(HttpRequestMessage request, Boolean async, CancellationToken cancellationToken)
   at System.Net.Http.AuthenticationHelper.SendWithNtAuthAsync(HttpRequestMessage request, Uri authUri, Boolean async, ICredentials credentials, Boolean isProxyAuth, HttpConnection connection, HttpConnectionPool connectionPool, CancellationToken cancellationToken)
   at System.Net.Http.HttpConnectionPool.SendWithVersionDetectionAndRetryAsync(HttpRequestMessage request, Boolean async, Boolean doRequestAuth, CancellationToken cancellationToken)
   at System.Net.Http.AuthenticationHelper.SendWithAuthAsync(HttpRequestMessage request, Uri authUri, Boolean async, ICredentials credentials, Boolean preAuthenticate, Boolean isProxyAuth, Boolean doRequestAuth, HttpConnectionPool pool, CancellationToken cancellationToken)
   at System.Net.Http.RedirectHandler.SendAsync(HttpRequestMessage request, Boolean async, CancellationToken cancellationToken)
   at GitHub.Services.Common.RawHttpMessageHandler.SendAsync(HttpRequestMessage request, CancellationToken cancellationToken)
   at GitHub.Services.Common.VssHttpRetryMessageHandler.SendAsync(HttpRequestMessage request, CancellationToken cancellationToken)
   at System.Net.Http.HttpClient.<SendAsync>g__Core|83_0(HttpRequestMessage request, HttpCompletionOption completionOption, CancellationTokenSource cts, Boolean disposeCts, CancellationTokenSource pendingRequestsCts, CancellationToken originalCancellationToken)
[2026-09-25 07:38:51Z ERR  BrokerServer] #####################################################
[2026-09-25 07:38:51Z ERR  BrokerServer] System.IO.IOException: Unable to read data from the transport connection: Der E/A-Vorgang wurde wegen eines Threadendes oder einer Anwendungsanforderung abgebrochen..
 ---> System.Net.Sockets.SocketException (995): Der E/A-Vorgang wurde wegen eines Threadendes oder einer Anwendungsanforderung abgebrochen.
   --- End of inner exception stack trace ---
   at System.Net.Sockets.Socket.AwaitableSocketAsyncEventArgs.System.Threading.Tasks.Sources.IValueTaskSource<System.Int32>.GetResult(Int16 token)
   at System.Net.Security.SslStream.EnsureFullTlsFrameAsync[TIOAdapter](CancellationToken cancellationToken, Int32 estimatedSize)
   at System.Runtime.CompilerServices.PoolingAsyncValueTaskMethodBuilder`1.StateMachineBox`1.System.Threading.Tasks.Sources.IValueTaskSource<TResult>.GetResult(Int16 token)
   at System.Net.Security.SslStream.ReadAsyncInternal[TIOAdapter](Memory`1 buffer, CancellationToken cancellationToken)
   at System.Runtime.CompilerServices.PoolingAsyncValueTaskMethodBuilder`1.StateMachineBox`1.System.Threading.Tasks.Sources.IValueTaskSource<TResult>.GetResult(Int16 token)
   at System.Net.Http.HttpConnection.SendAsync(HttpRequestMessage request, Boolean async, CancellationToken cancellationToken)
[2026-09-25 07:38:51Z ERR  BrokerServer] #####################################################
[2026-09-25 07:38:51Z ERR  BrokerServer] System.Net.Sockets.SocketException (995): Der E/A-Vorgang wurde wegen eines Threadendes oder einer Anwendungsanforderung abgebrochen.
[2026-09-25 07:38:51Z WARN BrokerServer] Back off 7,289 seconds before next retry. 4 attempt left.
[2026-09-25 07:38:51Z INFO BrokerMessageListener] Get messages has been cancelled using local token source. Continue to get messages with new status.
[2026-09-25 07:39:44Z INFO BrokerMessageListener] Acknowledging runner request '812d79fe-39fa-58ff-af2f-cb873bb6e2a0'.
[2026-09-25 07:39:44Z INFO ConfigurationStore] HasCredentials()
[2026-09-25 07:39:44Z INFO ConfigurationStore] stored True
[2026-09-25 07:39:44Z INFO CredentialManager] GetCredentialProvider
[2026-09-25 07:39:44Z INFO CredentialManager] Creating type OAuth
[2026-09-25 07:39:44Z INFO CredentialManager] Creating credential type: OAuth
[2026-09-25 07:39:44Z INFO RSAEncryptedFileKeyManager] Loading RSA key parameters from file C:\Users\mcrngv0\test-write-api\test-write-api\actions-runner\.credentials_rsaparams
[2026-09-25 07:39:44Z INFO RSAEncryptedFileKeyManager] Loading RSA key parameters from file C:\Users\mcrngv0\test-write-api\test-write-api\actions-runner\.credentials_rsaparams
[2026-09-25 07:39:44Z INFO RSAEncryptedFileKeyManager] Loading RSA key parameters from file C:\Users\mcrngv0\test-write-api\test-write-api\actions-runner\.credentials_rsaparams
[2026-09-25 07:39:45Z INFO GitHubActionsService] AAD Correlation ID for this token request: Unknown
[2026-09-25 07:39:46Z INFO JobDispatcher] Job request 0 for plan e0583f55-4d00-46ba-80c4-2990e9b13e6a job 812d79fe-39fa-58ff-af2f-cb873bb6e2a0 received.
[2026-09-25 07:39:46Z INFO JobDispatcher] Pull OrchestrationId e0583f55-4d00-46ba-80c4-2990e9b13e6a.build-and-push.__default from JWT claims
[2026-09-25 07:39:46Z INFO BrokerMessageListener] Received job status event. JobState: Busy
[2026-09-25 07:39:46Z INFO BrokerMessageListener] _getMessagesTokenSource is already disposed.
[2026-09-25 07:39:46Z INFO JobDispatcher] Job request 9080a62d-b981-57a9-890b-54def9fa48a0 processed succeed.
[2026-09-25 07:39:46Z INFO Terminal] WRITE LINE: 2026-09-25 07:39:46Z: Running job: build-and-push
[2026-09-25 07:39:46Z INFO JobDispatcher] Start renew job request 0 for job 812d79fe-39fa-58ff-af2f-cb873bb6e2a0.
[2026-09-25 07:39:46Z INFO JobDispatcher] Successfully renew job 812d79fe-39fa-58ff-af2f-cb873bb6e2a0, job is valid till 25.09.2026 07:49:46
[2026-09-25 07:39:46Z INFO HostContext] Well known directory 'Bin': 'C:\Users\mcrngv0\test-write-api\test-write-api\actions-runner\bin'
[2026-09-25 07:39:46Z INFO ProcessInvokerWrapper] Starting process:
[2026-09-25 07:39:46Z INFO ProcessInvokerWrapper]   File name: 'C:\Users\mcrngv0\test-write-api\test-write-api\actions-runner\bin\Runner.Worker.exe'
[2026-09-25 07:39:46Z INFO ProcessInvokerWrapper]   Arguments: 'spawnclient 2304 2356'
[2026-09-25 07:39:46Z INFO ProcessInvokerWrapper]   Working directory: 'C:\Users\mcrngv0\test-write-api\test-write-api\actions-runner\bin'
[2026-09-25 07:39:46Z INFO ProcessInvokerWrapper]   Require exit code zero: 'False'
[2026-09-25 07:39:46Z INFO ProcessInvokerWrapper]   Encoding web name:  ; code page: ''
[2026-09-25 07:39:46Z INFO ProcessInvokerWrapper]   Force kill process on cancellation: 'True'
[2026-09-25 07:39:46Z INFO ProcessInvokerWrapper]   Redirected STDIN: 'False'
[2026-09-25 07:39:46Z INFO ProcessInvokerWrapper]   Persist current code page: 'False'
[2026-09-25 07:39:46Z INFO ProcessInvokerWrapper]   Keep redirected STDIN open: 'False'
[2026-09-25 07:39:46Z INFO ProcessInvokerWrapper]   High priority process: 'True'
[2026-09-25 07:39:46Z INFO ProcessInvokerWrapper] Process started with process id 15120, waiting for process exit.
[2026-09-25 07:39:46Z INFO JobDispatcher] Send job request message to worker for job 812d79fe-39fa-58ff-af2f-cb873bb6e2a0.
[2026-09-25 07:39:46Z INFO ProcessChannel] Sending message of length 24666, with hash '3cc1d88f75712e0b7ae8aef048848847475a33240f61cb68c65674fdbd87fab8'
[2026-09-25 07:39:47Z INFO JobNotification] Entering JobStarted Notification
[2026-09-25 07:39:47Z INFO JobNotification] Entering StartMonitor
[2026-09-25 07:40:46Z INFO ProcessInvokerWrapper] STDOUT/STDERR stream read finished.
[2026-09-25 07:40:46Z INFO ProcessInvokerWrapper] STDOUT/STDERR stream read finished.
[2026-09-25 07:40:46Z INFO JobDispatcher] Successfully renew job 812d79fe-39fa-58ff-af2f-cb873bb6e2a0, job is valid till 25.09.2026 07:50:46
[2026-09-25 07:40:46Z INFO ProcessInvokerWrapper] Finished process 15120 with exit code 102, and elapsed time 00:01:00.3292557.
[2026-09-25 07:40:46Z INFO JobDispatcher] Worker finished for job 812d79fe-39fa-58ff-af2f-cb873bb6e2a0. Code: 102
[2026-09-25 07:40:46Z INFO JobDispatcher] finish job request for job 812d79fe-39fa-58ff-af2f-cb873bb6e2a0 with result: Failed
[2026-09-25 07:40:46Z INFO Terminal] WRITE LINE: 2026-09-25 07:40:46Z: Job build-and-push completed with result: Failed
[2026-09-25 07:40:46Z INFO JobDispatcher] Stop renew job request for job 812d79fe-39fa-58ff-af2f-cb873bb6e2a0.
[2026-09-25 07:40:46Z INFO JobDispatcher] job renew has been cancelled, stop renew job 812d79fe-39fa-58ff-af2f-cb873bb6e2a0.
[2026-09-25 07:40:46Z INFO JobNotification] Entering JobCompleted Notification
[2026-09-25 07:40:46Z INFO JobNotification] Entering EndMonitor
[2026-09-25 07:40:46Z INFO BrokerMessageListener] Received job status event. JobState: Online
[2026-09-25 07:40:46Z WARN GitHubActionsService] GET request to https://broker.actions.githubusercontent.com/message?sessionId=d824ca3c-9294-4948-a4e4-c0333f685e19&status=Busy&runnerVersion=2.337.0&os=Windows&architecture=X64&disableUpdate=false has been cancelled.
[2026-09-25 07:40:46Z ERR  BrokerServer] Catch exception during request
[2026-09-25 07:40:46Z ERR  BrokerServer] System.Threading.Tasks.TaskCanceledException: The operation was canceled.
 ---> System.Threading.Tasks.TaskCanceledException: The operation was canceled.
 ---> System.IO.IOException: Unable to read data from the transport connection: Der E/A-Vorgang wurde wegen eines Threadendes oder einer Anwendungsanforderung abgebrochen..
 ---> System.Net.Sockets.SocketException (995): Der E/A-Vorgang wurde wegen eines Threadendes oder einer Anwendungsanforderung abgebrochen.
   --- End of inner exception stack trace ---
   at System.Net.Sockets.Socket.AwaitableSocketAsyncEventArgs.System.Threading.Tasks.Sources.IValueTaskSource<System.Int32>.GetResult(Int16 token)
   at System.Net.Security.SslStream.EnsureFullTlsFrameAsync[TIOAdapter](CancellationToken cancellationToken, Int32 estimatedSize)
   at System.Runtime.CompilerServices.PoolingAsyncValueTaskMethodBuilder`1.StateMachineBox`1.System.Threading.Tasks.Sources.IValueTaskSource<TResult>.GetResult(Int16 token)
   at System.Net.Security.SslStream.ReadAsyncInternal[TIOAdapter](Memory`1 buffer, CancellationToken cancellationToken)
   at System.Runtime.CompilerServices.PoolingAsyncValueTaskMethodBuilder`1.StateMachineBox`1.System.Threading.Tasks.Sources.IValueTaskSource<TResult>.GetResult(Int16 token)
   at System.Net.Http.HttpConnection.SendAsync(HttpRequestMessage request, Boolean async, CancellationToken cancellationToken)
   --- End of inner exception stack trace ---
   at System.Net.Http.HttpConnection.SendAsync(HttpRequestMessage request, Boolean async, CancellationToken cancellationToken)
   at System.Net.Http.AuthenticationHelper.SendWithNtAuthAsync(HttpRequestMessage request, Uri authUri, Boolean async, ICredentials credentials, Boolean isProxyAuth, HttpConnection connection, HttpConnectionPool connectionPool, CancellationToken cancellationToken)
   at System.Net.Http.HttpConnectionPool.SendWithVersionDetectionAndRetryAsync(HttpRequestMessage request, Boolean async, Boolean doRequestAuth, CancellationToken cancellationToken)
   at System.Net.Http.AuthenticationHelper.SendWithAuthAsync(HttpRequestMessage request, Uri authUri, Boolean async, ICredentials credentials, Boolean preAuthenticate, Boolean isProxyAuth, Boolean doRequestAuth, HttpConnectionPool pool, CancellationToken cancellationToken)
   at System.Net.Http.RedirectHandler.SendAsync(HttpRequestMessage request, Boolean async, CancellationToken cancellationToken)
   at GitHub.Services.Common.RawHttpMessageHandler.SendAsync(HttpRequestMessage request, CancellationToken cancellationToken)
   at GitHub.Services.Common.VssHttpRetryMessageHandler.SendAsync(HttpRequestMessage request, CancellationToken cancellationToken)
   at System.Net.Http.HttpClient.<SendAsync>g__Core|83_0(HttpRequestMessage request, HttpCompletionOption completionOption, CancellationTokenSource cts, Boolean disposeCts, CancellationTokenSource pendingRequestsCts, CancellationToken originalCancellationToken)
   --- End of inner exception stack trace ---
   at System.Net.Http.HttpClient.HandleFailure(Exception e, Boolean telemetryStarted, HttpResponseMessage response, CancellationTokenSource cts, CancellationToken cancellationToken, CancellationTokenSource pendingRequestsCts)
   at System.Net.Http.HttpClient.<SendAsync>g__Core|83_0(HttpRequestMessage request, HttpCompletionOption completionOption, CancellationTokenSource cts, Boolean disposeCts, CancellationTokenSource pendingRequestsCts, CancellationToken originalCancellationToken)
   at Sdk.WebApi.WebApi.RawHttpClientBase.SendAsync(HttpRequestMessage message, HttpCompletionOption completionOption, Object userState, CancellationToken cancellationToken)
   at Sdk.WebApi.WebApi.RawHttpClientBase.SendAsync[T](HttpRequestMessage message, Boolean readErrorBody, Object userState, CancellationToken cancellationToken)
   at Sdk.WebApi.WebApi.RawHttpClientBase.SendAsync[T](HttpMethod method, IEnumerable`1 additionalHeaders, Uri requestUri, HttpContent content, IEnumerable`1 queryParameters, Boolean readErrorBody, Object userState, CancellationToken cancellationToken)
   at GitHub.Actions.RunService.WebApi.BrokerHttpClient.GetRunnerMessageAsync(Nullable`1 sessionId, String runnerVersion, Nullable`1 status, String os, String architecture, Nullable`1 disableUpdate, CancellationToken cancellationToken)
   at GitHub.Runner.Common.BrokerServer.<>c__DisplayClass7_0.<<GetRunnerMessageAsync>b__0>d.MoveNext()
--- End of stack trace from previous location ---
   at GitHub.Runner.Common.RunnerService.RetryRequest[T](Func`1 func, CancellationToken cancellationToken, Int32 maxAttempts, Func`2 shouldRetry)
[2026-09-25 07:40:46Z ERR  BrokerServer] #####################################################
[2026-09-25 07:40:46Z ERR  BrokerServer] System.Threading.Tasks.TaskCanceledException: The operation was canceled.
 ---> System.IO.IOException: Unable to read data from the transport connection: Der E/A-Vorgang wurde wegen eines Threadendes oder einer Anwendungsanforderung abgebrochen..
 ---> System.Net.Sockets.SocketException (995): Der E/A-Vorgang wurde wegen eines Threadendes oder einer Anwendungsanforderung abgebrochen.
   --- End of inner exception stack trace ---
   at System.Net.Sockets.Socket.AwaitableSocketAsyncEventArgs.System.Threading.Tasks.Sources.IValueTaskSource<System.Int32>.GetResult(Int16 token)
   at System.Net.Security.SslStream.EnsureFullTlsFrameAsync[TIOAdapter](CancellationToken cancellationToken, Int32 estimatedSize)
   at System.Runtime.CompilerServices.PoolingAsyncValueTaskMethodBuilder`1.StateMachineBox`1.System.Threading.Tasks.Sources.IValueTaskSource<TResult>.GetResult(Int16 token)
   at System.Net.Security.SslStream.ReadAsyncInternal[TIOAdapter](Memory`1 buffer, CancellationToken cancellationToken)
   at System.Runtime.CompilerServices.PoolingAsyncValueTaskMethodBuilder`1.StateMachineBox`1.System.Threading.Tasks.Sources.IValueTaskSource<TResult>.GetResult(Int16 token)
   at System.Net.Http.HttpConnection.SendAsync(HttpRequestMessage request, Boolean async, CancellationToken cancellationToken)
   --- End of inner exception stack trace ---
   at System.Net.Http.HttpConnection.SendAsync(HttpRequestMessage request, Boolean async, CancellationToken cancellationToken)
   at System.Net.Http.AuthenticationHelper.SendWithNtAuthAsync(HttpRequestMessage request, Uri authUri, Boolean async, ICredentials credentials, Boolean isProxyAuth, HttpConnection connection, HttpConnectionPool connectionPool, CancellationToken cancellationToken)
   at System.Net.Http.HttpConnectionPool.SendWithVersionDetectionAndRetryAsync(HttpRequestMessage request, Boolean async, Boolean doRequestAuth, CancellationToken cancellationToken)
   at System.Net.Http.AuthenticationHelper.SendWithAuthAsync(HttpRequestMessage request, Uri authUri, Boolean async, ICredentials credentials, Boolean preAuthenticate, Boolean isProxyAuth, Boolean doRequestAuth, HttpConnectionPool pool, CancellationToken cancellationToken)
   at System.Net.Http.RedirectHandler.SendAsync(HttpRequestMessage request, Boolean async, CancellationToken cancellationToken)
   at GitHub.Services.Common.RawHttpMessageHandler.SendAsync(HttpRequestMessage request, CancellationToken cancellationToken)
   at GitHub.Services.Common.VssHttpRetryMessageHandler.SendAsync(HttpRequestMessage request, CancellationToken cancellationToken)
   at System.Net.Http.HttpClient.<SendAsync>g__Core|83_0(HttpRequestMessage request, HttpCompletionOption completionOption, CancellationTokenSource cts, Boolean disposeCts, CancellationTokenSource pendingRequestsCts, CancellationToken originalCancellationToken)
[2026-09-25 07:40:46Z ERR  BrokerServer] #####################################################
[2026-09-25 07:40:46Z ERR  BrokerServer] System.IO.IOException: Unable to read data from the transport connection: Der E/A-Vorgang wurde wegen eines Threadendes oder einer Anwendungsanforderung abgebrochen..
 ---> System.Net.Sockets.SocketException (995): Der E/A-Vorgang wurde wegen eines Threadendes oder einer Anwendungsanforderung abgebrochen.
   --- End of inner exception stack trace ---
   at System.Net.Sockets.Socket.AwaitableSocketAsyncEventArgs.System.Threading.Tasks.Sources.IValueTaskSource<System.Int32>.GetResult(Int16 token)
   at System.Net.Security.SslStream.EnsureFullTlsFrameAsync[TIOAdapter](CancellationToken cancellationToken, Int32 estimatedSize)
   at System.Runtime.CompilerServices.PoolingAsyncValueTaskMethodBuilder`1.StateMachineBox`1.System.Threading.Tasks.Sources.IValueTaskSource<TResult>.GetResult(Int16 token)
   at System.Net.Security.SslStream.ReadAsyncInternal[TIOAdapter](Memory`1 buffer, CancellationToken cancellationToken)
   at System.Runtime.CompilerServices.PoolingAsyncValueTaskMethodBuilder`1.StateMachineBox`1.System.Threading.Tasks.Sources.IValueTaskSource<TResult>.GetResult(Int16 token)
   at System.Net.Http.HttpConnection.SendAsync(HttpRequestMessage request, Boolean async, CancellationToken cancellationToken)
[2026-09-25 07:40:46Z ERR  BrokerServer] #####################################################
[2026-09-25 07:40:46Z ERR  BrokerServer] System.Net.Sockets.SocketException (995): Der E/A-Vorgang wurde wegen eines Threadendes oder einer Anwendungsanforderung abgebrochen.
[2026-09-25 07:40:46Z WARN BrokerServer] Back off 10,503 seconds before next retry. 4 attempt left.
[2026-09-25 07:40:46Z INFO BrokerMessageListener] Get messages has been cancelled using local token source. Continue to get messages with new status.
[2026-09-25 07:42:36Z INFO BrokerMessageListener] Acknowledging runner request '6ec19ad7-a2ad-5da9-8939-75bd26c5527d'.
[2026-09-25 07:42:36Z INFO ConfigurationStore] HasCredentials()
[2026-09-25 07:42:36Z INFO ConfigurationStore] stored True
[2026-09-25 07:42:36Z INFO CredentialManager] GetCredentialProvider
[2026-09-25 07:42:36Z INFO CredentialManager] Creating type OAuth
[2026-09-25 07:42:36Z INFO CredentialManager] Creating credential type: OAuth
[2026-09-25 07:42:36Z INFO RSAEncryptedFileKeyManager] Loading RSA key parameters from file C:\Users\mcrngv0\test-write-api\test-write-api\actions-runner\.credentials_rsaparams
[2026-09-25 07:42:36Z INFO RSAEncryptedFileKeyManager] Loading RSA key parameters from file C:\Users\mcrngv0\test-write-api\test-write-api\actions-runner\.credentials_rsaparams
[2026-09-25 07:42:36Z INFO RSAEncryptedFileKeyManager] Loading RSA key parameters from file C:\Users\mcrngv0\test-write-api\test-write-api\actions-runner\.credentials_rsaparams
[2026-09-25 07:42:36Z INFO GitHubActionsService] AAD Correlation ID for this token request: Unknown
[2026-09-25 07:42:37Z INFO JobDispatcher] Job request 0 for plan 31a034b9-5537-486d-acb1-7d740e95cce3 job 6ec19ad7-a2ad-5da9-8939-75bd26c5527d received.
[2026-09-25 07:42:37Z INFO JobDispatcher] Pull OrchestrationId 31a034b9-5537-486d-acb1-7d740e95cce3.build-and-push.__default from JWT claims
[2026-09-25 07:42:37Z INFO BrokerMessageListener] Received job status event. JobState: Busy
[2026-09-25 07:42:37Z INFO BrokerMessageListener] _getMessagesTokenSource is already disposed.
[2026-09-25 07:42:37Z INFO JobDispatcher] Job request 812d79fe-39fa-58ff-af2f-cb873bb6e2a0 processed succeed.
[2026-09-25 07:42:37Z INFO Terminal] WRITE LINE: 2026-09-25 07:42:37Z: Running job: build-and-push
[2026-09-25 07:42:37Z INFO JobDispatcher] Start renew job request 0 for job 6ec19ad7-a2ad-5da9-8939-75bd26c5527d.
[2026-09-25 07:42:37Z INFO JobDispatcher] Successfully renew job 6ec19ad7-a2ad-5da9-8939-75bd26c5527d, job is valid till 25.09.2026 07:52:37
[2026-09-25 07:42:37Z INFO HostContext] Well known directory 'Bin': 'C:\Users\mcrngv0\test-write-api\test-write-api\actions-runner\bin'
[2026-09-25 07:42:37Z INFO ProcessInvokerWrapper] Starting process:
[2026-09-25 07:42:37Z INFO ProcessInvokerWrapper]   File name: 'C:\Users\mcrngv0\test-write-api\test-write-api\actions-runner\bin\Runner.Worker.exe'
[2026-09-25 07:42:37Z INFO ProcessInvokerWrapper]   Arguments: 'spawnclient 2288 1348'
[2026-09-25 07:42:37Z INFO ProcessInvokerWrapper]   Working directory: 'C:\Users\mcrngv0\test-write-api\test-write-api\actions-runner\bin'
[2026-09-25 07:42:37Z INFO ProcessInvokerWrapper]   Require exit code zero: 'False'
[2026-09-25 07:42:37Z INFO ProcessInvokerWrapper]   Encoding web name:  ; code page: ''
[2026-09-25 07:42:37Z INFO ProcessInvokerWrapper]   Force kill process on cancellation: 'True'
[2026-09-25 07:42:37Z INFO ProcessInvokerWrapper]   Redirected STDIN: 'False'
[2026-09-25 07:42:37Z INFO ProcessInvokerWrapper]   Persist current code page: 'False'
[2026-09-25 07:42:37Z INFO ProcessInvokerWrapper]   Keep redirected STDIN open: 'False'
[2026-09-25 07:42:37Z INFO ProcessInvokerWrapper]   High priority process: 'True'
[2026-09-25 07:42:38Z INFO ProcessInvokerWrapper] Process started with process id 22436, waiting for process exit.
[2026-09-25 07:42:38Z INFO JobDispatcher] Send job request message to worker for job 6ec19ad7-a2ad-5da9-8939-75bd26c5527d.
[2026-09-25 07:42:38Z INFO ProcessChannel] Sending message of length 24671, with hash '30dc5240ca0e9b545ca4eade56abca834ee1fd9034347e7fb403fdc65be938ec'
[2026-09-25 07:42:38Z INFO JobNotification] Entering JobStarted Notification
[2026-09-25 07:42:38Z INFO JobNotification] Entering StartMonitor
[2026-09-25 07:43:38Z INFO JobDispatcher] Successfully renew job 6ec19ad7-a2ad-5da9-8939-75bd26c5527d, job is valid till 25.09.2026 07:53:38
[2026-09-25 07:43:52Z INFO ProcessInvokerWrapper] STDOUT/STDERR stream read finished.
[2026-09-25 07:43:52Z INFO ProcessInvokerWrapper] STDOUT/STDERR stream read finished.
[2026-09-25 07:43:52Z INFO ProcessInvokerWrapper] Finished process 22436 with exit code 102, and elapsed time 00:01:14.6696608.
[2026-09-25 07:43:52Z INFO JobDispatcher] Worker finished for job 6ec19ad7-a2ad-5da9-8939-75bd26c5527d. Code: 102
[2026-09-25 07:43:52Z INFO JobDispatcher] finish job request for job 6ec19ad7-a2ad-5da9-8939-75bd26c5527d with result: Failed
[2026-09-25 07:43:52Z INFO Terminal] WRITE LINE: 2026-09-25 07:43:52Z: Job build-and-push completed with result: Failed
[2026-09-25 07:43:52Z INFO JobDispatcher] Stop renew job request for job 6ec19ad7-a2ad-5da9-8939-75bd26c5527d.
[2026-09-25 07:43:52Z INFO JobDispatcher] job renew has been cancelled, stop renew job 6ec19ad7-a2ad-5da9-8939-75bd26c5527d.
[2026-09-25 07:43:52Z INFO JobNotification] Entering JobCompleted Notification
[2026-09-25 07:43:52Z INFO JobNotification] Entering EndMonitor
[2026-09-25 07:43:52Z INFO BrokerMessageListener] Received job status event. JobState: Online
[2026-09-25 07:43:52Z WARN GitHubActionsService] GET request to https://broker.actions.githubusercontent.com/message?sessionId=d824ca3c-9294-4948-a4e4-c0333f685e19&status=Busy&runnerVersion=2.337.0&os=Windows&architecture=X64&disableUpdate=false has been cancelled.
[2026-09-25 07:43:52Z ERR  BrokerServer] Catch exception during request
[2026-09-25 07:43:52Z ERR  BrokerServer] System.Threading.Tasks.TaskCanceledException: The operation was canceled.
 ---> System.Threading.Tasks.TaskCanceledException: The operation was canceled.
 ---> System.IO.IOException: Unable to read data from the transport connection: Der E/A-Vorgang wurde wegen eines Threadendes oder einer Anwendungsanforderung abgebrochen..
 ---> System.Net.Sockets.SocketException (995): Der E/A-Vorgang wurde wegen eines Threadendes oder einer Anwendungsanforderung abgebrochen.
   --- End of inner exception stack trace ---
   at System.Net.Sockets.Socket.AwaitableSocketAsyncEventArgs.System.Threading.Tasks.Sources.IValueTaskSource<System.Int32>.GetResult(Int16 token)
   at System.Net.Security.SslStream.EnsureFullTlsFrameAsync[TIOAdapter](CancellationToken cancellationToken, Int32 estimatedSize)
   at System.Runtime.CompilerServices.PoolingAsyncValueTaskMethodBuilder`1.StateMachineBox`1.System.Threading.Tasks.Sources.IValueTaskSource<TResult>.GetResult(Int16 token)
   at System.Net.Security.SslStream.ReadAsyncInternal[TIOAdapter](Memory`1 buffer, CancellationToken cancellationToken)
   at System.Runtime.CompilerServices.PoolingAsyncValueTaskMethodBuilder`1.StateMachineBox`1.System.Threading.Tasks.Sources.IValueTaskSource<TResult>.GetResult(Int16 token)
   at System.Net.Http.HttpConnection.SendAsync(HttpRequestMessage request, Boolean async, CancellationToken cancellationToken)
   --- End of inner exception stack trace ---
   at System.Net.Http.HttpConnection.SendAsync(HttpRequestMessage request, Boolean async, CancellationToken cancellationToken)
   at System.Net.Http.AuthenticationHelper.SendWithNtAuthAsync(HttpRequestMessage request, Uri authUri, Boolean async, ICredentials credentials, Boolean isProxyAuth, HttpConnection connection, HttpConnectionPool connectionPool, CancellationToken cancellationToken)
   at System.Net.Http.HttpConnectionPool.SendWithVersionDetectionAndRetryAsync(HttpRequestMessage request, Boolean async, Boolean doRequestAuth, CancellationToken cancellationToken)
   at System.Net.Http.AuthenticationHelper.SendWithAuthAsync(HttpRequestMessage request, Uri authUri, Boolean async, ICredentials credentials, Boolean preAuthenticate, Boolean isProxyAuth, Boolean doRequestAuth, HttpConnectionPool pool, CancellationToken cancellationToken)
   at System.Net.Http.RedirectHandler.SendAsync(HttpRequestMessage request, Boolean async, CancellationToken cancellationToken)
   at GitHub.Services.Common.RawHttpMessageHandler.SendAsync(HttpRequestMessage request, CancellationToken cancellationToken)
   at GitHub.Services.Common.VssHttpRetryMessageHandler.SendAsync(HttpRequestMessage request, CancellationToken cancellationToken)
   at System.Net.Http.HttpClient.<SendAsync>g__Core|83_0(HttpRequestMessage request, HttpCompletionOption completionOption, CancellationTokenSource cts, Boolean disposeCts, CancellationTokenSource pendingRequestsCts, CancellationToken originalCancellationToken)
   --- End of inner exception stack trace ---
   at System.Net.Http.HttpClient.HandleFailure(Exception e, Boolean telemetryStarted, HttpResponseMessage response, CancellationTokenSource cts, CancellationToken cancellationToken, CancellationTokenSource pendingRequestsCts)
   at System.Net.Http.HttpClient.<SendAsync>g__Core|83_0(HttpRequestMessage request, HttpCompletionOption completionOption, CancellationTokenSource cts, Boolean disposeCts, CancellationTokenSource pendingRequestsCts, CancellationToken originalCancellationToken)
   at Sdk.WebApi.WebApi.RawHttpClientBase.SendAsync(HttpRequestMessage message, HttpCompletionOption completionOption, Object userState, CancellationToken cancellationToken)
   at Sdk.WebApi.WebApi.RawHttpClientBase.SendAsync[T](HttpRequestMessage message, Boolean readErrorBody, Object userState, CancellationToken cancellationToken)
   at Sdk.WebApi.WebApi.RawHttpClientBase.SendAsync[T](HttpMethod method, IEnumerable`1 additionalHeaders, Uri requestUri, HttpContent content, IEnumerable`1 queryParameters, Boolean readErrorBody, Object userState, CancellationToken cancellationToken)
   at GitHub.Actions.RunService.WebApi.BrokerHttpClient.GetRunnerMessageAsync(Nullable`1 sessionId, String runnerVersion, Nullable`1 status, String os, String architecture, Nullable`1 disableUpdate, CancellationToken cancellationToken)
   at GitHub.Runner.Common.BrokerServer.<>c__DisplayClass7_0.<<GetRunnerMessageAsync>b__0>d.MoveNext()
--- End of stack trace from previous location ---
   at GitHub.Runner.Common.RunnerService.RetryRequest[T](Func`1 func, CancellationToken cancellationToken, Int32 maxAttempts, Func`2 shouldRetry)
[2026-09-25 07:43:52Z ERR  BrokerServer] #####################################################
[2026-09-25 07:43:52Z ERR  BrokerServer] System.Threading.Tasks.TaskCanceledException: The operation was canceled.
 ---> System.IO.IOException: Unable to read data from the transport connection: Der E/A-Vorgang wurde wegen eines Threadendes oder einer Anwendungsanforderung abgebrochen..
 ---> System.Net.Sockets.SocketException (995): Der E/A-Vorgang wurde wegen eines Threadendes oder einer Anwendungsanforderung abgebrochen.
   --- End of inner exception stack trace ---
   at System.Net.Sockets.Socket.AwaitableSocketAsyncEventArgs.System.Threading.Tasks.Sources.IValueTaskSource<System.Int32>.GetResult(Int16 token)
   at System.Net.Security.SslStream.EnsureFullTlsFrameAsync[TIOAdapter](CancellationToken cancellationToken, Int32 estimatedSize)
   at System.Runtime.CompilerServices.PoolingAsyncValueTaskMethodBuilder`1.StateMachineBox`1.System.Threading.Tasks.Sources.IValueTaskSource<TResult>.GetResult(Int16 token)
   at System.Net.Security.SslStream.ReadAsyncInternal[TIOAdapter](Memory`1 buffer, CancellationToken cancellationToken)
   at System.Runtime.CompilerServices.PoolingAsyncValueTaskMethodBuilder`1.StateMachineBox`1.System.Threading.Tasks.Sources.IValueTaskSource<TResult>.GetResult(Int16 token)
   at System.Net.Http.HttpConnection.SendAsync(HttpRequestMessage request, Boolean async, CancellationToken cancellationToken)
   --- End of inner exception stack trace ---
   at System.Net.Http.HttpConnection.SendAsync(HttpRequestMessage request, Boolean async, CancellationToken cancellationToken)
   at System.Net.Http.AuthenticationHelper.SendWithNtAuthAsync(HttpRequestMessage request, Uri authUri, Boolean async, ICredentials credentials, Boolean isProxyAuth, HttpConnection connection, HttpConnectionPool connectionPool, CancellationToken cancellationToken)
   at System.Net.Http.HttpConnectionPool.SendWithVersionDetectionAndRetryAsync(HttpRequestMessage request, Boolean async, Boolean doRequestAuth, CancellationToken cancellationToken)
   at System.Net.Http.AuthenticationHelper.SendWithAuthAsync(HttpRequestMessage request, Uri authUri, Boolean async, ICredentials credentials, Boolean preAuthenticate, Boolean isProxyAuth, Boolean doRequestAuth, HttpConnectionPool pool, CancellationToken cancellationToken)
   at System.Net.Http.RedirectHandler.SendAsync(HttpRequestMessage request, Boolean async, CancellationToken cancellationToken)
   at GitHub.Services.Common.RawHttpMessageHandler.SendAsync(HttpRequestMessage request, CancellationToken cancellationToken)
   at GitHub.Services.Common.VssHttpRetryMessageHandler.SendAsync(HttpRequestMessage request, CancellationToken cancellationToken)
   at System.Net.Http.HttpClient.<SendAsync>g__Core|83_0(HttpRequestMessage request, HttpCompletionOption completionOption, CancellationTokenSource cts, Boolean disposeCts, CancellationTokenSource pendingRequestsCts, CancellationToken originalCancellationToken)
[2026-09-25 07:43:52Z ERR  BrokerServer] #####################################################
[2026-09-25 07:43:52Z ERR  BrokerServer] System.IO.IOException: Unable to read data from the transport connection: Der E/A-Vorgang wurde wegen eines Threadendes oder einer Anwendungsanforderung abgebrochen..
 ---> System.Net.Sockets.SocketException (995): Der E/A-Vorgang wurde wegen eines Threadendes oder einer Anwendungsanforderung abgebrochen.
   --- End of inner exception stack trace ---
   at System.Net.Sockets.Socket.AwaitableSocketAsyncEventArgs.System.Threading.Tasks.Sources.IValueTaskSource<System.Int32>.GetResult(Int16 token)
   at System.Net.Security.SslStream.EnsureFullTlsFrameAsync[TIOAdapter](CancellationToken cancellationToken, Int32 estimatedSize)
   at System.Runtime.CompilerServices.PoolingAsyncValueTaskMethodBuilder`1.StateMachineBox`1.System.Threading.Tasks.Sources.IValueTaskSource<TResult>.GetResult(Int16 token)
   at System.Net.Security.SslStream.ReadAsyncInternal[TIOAdapter](Memory`1 buffer, CancellationToken cancellationToken)
   at System.Runtime.CompilerServices.PoolingAsyncValueTaskMethodBuilder`1.StateMachineBox`1.System.Threading.Tasks.Sources.IValueTaskSource<TResult>.GetResult(Int16 token)
   at System.Net.Http.HttpConnection.SendAsync(HttpRequestMessage request, Boolean async, CancellationToken cancellationToken)
[2026-09-25 07:43:52Z ERR  BrokerServer] #####################################################
[2026-09-25 07:43:52Z ERR  BrokerServer] System.Net.Sockets.SocketException (995): Der E/A-Vorgang wurde wegen eines Threadendes oder einer Anwendungsanforderung abgebrochen.
[2026-09-25 07:43:52Z WARN BrokerServer] Back off 14,631 seconds before next retry. 4 attempt left.
[2026-09-25 07:43:52Z INFO BrokerMessageListener] Get messages has been cancelled using local token source. Continue to get messages with new status.
[2026-09-25 08:12:58Z INFO RSAEncryptedFileKeyManager] Loading RSA key parameters from file C:\Users\mcrngv0\test-write-api\test-write-api\actions-runner\.credentials_rsaparams
[2026-09-25 08:12:58Z INFO GitHubActionsService] AAD Correlation ID for this token request: Unknown
[2026-09-25 08:55:27Z INFO BrokerMessageListener] Acknowledging runner request 'b4c8b0e2-83e5-5517-9a7b-9e885938500a'.
[2026-09-25 08:55:27Z INFO ConfigurationStore] HasCredentials()
[2026-09-25 08:55:27Z INFO ConfigurationStore] stored True
[2026-09-25 08:55:27Z INFO CredentialManager] GetCredentialProvider
[2026-09-25 08:55:27Z INFO CredentialManager] Creating type OAuth
[2026-09-25 08:55:27Z INFO CredentialManager] Creating credential type: OAuth
[2026-09-25 08:55:27Z INFO RSAEncryptedFileKeyManager] Loading RSA key parameters from file C:\Users\mcrngv0\test-write-api\test-write-api\actions-runner\.credentials_rsaparams
[2026-09-25 08:55:27Z INFO RSAEncryptedFileKeyManager] Loading RSA key parameters from file C:\Users\mcrngv0\test-write-api\test-write-api\actions-runner\.credentials_rsaparams
[2026-09-25 08:55:27Z INFO RSAEncryptedFileKeyManager] Loading RSA key parameters from file C:\Users\mcrngv0\test-write-api\test-write-api\actions-runner\.credentials_rsaparams
[2026-09-25 08:55:27Z INFO GitHubActionsService] AAD Correlation ID for this token request: Unknown
[2026-09-25 08:55:28Z INFO JobDispatcher] Job request 0 for plan b4f64fe7-129a-4d0b-a32c-6685c63070c5 job b4c8b0e2-83e5-5517-9a7b-9e885938500a received.
[2026-09-25 08:55:28Z INFO JobDispatcher] Pull OrchestrationId b4f64fe7-129a-4d0b-a32c-6685c63070c5.build-and-push.__default from JWT claims
[2026-09-25 08:55:28Z INFO BrokerMessageListener] Received job status event. JobState: Busy
[2026-09-25 08:55:28Z INFO BrokerMessageListener] _getMessagesTokenSource is already disposed.
[2026-09-25 08:55:28Z INFO JobDispatcher] Job request 6ec19ad7-a2ad-5da9-8939-75bd26c5527d processed succeed.
[2026-09-25 08:55:28Z INFO Terminal] WRITE LINE: 2026-09-25 08:55:28Z: Running job: build-and-push
[2026-09-25 08:55:28Z INFO JobDispatcher] Start renew job request 0 for job b4c8b0e2-83e5-5517-9a7b-9e885938500a.
[2026-09-25 08:55:29Z INFO JobDispatcher] Successfully renew job b4c8b0e2-83e5-5517-9a7b-9e885938500a, job is valid till 25.09.2026 09:05:29
[2026-09-25 08:55:29Z INFO HostContext] Well known directory 'Bin': 'C:\Users\mcrngv0\test-write-api\test-write-api\actions-runner\bin'
[2026-09-25 08:55:29Z INFO ProcessInvokerWrapper] Starting process:
[2026-09-25 08:55:29Z INFO ProcessInvokerWrapper]   File name: 'C:\Users\mcrngv0\test-write-api\test-write-api\actions-runner\bin\Runner.Worker.exe'
[2026-09-25 08:55:29Z INFO ProcessInvokerWrapper]   Arguments: 'spawnclient 1520 2340'
[2026-09-25 08:55:29Z INFO ProcessInvokerWrapper]   Working directory: 'C:\Users\mcrngv0\test-write-api\test-write-api\actions-runner\bin'
[2026-09-25 08:55:29Z INFO ProcessInvokerWrapper]   Require exit code zero: 'False'
[2026-09-25 08:55:29Z INFO ProcessInvokerWrapper]   Encoding web name:  ; code page: ''
[2026-09-25 08:55:29Z INFO ProcessInvokerWrapper]   Force kill process on cancellation: 'True'
[2026-09-25 08:55:29Z INFO ProcessInvokerWrapper]   Redirected STDIN: 'False'
[2026-09-25 08:55:29Z INFO ProcessInvokerWrapper]   Persist current code page: 'False'
[2026-09-25 08:55:29Z INFO ProcessInvokerWrapper]   Keep redirected STDIN open: 'False'
[2026-09-25 08:55:29Z INFO ProcessInvokerWrapper]   High priority process: 'True'
[2026-09-25 08:55:29Z INFO ProcessInvokerWrapper] Process started with process id 26752, waiting for process exit.
[2026-09-25 08:55:29Z INFO JobDispatcher] Send job request message to worker for job b4c8b0e2-83e5-5517-9a7b-9e885938500a.
[2026-09-25 08:55:29Z INFO ProcessChannel] Sending message of length 24673, with hash '9a5a64060af38d5f864ad28365421ef55eb21a5a2d1037ed6b3cb4275c6ab01d'
[2026-09-25 08:55:34Z INFO JobNotification] Entering JobStarted Notification
[2026-09-25 08:55:34Z INFO JobNotification] Entering StartMonitor
[2026-09-25 08:56:15Z INFO ProcessInvokerWrapper] STDOUT/STDERR stream read finished.
[2026-09-25 08:56:15Z INFO ProcessInvokerWrapper] STDOUT/STDERR stream read finished.
[2026-09-25 08:56:16Z INFO ProcessInvokerWrapper] Finished process 26752 with exit code 102, and elapsed time 00:00:46.6842423.
[2026-09-25 08:56:16Z INFO JobDispatcher] Worker finished for job b4c8b0e2-83e5-5517-9a7b-9e885938500a. Code: 102
[2026-09-25 08:56:16Z INFO JobDispatcher] finish job request for job b4c8b0e2-83e5-5517-9a7b-9e885938500a with result: Failed
[2026-09-25 08:56:16Z INFO Terminal] WRITE LINE: 2026-09-25 08:56:16Z: Job build-and-push completed with result: Failed
[2026-09-25 08:56:16Z INFO JobDispatcher] Stop renew job request for job b4c8b0e2-83e5-5517-9a7b-9e885938500a.
[2026-09-25 08:56:16Z INFO JobDispatcher] job renew has been cancelled, stop renew job b4c8b0e2-83e5-5517-9a7b-9e885938500a.
[2026-09-25 08:56:16Z INFO JobNotification] Entering JobCompleted Notification
[2026-09-25 08:56:16Z INFO JobNotification] Entering EndMonitor
[2026-09-25 08:56:16Z INFO BrokerMessageListener] Received job status event. JobState: Online
[2026-09-25 08:56:16Z WARN GitHubActionsService] GET request to https://broker.actions.githubusercontent.com/message?sessionId=d824ca3c-9294-4948-a4e4-c0333f685e19&status=Busy&runnerVersion=2.337.0&os=Windows&architecture=X64&disableUpdate=false has been cancelled.
[2026-09-25 08:56:16Z ERR  BrokerServer] Catch exception during request
[2026-09-25 08:56:16Z ERR  BrokerServer] System.Threading.Tasks.TaskCanceledException: The operation was canceled.
 ---> System.Threading.Tasks.TaskCanceledException: The operation was canceled.
 ---> System.IO.IOException: Unable to read data from the transport connection: Der E/A-Vorgang wurde wegen eines Threadendes oder einer Anwendungsanforderung abgebrochen..
 ---> System.Net.Sockets.SocketException (995): Der E/A-Vorgang wurde wegen eines Threadendes oder einer Anwendungsanforderung abgebrochen.
   --- End of inner exception stack trace ---
   at System.Net.Sockets.Socket.AwaitableSocketAsyncEventArgs.System.Threading.Tasks.Sources.IValueTaskSource<System.Int32>.GetResult(Int16 token)
   at System.Net.Security.SslStream.EnsureFullTlsFrameAsync[TIOAdapter](CancellationToken cancellationToken, Int32 estimatedSize)
   at System.Runtime.CompilerServices.PoolingAsyncValueTaskMethodBuilder`1.StateMachineBox`1.System.Threading.Tasks.Sources.IValueTaskSource<TResult>.GetResult(Int16 token)
   at System.Net.Security.SslStream.ReadAsyncInternal[TIOAdapter](Memory`1 buffer, CancellationToken cancellationToken)
   at System.Runtime.CompilerServices.PoolingAsyncValueTaskMethodBuilder`1.StateMachineBox`1.System.Threading.Tasks.Sources.IValueTaskSource<TResult>.GetResult(Int16 token)
   at System.Net.Http.HttpConnection.<EnsureReadAheadTaskHasStarted>g__ReadAheadWithZeroByteReadAsync|40_0()
   at System.Net.Http.HttpConnection.SendAsync(HttpRequestMessage request, Boolean async, CancellationToken cancellationToken)
   --- End of inner exception stack trace ---
   at System.Net.Http.HttpConnection.SendAsync(HttpRequestMessage request, Boolean async, CancellationToken cancellationToken)
   at System.Net.Http.AuthenticationHelper.SendWithNtAuthAsync(HttpRequestMessage request, Uri authUri, Boolean async, ICredentials credentials, Boolean isProxyAuth, HttpConnection connection, HttpConnectionPool connectionPool, CancellationToken cancellationToken)
   at System.Net.Http.HttpConnectionPool.SendWithVersionDetectionAndRetryAsync(HttpRequestMessage request, Boolean async, Boolean doRequestAuth, CancellationToken cancellationToken)
   at System.Net.Http.AuthenticationHelper.SendWithAuthAsync(HttpRequestMessage request, Uri authUri, Boolean async, ICredentials credentials, Boolean preAuthenticate, Boolean isProxyAuth, Boolean doRequestAuth, HttpConnectionPool pool, CancellationToken cancellationToken)
   at System.Net.Http.RedirectHandler.SendAsync(HttpRequestMessage request, Boolean async, CancellationToken cancellationToken)
   at GitHub.Services.Common.RawHttpMessageHandler.SendAsync(HttpRequestMessage request, CancellationToken cancellationToken)
   at GitHub.Services.Common.VssHttpRetryMessageHandler.SendAsync(HttpRequestMessage request, CancellationToken cancellationToken)
   at System.Net.Http.HttpClient.<SendAsync>g__Core|83_0(HttpRequestMessage request, HttpCompletionOption completionOption, CancellationTokenSource cts, Boolean disposeCts, CancellationTokenSource pendingRequestsCts, CancellationToken originalCancellationToken)
   --- End of inner exception stack trace ---
   at System.Net.Http.HttpClient.HandleFailure(Exception e, Boolean telemetryStarted, HttpResponseMessage response, CancellationTokenSource cts, CancellationToken cancellationToken, CancellationTokenSource pendingRequestsCts)
   at System.Net.Http.HttpClient.<SendAsync>g__Core|83_0(HttpRequestMessage request, HttpCompletionOption completionOption, CancellationTokenSource cts, Boolean disposeCts, CancellationTokenSource pendingRequestsCts, CancellationToken originalCancellationToken)
   at Sdk.WebApi.WebApi.RawHttpClientBase.SendAsync(HttpRequestMessage message, HttpCompletionOption completionOption, Object userState, CancellationToken cancellationToken)
   at Sdk.WebApi.WebApi.RawHttpClientBase.SendAsync[T](HttpRequestMessage message, Boolean readErrorBody, Object userState, CancellationToken cancellationToken)
   at Sdk.WebApi.WebApi.RawHttpClientBase.SendAsync[T](HttpMethod method, IEnumerable`1 additionalHeaders, Uri requestUri, HttpContent content, IEnumerable`1 queryParameters, Boolean readErrorBody, Object userState, CancellationToken cancellationToken)
   at GitHub.Actions.RunService.WebApi.BrokerHttpClient.GetRunnerMessageAsync(Nullable`1 sessionId, String runnerVersion, Nullable`1 status, String os, String architecture, Nullable`1 disableUpdate, CancellationToken cancellationToken)
   at GitHub.Runner.Common.BrokerServer.<>c__DisplayClass7_0.<<GetRunnerMessageAsync>b__0>d.MoveNext()
--- End of stack trace from previous location ---
   at GitHub.Runner.Common.RunnerService.RetryRequest[T](Func`1 func, CancellationToken cancellationToken, Int32 maxAttempts, Func`2 shouldRetry)
[2026-09-25 08:56:16Z ERR  BrokerServer] #####################################################
[2026-09-25 08:56:16Z ERR  BrokerServer] System.Threading.Tasks.TaskCanceledException: The operation was canceled.
 ---> System.IO.IOException: Unable to read data from the transport connection: Der E/A-Vorgang wurde wegen eines Threadendes oder einer Anwendungsanforderung abgebrochen..
 ---> System.Net.Sockets.SocketException (995): Der E/A-Vorgang wurde wegen eines Threadendes oder einer Anwendungsanforderung abgebrochen.
   --- End of inner exception stack trace ---
   at System.Net.Sockets.Socket.AwaitableSocketAsyncEventArgs.System.Threading.Tasks.Sources.IValueTaskSource<System.Int32>.GetResult(Int16 token)
   at System.Net.Security.SslStream.EnsureFullTlsFrameAsync[TIOAdapter](CancellationToken cancellationToken, Int32 estimatedSize)
   at System.Runtime.CompilerServices.PoolingAsyncValueTaskMethodBuilder`1.StateMachineBox`1.System.Threading.Tasks.Sources.IValueTaskSource<TResult>.GetResult(Int16 token)
   at System.Net.Security.SslStream.ReadAsyncInternal[TIOAdapter](Memory`1 buffer, CancellationToken cancellationToken)
   at System.Runtime.CompilerServices.PoolingAsyncValueTaskMethodBuilder`1.StateMachineBox`1.System.Threading.Tasks.Sources.IValueTaskSource<TResult>.GetResult(Int16 token)
   at System.Net.Http.HttpConnection.<EnsureReadAheadTaskHasStarted>g__ReadAheadWithZeroByteReadAsync|40_0()
   at System.Net.Http.HttpConnection.SendAsync(HttpRequestMessage request, Boolean async, CancellationToken cancellationToken)
   --- End of inner exception stack trace ---
   at System.Net.Http.HttpConnection.SendAsync(HttpRequestMessage request, Boolean async, CancellationToken cancellationToken)
   at System.Net.Http.AuthenticationHelper.SendWithNtAuthAsync(HttpRequestMessage request, Uri authUri, Boolean async, ICredentials credentials, Boolean isProxyAuth, HttpConnection connection, HttpConnectionPool connectionPool, CancellationToken cancellationToken)
   at System.Net.Http.HttpConnectionPool.SendWithVersionDetectionAndRetryAsync(HttpRequestMessage request, Boolean async, Boolean doRequestAuth, CancellationToken cancellationToken)
   at System.Net.Http.AuthenticationHelper.SendWithAuthAsync(HttpRequestMessage request, Uri authUri, Boolean async, ICredentials credentials, Boolean preAuthenticate, Boolean isProxyAuth, Boolean doRequestAuth, HttpConnectionPool pool, CancellationToken cancellationToken)
   at System.Net.Http.RedirectHandler.SendAsync(HttpRequestMessage request, Boolean async, CancellationToken cancellationToken)
   at GitHub.Services.Common.RawHttpMessageHandler.SendAsync(HttpRequestMessage request, CancellationToken cancellationToken)
   at GitHub.Services.Common.VssHttpRetryMessageHandler.SendAsync(HttpRequestMessage request, CancellationToken cancellationToken)
   at System.Net.Http.HttpClient.<SendAsync>g__Core|83_0(HttpRequestMessage request, HttpCompletionOption completionOption, CancellationTokenSource cts, Boolean disposeCts, CancellationTokenSource pendingRequestsCts, CancellationToken originalCancellationToken)
[2026-09-25 08:56:16Z ERR  BrokerServer] #####################################################
[2026-09-25 08:56:16Z ERR  BrokerServer] System.IO.IOException: Unable to read data from the transport connection: Der E/A-Vorgang wurde wegen eines Threadendes oder einer Anwendungsanforderung abgebrochen..
 ---> System.Net.Sockets.SocketException (995): Der E/A-Vorgang wurde wegen eines Threadendes oder einer Anwendungsanforderung abgebrochen.
   --- End of inner exception stack trace ---
   at System.Net.Sockets.Socket.AwaitableSocketAsyncEventArgs.System.Threading.Tasks.Sources.IValueTaskSource<System.Int32>.GetResult(Int16 token)
   at System.Net.Security.SslStream.EnsureFullTlsFrameAsync[TIOAdapter](CancellationToken cancellationToken, Int32 estimatedSize)
   at System.Runtime.CompilerServices.PoolingAsyncValueTaskMethodBuilder`1.StateMachineBox`1.System.Threading.Tasks.Sources.IValueTaskSource<TResult>.GetResult(Int16 token)
   at System.Net.Security.SslStream.ReadAsyncInternal[TIOAdapter](Memory`1 buffer, CancellationToken cancellationToken)
   at System.Runtime.CompilerServices.PoolingAsyncValueTaskMethodBuilder`1.StateMachineBox`1.System.Threading.Tasks.Sources.IValueTaskSource<TResult>.GetResult(Int16 token)
   at System.Net.Http.HttpConnection.<EnsureReadAheadTaskHasStarted>g__ReadAheadWithZeroByteReadAsync|40_0()
   at System.Net.Http.HttpConnection.SendAsync(HttpRequestMessage request, Boolean async, CancellationToken cancellationToken)
[2026-09-25 08:56:16Z ERR  BrokerServer] #####################################################
[2026-09-25 08:56:16Z ERR  BrokerServer] System.Net.Sockets.SocketException (995): Der E/A-Vorgang wurde wegen eines Threadendes oder einer Anwendungsanforderung abgebrochen.
[2026-09-25 08:56:16Z WARN BrokerServer] Back off 10,213 seconds before next retry. 4 attempt left.
[2026-09-25 08:56:16Z INFO BrokerMessageListener] Get messages has been cancelled using local token source. Continue to get messages with new status.
[2026-09-25 09:01:11Z INFO BrokerMessageListener] Acknowledging runner request '022e6712-b4fc-5cc2-a1fb-9e21bec59db0'.
[2026-09-25 09:01:11Z INFO ConfigurationStore] HasCredentials()
[2026-09-25 09:01:11Z INFO ConfigurationStore] stored True
[2026-09-25 09:01:11Z INFO CredentialManager] GetCredentialProvider
[2026-09-25 09:01:11Z INFO CredentialManager] Creating type OAuth
[2026-09-25 09:01:11Z INFO CredentialManager] Creating credential type: OAuth
[2026-09-25 09:01:11Z INFO RSAEncryptedFileKeyManager] Loading RSA key parameters from file C:\Users\mcrngv0\test-write-api\test-write-api\actions-runner\.credentials_rsaparams
[2026-09-25 09:01:11Z INFO RSAEncryptedFileKeyManager] Loading RSA key parameters from file C:\Users\mcrngv0\test-write-api\test-write-api\actions-runner\.credentials_rsaparams
[2026-09-25 09:01:11Z INFO RSAEncryptedFileKeyManager] Loading RSA key parameters from file C:\Users\mcrngv0\test-write-api\test-write-api\actions-runner\.credentials_rsaparams
[2026-09-25 09:01:11Z INFO GitHubActionsService] AAD Correlation ID for this token request: Unknown
[2026-09-25 09:01:12Z INFO JobDispatcher] Job request 0 for plan 684ee151-deb3-46ad-804f-6af5c9855144 job 022e6712-b4fc-5cc2-a1fb-9e21bec59db0 received.
[2026-09-25 09:01:12Z INFO JobDispatcher] Pull OrchestrationId 684ee151-deb3-46ad-804f-6af5c9855144.build-and-push.__default from JWT claims
[2026-09-25 09:01:12Z INFO BrokerMessageListener] Received job status event. JobState: Busy
[2026-09-25 09:01:12Z INFO BrokerMessageListener] _getMessagesTokenSource is already disposed.
[2026-09-25 09:01:12Z INFO JobDispatcher] Job request b4c8b0e2-83e5-5517-9a7b-9e885938500a processed succeed.
[2026-09-25 09:01:12Z INFO Terminal] WRITE LINE: 2026-09-25 09:01:12Z: Running job: build-and-push
[2026-09-25 09:01:12Z INFO JobDispatcher] Start renew job request 0 for job 022e6712-b4fc-5cc2-a1fb-9e21bec59db0.
[2026-09-25 09:01:12Z INFO JobDispatcher] Successfully renew job 022e6712-b4fc-5cc2-a1fb-9e21bec59db0, job is valid till 25.09.2026 09:11:12
[2026-09-25 09:01:12Z INFO HostContext] Well known directory 'Bin': 'C:\Users\mcrngv0\test-write-api\test-write-api\actions-runner\bin'
[2026-09-25 09:01:12Z INFO ProcessInvokerWrapper] Starting process:
[2026-09-25 09:01:12Z INFO ProcessInvokerWrapper]   File name: 'C:\Users\mcrngv0\test-write-api\test-write-api\actions-runner\bin\Runner.Worker.exe'
[2026-09-25 09:01:12Z INFO ProcessInvokerWrapper]   Arguments: 'spawnclient 2352 2448'
[2026-09-25 09:01:12Z INFO ProcessInvokerWrapper]   Working directory: 'C:\Users\mcrngv0\test-write-api\test-write-api\actions-runner\bin'
[2026-09-25 09:01:12Z INFO ProcessInvokerWrapper]   Require exit code zero: 'False'
[2026-09-25 09:01:12Z INFO ProcessInvokerWrapper]   Encoding web name:  ; code page: ''
[2026-09-25 09:01:12Z INFO ProcessInvokerWrapper]   Force kill process on cancellation: 'True'
[2026-09-25 09:01:12Z INFO ProcessInvokerWrapper]   Redirected STDIN: 'False'
[2026-09-25 09:01:12Z INFO ProcessInvokerWrapper]   Persist current code page: 'False'
[2026-09-25 09:01:12Z INFO ProcessInvokerWrapper]   Keep redirected STDIN open: 'False'
[2026-09-25 09:01:12Z INFO ProcessInvokerWrapper]   High priority process: 'True'
[2026-09-25 09:01:12Z INFO ProcessInvokerWrapper] Process started with process id 18756, waiting for process exit.
[2026-09-25 09:01:12Z INFO JobDispatcher] Send job request message to worker for job 022e6712-b4fc-5cc2-a1fb-9e21bec59db0.
[2026-09-25 09:01:12Z INFO ProcessChannel] Sending message of length 24669, with hash 'a2885a05072b79cabdeb0f7948cc243cfbe11409d3cd689f947586c8f1bf786f'
[2026-09-25 09:01:13Z INFO JobNotification] Entering JobStarted Notification
[2026-09-25 09:01:13Z INFO JobNotification] Entering StartMonitor
[2026-09-25 09:02:13Z INFO JobDispatcher] Successfully renew job 022e6712-b4fc-5cc2-a1fb-9e21bec59db0, job is valid till 25.09.2026 09:12:13
[2026-09-25 09:03:12Z INFO RSAEncryptedFileKeyManager] Loading RSA key parameters from file C:\Users\mcrngv0\test-write-api\test-write-api\actions-runner\.credentials_rsaparams
[2026-09-25 09:03:13Z INFO JobDispatcher] Successfully renew job 022e6712-b4fc-5cc2-a1fb-9e21bec59db0, job is valid till 25.09.2026 09:13:13
[2026-09-25 09:03:13Z INFO GitHubActionsService] AAD Correlation ID for this token request: Unknown
[2026-09-25 09:04:13Z INFO JobDispatcher] Successfully renew job 022e6712-b4fc-5cc2-a1fb-9e21bec59db0, job is valid till 25.09.2026 09:14:13
[2026-09-25 09:05:14Z INFO JobDispatcher] Successfully renew job 022e6712-b4fc-5cc2-a1fb-9e21bec59db0, job is valid till 25.09.2026 09:15:13
[2026-09-25 09:05:32Z INFO ProcessInvokerWrapper] STDOUT/STDERR stream read finished.
[2026-09-25 09:05:32Z INFO ProcessInvokerWrapper] STDOUT/STDERR stream read finished.
[2026-09-25 09:05:32Z INFO ProcessInvokerWrapper] Finished process 18756 with exit code 100, and elapsed time 00:04:19.6403995.
[2026-09-25 09:05:32Z INFO JobDispatcher] Worker finished for job 022e6712-b4fc-5cc2-a1fb-9e21bec59db0. Code: 100
[2026-09-25 09:05:32Z INFO JobDispatcher] finish job request for job 022e6712-b4fc-5cc2-a1fb-9e21bec59db0 with result: Succeeded
[2026-09-25 09:05:32Z INFO Terminal] WRITE LINE: 2026-09-25 09:05:32Z: Job build-and-push completed with result: Succeeded
[2026-09-25 09:05:32Z INFO JobDispatcher] Stop renew job request for job 022e6712-b4fc-5cc2-a1fb-9e21bec59db0.
[2026-09-25 09:05:32Z INFO JobDispatcher] job renew has been cancelled, stop renew job 022e6712-b4fc-5cc2-a1fb-9e21bec59db0.
[2026-09-25 09:05:32Z INFO JobNotification] Entering JobCompleted Notification
[2026-09-25 09:05:32Z INFO JobNotification] Entering EndMonitor
[2026-09-25 09:05:32Z INFO BrokerMessageListener] Received job status event. JobState: Online
[2026-09-25 09:05:32Z WARN GitHubActionsService] GET request to https://broker.actions.githubusercontent.com/message?sessionId=d824ca3c-9294-4948-a4e4-c0333f685e19&status=Busy&runnerVersion=2.337.0&os=Windows&architecture=X64&disableUpdate=false has been cancelled.
[2026-09-25 09:05:32Z ERR  BrokerServer] Catch exception during request
[2026-09-25 09:05:32Z ERR  BrokerServer] System.Threading.Tasks.TaskCanceledException: The operation was canceled.
 ---> System.Threading.Tasks.TaskCanceledException: The operation was canceled.
 ---> System.IO.IOException: Unable to read data from the transport connection: Der E/A-Vorgang wurde wegen eines Threadendes oder einer Anwendungsanforderung abgebrochen..
 ---> System.Net.Sockets.SocketException (995): Der E/A-Vorgang wurde wegen eines Threadendes oder einer Anwendungsanforderung abgebrochen.
   --- End of inner exception stack trace ---
   at System.Net.Sockets.Socket.AwaitableSocketAsyncEventArgs.System.Threading.Tasks.Sources.IValueTaskSource<System.Int32>.GetResult(Int16 token)
   at System.Net.Security.SslStream.EnsureFullTlsFrameAsync[TIOAdapter](CancellationToken cancellationToken, Int32 estimatedSize)
   at System.Runtime.CompilerServices.PoolingAsyncValueTaskMethodBuilder`1.StateMachineBox`1.System.Threading.Tasks.Sources.IValueTaskSource<TResult>.GetResult(Int16 token)
   at System.Net.Security.SslStream.ReadAsyncInternal[TIOAdapter](Memory`1 buffer, CancellationToken cancellationToken)
   at System.Runtime.CompilerServices.PoolingAsyncValueTaskMethodBuilder`1.StateMachineBox`1.System.Threading.Tasks.Sources.IValueTaskSource<TResult>.GetResult(Int16 token)
   at System.Net.Http.HttpConnection.SendAsync(HttpRequestMessage request, Boolean async, CancellationToken cancellationToken)
   --- End of inner exception stack trace ---
   at System.Net.Http.HttpConnection.SendAsync(HttpRequestMessage request, Boolean async, CancellationToken cancellationToken)
   at System.Net.Http.AuthenticationHelper.SendWithNtAuthAsync(HttpRequestMessage request, Uri authUri, Boolean async, ICredentials credentials, Boolean isProxyAuth, HttpConnection connection, HttpConnectionPool connectionPool, CancellationToken cancellationToken)
   at System.Net.Http.HttpConnectionPool.SendWithVersionDetectionAndRetryAsync(HttpRequestMessage request, Boolean async, Boolean doRequestAuth, CancellationToken cancellationToken)
   at System.Net.Http.AuthenticationHelper.SendWithAuthAsync(HttpRequestMessage request, Uri authUri, Boolean async, ICredentials credentials, Boolean preAuthenticate, Boolean isProxyAuth, Boolean doRequestAuth, HttpConnectionPool pool, CancellationToken cancellationToken)
   at System.Net.Http.RedirectHandler.SendAsync(HttpRequestMessage request, Boolean async, CancellationToken cancellationToken)
   at GitHub.Services.Common.RawHttpMessageHandler.SendAsync(HttpRequestMessage request, CancellationToken cancellationToken)
   at GitHub.Services.Common.VssHttpRetryMessageHandler.SendAsync(HttpRequestMessage request, CancellationToken cancellationToken)
   at System.Net.Http.HttpClient.<SendAsync>g__Core|83_0(HttpRequestMessage request, HttpCompletionOption completionOption, CancellationTokenSource cts, Boolean disposeCts, CancellationTokenSource pendingRequestsCts, CancellationToken originalCancellationToken)
   --- End of inner exception stack trace ---
   at System.Net.Http.HttpClient.HandleFailure(Exception e, Boolean telemetryStarted, HttpResponseMessage response, CancellationTokenSource cts, CancellationToken cancellationToken, CancellationTokenSource pendingRequestsCts)
   at System.Net.Http.HttpClient.<SendAsync>g__Core|83_0(HttpRequestMessage request, HttpCompletionOption completionOption, CancellationTokenSource cts, Boolean disposeCts, CancellationTokenSource pendingRequestsCts, CancellationToken originalCancellationToken)
   at Sdk.WebApi.WebApi.RawHttpClientBase.SendAsync(HttpRequestMessage message, HttpCompletionOption completionOption, Object userState, CancellationToken cancellationToken)
   at Sdk.WebApi.WebApi.RawHttpClientBase.SendAsync[T](HttpRequestMessage message, Boolean readErrorBody, Object userState, CancellationToken cancellationToken)
   at Sdk.WebApi.WebApi.RawHttpClientBase.SendAsync[T](HttpMethod method, IEnumerable`1 additionalHeaders, Uri requestUri, HttpContent content, IEnumerable`1 queryParameters, Boolean readErrorBody, Object userState, CancellationToken cancellationToken)
   at GitHub.Actions.RunService.WebApi.BrokerHttpClient.GetRunnerMessageAsync(Nullable`1 sessionId, String runnerVersion, Nullable`1 status, String os, String architecture, Nullable`1 disableUpdate, CancellationToken cancellationToken)
   at GitHub.Runner.Common.BrokerServer.<>c__DisplayClass7_0.<<GetRunnerMessageAsync>b__0>d.MoveNext()
--- End of stack trace from previous location ---
   at GitHub.Runner.Common.RunnerService.RetryRequest[T](Func`1 func, CancellationToken cancellationToken, Int32 maxAttempts, Func`2 shouldRetry)
[2026-09-25 09:05:32Z ERR  BrokerServer] #####################################################
[2026-09-25 09:05:32Z ERR  BrokerServer] System.Threading.Tasks.TaskCanceledException: The operation was canceled.
 ---> System.IO.IOException: Unable to read data from the transport connection: Der E/A-Vorgang wurde wegen eines Threadendes oder einer Anwendungsanforderung abgebrochen..
 ---> System.Net.Sockets.SocketException (995): Der E/A-Vorgang wurde wegen eines Threadendes oder einer Anwendungsanforderung abgebrochen.
   --- End of inner exception stack trace ---
   at System.Net.Sockets.Socket.AwaitableSocketAsyncEventArgs.System.Threading.Tasks.Sources.IValueTaskSource<System.Int32>.GetResult(Int16 token)
   at System.Net.Security.SslStream.EnsureFullTlsFrameAsync[TIOAdapter](CancellationToken cancellationToken, Int32 estimatedSize)
   at System.Runtime.CompilerServices.PoolingAsyncValueTaskMethodBuilder`1.StateMachineBox`1.System.Threading.Tasks.Sources.IValueTaskSource<TResult>.GetResult(Int16 token)
   at System.Net.Security.SslStream.ReadAsyncInternal[TIOAdapter](Memory`1 buffer, CancellationToken cancellationToken)
   at System.Runtime.CompilerServices.PoolingAsyncValueTaskMethodBuilder`1.StateMachineBox`1.System.Threading.Tasks.Sources.IValueTaskSource<TResult>.GetResult(Int16 token)
   at System.Net.Http.HttpConnection.SendAsync(HttpRequestMessage request, Boolean async, CancellationToken cancellationToken)
   --- End of inner exception stack trace ---
   at System.Net.Http.HttpConnection.SendAsync(HttpRequestMessage request, Boolean async, CancellationToken cancellationToken)
   at System.Net.Http.AuthenticationHelper.SendWithNtAuthAsync(HttpRequestMessage request, Uri authUri, Boolean async, ICredentials credentials, Boolean isProxyAuth, HttpConnection connection, HttpConnectionPool connectionPool, CancellationToken cancellationToken)
   at System.Net.Http.HttpConnectionPool.SendWithVersionDetectionAndRetryAsync(HttpRequestMessage request, Boolean async, Boolean doRequestAuth, CancellationToken cancellationToken)
   at System.Net.Http.AuthenticationHelper.SendWithAuthAsync(HttpRequestMessage request, Uri authUri, Boolean async, ICredentials credentials, Boolean preAuthenticate, Boolean isProxyAuth, Boolean doRequestAuth, HttpConnectionPool pool, CancellationToken cancellationToken)
   at System.Net.Http.RedirectHandler.SendAsync(HttpRequestMessage request, Boolean async, CancellationToken cancellationToken)
   at GitHub.Services.Common.RawHttpMessageHandler.SendAsync(HttpRequestMessage request, CancellationToken cancellationToken)
   at GitHub.Services.Common.VssHttpRetryMessageHandler.SendAsync(HttpRequestMessage request, CancellationToken cancellationToken)
   at System.Net.Http.HttpClient.<SendAsync>g__Core|83_0(HttpRequestMessage request, HttpCompletionOption completionOption, CancellationTokenSource cts, Boolean disposeCts, CancellationTokenSource pendingRequestsCts, CancellationToken originalCancellationToken)
[2026-09-25 09:05:32Z ERR  BrokerServer] #####################################################
[2026-09-25 09:05:32Z ERR  BrokerServer] System.IO.IOException: Unable to read data from the transport connection: Der E/A-Vorgang wurde wegen eines Threadendes oder einer Anwendungsanforderung abgebrochen..
 ---> System.Net.Sockets.SocketException (995): Der E/A-Vorgang wurde wegen eines Threadendes oder einer Anwendungsanforderung abgebrochen.
   --- End of inner exception stack trace ---
   at System.Net.Sockets.Socket.AwaitableSocketAsyncEventArgs.System.Threading.Tasks.Sources.IValueTaskSource<System.Int32>.GetResult(Int16 token)
   at System.Net.Security.SslStream.EnsureFullTlsFrameAsync[TIOAdapter](CancellationToken cancellationToken, Int32 estimatedSize)
   at System.Runtime.CompilerServices.PoolingAsyncValueTaskMethodBuilder`1.StateMachineBox`1.System.Threading.Tasks.Sources.IValueTaskSource<TResult>.GetResult(Int16 token)
   at System.Net.Security.SslStream.ReadAsyncInternal[TIOAdapter](Memory`1 buffer, CancellationToken cancellationToken)
   at System.Runtime.CompilerServices.PoolingAsyncValueTaskMethodBuilder`1.StateMachineBox`1.System.Threading.Tasks.Sources.IValueTaskSource<TResult>.GetResult(Int16 token)
   at System.Net.Http.HttpConnection.SendAsync(HttpRequestMessage request, Boolean async, CancellationToken cancellationToken)
[2026-09-25 09:05:32Z ERR  BrokerServer] #####################################################
[2026-09-25 09:05:32Z ERR  BrokerServer] System.Net.Sockets.SocketException (995): Der E/A-Vorgang wurde wegen eines Threadendes oder einer Anwendungsanforderung abgebrochen.
[2026-09-25 09:05:32Z WARN BrokerServer] Back off 12,624 seconds before next retry. 4 attempt left.
[2026-09-25 09:05:32Z INFO BrokerMessageListener] Get messages has been cancelled using local token source. Continue to get messages with new status.
[2026-09-25 09:19:27Z INFO BrokerMessageListener] Acknowledging runner request '0c8e9df3-ace0-50db-a4b2-7e8a6eb54711'.
[2026-09-25 09:19:28Z INFO ConfigurationStore] HasCredentials()
[2026-09-25 09:19:28Z INFO ConfigurationStore] stored True
[2026-09-25 09:19:28Z INFO CredentialManager] GetCredentialProvider
[2026-09-25 09:19:28Z INFO CredentialManager] Creating type OAuth
[2026-09-25 09:19:28Z INFO CredentialManager] Creating credential type: OAuth
[2026-09-25 09:19:28Z INFO RSAEncryptedFileKeyManager] Loading RSA key parameters from file C:\Users\mcrngv0\test-write-api\test-write-api\actions-runner\.credentials_rsaparams
[2026-09-25 09:19:28Z INFO RSAEncryptedFileKeyManager] Loading RSA key parameters from file C:\Users\mcrngv0\test-write-api\test-write-api\actions-runner\.credentials_rsaparams
[2026-09-25 09:19:28Z INFO RSAEncryptedFileKeyManager] Loading RSA key parameters from file C:\Users\mcrngv0\test-write-api\test-write-api\actions-runner\.credentials_rsaparams
[2026-09-25 09:19:28Z INFO GitHubActionsService] AAD Correlation ID for this token request: Unknown
[2026-09-25 09:19:29Z INFO JobDispatcher] Job request 0 for plan caf3873f-9c60-4774-8f41-1c79226454ed job 0c8e9df3-ace0-50db-a4b2-7e8a6eb54711 received.
[2026-09-25 09:19:29Z INFO JobDispatcher] Pull OrchestrationId caf3873f-9c60-4774-8f41-1c79226454ed.build-and-push.__default from JWT claims
[2026-09-25 09:19:29Z INFO BrokerMessageListener] Received job status event. JobState: Busy
[2026-09-25 09:19:29Z INFO BrokerMessageListener] _getMessagesTokenSource is already disposed.
[2026-09-25 09:19:29Z INFO JobDispatcher] Job request 022e6712-b4fc-5cc2-a1fb-9e21bec59db0 processed succeed.
[2026-09-25 09:19:29Z INFO Terminal] WRITE LINE: 2026-09-25 09:19:29Z: Running job: build-and-push
[2026-09-25 09:19:29Z INFO JobDispatcher] Start renew job request 0 for job 0c8e9df3-ace0-50db-a4b2-7e8a6eb54711.
[2026-09-25 09:19:29Z INFO JobDispatcher] Successfully renew job 0c8e9df3-ace0-50db-a4b2-7e8a6eb54711, job is valid till 25.09.2026 09:29:29
[2026-09-25 09:19:29Z INFO HostContext] Well known directory 'Bin': 'C:\Users\mcrngv0\test-write-api\test-write-api\actions-runner\bin'
[2026-09-25 09:19:29Z INFO ProcessInvokerWrapper] Starting process:
[2026-09-25 09:19:29Z INFO ProcessInvokerWrapper]   File name: 'C:\Users\mcrngv0\test-write-api\test-write-api\actions-runner\bin\Runner.Worker.exe'
[2026-09-25 09:19:29Z INFO ProcessInvokerWrapper]   Arguments: 'spawnclient 2588 2600'
[2026-09-25 09:19:29Z INFO ProcessInvokerWrapper]   Working directory: 'C:\Users\mcrngv0\test-write-api\test-write-api\actions-runner\bin'
[2026-09-25 09:19:29Z INFO ProcessInvokerWrapper]   Require exit code zero: 'False'
[2026-09-25 09:19:29Z INFO ProcessInvokerWrapper]   Encoding web name:  ; code page: ''
[2026-09-25 09:19:29Z INFO ProcessInvokerWrapper]   Force kill process on cancellation: 'True'
[2026-09-25 09:19:29Z INFO ProcessInvokerWrapper]   Redirected STDIN: 'False'
[2026-09-25 09:19:29Z INFO ProcessInvokerWrapper]   Persist current code page: 'False'
[2026-09-25 09:19:29Z INFO ProcessInvokerWrapper]   Keep redirected STDIN open: 'False'
[2026-09-25 09:19:29Z INFO ProcessInvokerWrapper]   High priority process: 'True'
[2026-09-25 09:19:30Z INFO ProcessInvokerWrapper] Process started with process id 27856, waiting for process exit.
[2026-09-25 09:19:30Z INFO JobDispatcher] Send job request message to worker for job 0c8e9df3-ace0-50db-a4b2-7e8a6eb54711.
[2026-09-25 09:19:30Z INFO ProcessChannel] Sending message of length 25383, with hash '8e168942a74a742b260d92258fe9700840d47a6628fa9727ca1c61ef0d79b428'
[2026-09-25 09:19:33Z INFO JobNotification] Entering JobStarted Notification
[2026-09-25 09:19:33Z INFO JobNotification] Entering StartMonitor
[2026-09-25 09:20:30Z INFO JobDispatcher] Successfully renew job 0c8e9df3-ace0-50db-a4b2-7e8a6eb54711, job is valid till 25.09.2026 09:30:30
[2026-09-25 09:20:35Z INFO ProcessInvokerWrapper] STDOUT/STDERR stream read finished.
[2026-09-25 09:20:35Z INFO ProcessInvokerWrapper] STDOUT/STDERR stream read finished.
[2026-09-25 09:20:35Z INFO ProcessInvokerWrapper] Finished process 27856 with exit code 100, and elapsed time 00:01:05.5644287.
[2026-09-25 09:20:35Z INFO JobDispatcher] Worker finished for job 0c8e9df3-ace0-50db-a4b2-7e8a6eb54711. Code: 100
[2026-09-25 09:20:35Z INFO JobDispatcher] finish job request for job 0c8e9df3-ace0-50db-a4b2-7e8a6eb54711 with result: Succeeded
[2026-09-25 09:20:35Z INFO Terminal] WRITE LINE: 2026-09-25 09:20:35Z: Job build-and-push completed with result: Succeeded
[2026-09-25 09:20:35Z INFO JobDispatcher] Stop renew job request for job 0c8e9df3-ace0-50db-a4b2-7e8a6eb54711.
[2026-09-25 09:20:35Z INFO JobDispatcher] job renew has been cancelled, stop renew job 0c8e9df3-ace0-50db-a4b2-7e8a6eb54711.
[2026-09-25 09:20:35Z INFO JobNotification] Entering JobCompleted Notification
[2026-09-25 09:20:35Z INFO JobNotification] Entering EndMonitor
[2026-09-25 09:20:35Z INFO BrokerMessageListener] Received job status event. JobState: Online
[2026-09-25 09:20:35Z WARN GitHubActionsService] GET request to https://broker.actions.githubusercontent.com/message?sessionId=d824ca3c-9294-4948-a4e4-c0333f685e19&status=Busy&runnerVersion=2.337.0&os=Windows&architecture=X64&disableUpdate=false has been cancelled.
[2026-09-25 09:20:35Z ERR  BrokerServer] Catch exception during request
[2026-09-25 09:20:35Z ERR  BrokerServer] System.Threading.Tasks.TaskCanceledException: The operation was canceled.
 ---> System.Threading.Tasks.TaskCanceledException: The operation was canceled.
 ---> System.IO.IOException: Unable to read data from the transport connection: Der E/A-Vorgang wurde wegen eines Threadendes oder einer Anwendungsanforderung abgebrochen..
 ---> System.Net.Sockets.SocketException (995): Der E/A-Vorgang wurde wegen eines Threadendes oder einer Anwendungsanforderung abgebrochen.
   --- End of inner exception stack trace ---
   at System.Net.Sockets.Socket.AwaitableSocketAsyncEventArgs.System.Threading.Tasks.Sources.IValueTaskSource<System.Int32>.GetResult(Int16 token)
   at System.Net.Security.SslStream.EnsureFullTlsFrameAsync[TIOAdapter](CancellationToken cancellationToken, Int32 estimatedSize)
   at System.Runtime.CompilerServices.PoolingAsyncValueTaskMethodBuilder`1.StateMachineBox`1.System.Threading.Tasks.Sources.IValueTaskSource<TResult>.GetResult(Int16 token)
   at System.Net.Security.SslStream.ReadAsyncInternal[TIOAdapter](Memory`1 buffer, CancellationToken cancellationToken)
   at System.Runtime.CompilerServices.PoolingAsyncValueTaskMethodBuilder`1.StateMachineBox`1.System.Threading.Tasks.Sources.IValueTaskSource<TResult>.GetResult(Int16 token)
   at System.Net.Http.HttpConnection.SendAsync(HttpRequestMessage request, Boolean async, CancellationToken cancellationToken)
   --- End of inner exception stack trace ---
   at System.Net.Http.HttpConnection.SendAsync(HttpRequestMessage request, Boolean async, CancellationToken cancellationToken)
   at System.Net.Http.AuthenticationHelper.SendWithNtAuthAsync(HttpRequestMessage request, Uri authUri, Boolean async, ICredentials credentials, Boolean isProxyAuth, HttpConnection connection, HttpConnectionPool connectionPool, CancellationToken cancellationToken)
   at System.Net.Http.HttpConnectionPool.SendWithVersionDetectionAndRetryAsync(HttpRequestMessage request, Boolean async, Boolean doRequestAuth, CancellationToken cancellationToken)
   at System.Net.Http.AuthenticationHelper.SendWithAuthAsync(HttpRequestMessage request, Uri authUri, Boolean async, ICredentials credentials, Boolean preAuthenticate, Boolean isProxyAuth, Boolean doRequestAuth, HttpConnectionPool pool, CancellationToken cancellationToken)
   at System.Net.Http.RedirectHandler.SendAsync(HttpRequestMessage request, Boolean async, CancellationToken cancellationToken)
   at GitHub.Services.Common.RawHttpMessageHandler.SendAsync(HttpRequestMessage request, CancellationToken cancellationToken)
   at GitHub.Services.Common.VssHttpRetryMessageHandler.SendAsync(HttpRequestMessage request, CancellationToken cancellationToken)
   at System.Net.Http.HttpClient.<SendAsync>g__Core|83_0(HttpRequestMessage request, HttpCompletionOption completionOption, CancellationTokenSource cts, Boolean disposeCts, CancellationTokenSource pendingRequestsCts, CancellationToken originalCancellationToken)
   --- End of inner exception stack trace ---
   at System.Net.Http.HttpClient.HandleFailure(Exception e, Boolean telemetryStarted, HttpResponseMessage response, CancellationTokenSource cts, CancellationToken cancellationToken, CancellationTokenSource pendingRequestsCts)
   at System.Net.Http.HttpClient.<SendAsync>g__Core|83_0(HttpRequestMessage request, HttpCompletionOption completionOption, CancellationTokenSource cts, Boolean disposeCts, CancellationTokenSource pendingRequestsCts, CancellationToken originalCancellationToken)
   at Sdk.WebApi.WebApi.RawHttpClientBase.SendAsync(HttpRequestMessage message, HttpCompletionOption completionOption, Object userState, CancellationToken cancellationToken)
   at Sdk.WebApi.WebApi.RawHttpClientBase.SendAsync[T](HttpRequestMessage message, Boolean readErrorBody, Object userState, CancellationToken cancellationToken)
   at Sdk.WebApi.WebApi.RawHttpClientBase.SendAsync[T](HttpMethod method, IEnumerable`1 additionalHeaders, Uri requestUri, HttpContent content, IEnumerable`1 queryParameters, Boolean readErrorBody, Object userState, CancellationToken cancellationToken)
   at GitHub.Actions.RunService.WebApi.BrokerHttpClient.GetRunnerMessageAsync(Nullable`1 sessionId, String runnerVersion, Nullable`1 status, String os, String architecture, Nullable`1 disableUpdate, CancellationToken cancellationToken)
   at GitHub.Runner.Common.BrokerServer.<>c__DisplayClass7_0.<<GetRunnerMessageAsync>b__0>d.MoveNext()
--- End of stack trace from previous location ---
   at GitHub.Runner.Common.RunnerService.RetryRequest[T](Func`1 func, CancellationToken cancellationToken, Int32 maxAttempts, Func`2 shouldRetry)
[2026-09-25 09:20:35Z ERR  BrokerServer] #####################################################
[2026-09-25 09:20:35Z ERR  BrokerServer] System.Threading.Tasks.TaskCanceledException: The operation was canceled.
 ---> System.IO.IOException: Unable to read data from the transport connection: Der E/A-Vorgang wurde wegen eines Threadendes oder einer Anwendungsanforderung abgebrochen..
 ---> System.Net.Sockets.SocketException (995): Der E/A-Vorgang wurde wegen eines Threadendes oder einer Anwendungsanforderung abgebrochen.
   --- End of inner exception stack trace ---
   at System.Net.Sockets.Socket.AwaitableSocketAsyncEventArgs.System.Threading.Tasks.Sources.IValueTaskSource<System.Int32>.GetResult(Int16 token)
   at System.Net.Security.SslStream.EnsureFullTlsFrameAsync[TIOAdapter](CancellationToken cancellationToken, Int32 estimatedSize)
   at System.Runtime.CompilerServices.PoolingAsyncValueTaskMethodBuilder`1.StateMachineBox`1.System.Threading.Tasks.Sources.IValueTaskSource<TResult>.GetResult(Int16 token)
   at System.Net.Security.SslStream.ReadAsyncInternal[TIOAdapter](Memory`1 buffer, CancellationToken cancellationToken)
   at System.Runtime.CompilerServices.PoolingAsyncValueTaskMethodBuilder`1.StateMachineBox`1.System.Threading.Tasks.Sources.IValueTaskSource<TResult>.GetResult(Int16 token)
   at System.Net.Http.HttpConnection.SendAsync(HttpRequestMessage request, Boolean async, CancellationToken cancellationToken)
   --- End of inner exception stack trace ---
   at System.Net.Http.HttpConnection.SendAsync(HttpRequestMessage request, Boolean async, CancellationToken cancellationToken)
   at System.Net.Http.AuthenticationHelper.SendWithNtAuthAsync(HttpRequestMessage request, Uri authUri, Boolean async, ICredentials credentials, Boolean isProxyAuth, HttpConnection connection, HttpConnectionPool connectionPool, CancellationToken cancellationToken)
   at System.Net.Http.HttpConnectionPool.SendWithVersionDetectionAndRetryAsync(HttpRequestMessage request, Boolean async, Boolean doRequestAuth, CancellationToken cancellationToken)
   at System.Net.Http.AuthenticationHelper.SendWithAuthAsync(HttpRequestMessage request, Uri authUri, Boolean async, ICredentials credentials, Boolean preAuthenticate, Boolean isProxyAuth, Boolean doRequestAuth, HttpConnectionPool pool, CancellationToken cancellationToken)
   at System.Net.Http.RedirectHandler.SendAsync(HttpRequestMessage request, Boolean async, CancellationToken cancellationToken)
   at GitHub.Services.Common.RawHttpMessageHandler.SendAsync(HttpRequestMessage request, CancellationToken cancellationToken)
   at GitHub.Services.Common.VssHttpRetryMessageHandler.SendAsync(HttpRequestMessage request, CancellationToken cancellationToken)
   at System.Net.Http.HttpClient.<SendAsync>g__Core|83_0(HttpRequestMessage request, HttpCompletionOption completionOption, CancellationTokenSource cts, Boolean disposeCts, CancellationTokenSource pendingRequestsCts, CancellationToken originalCancellationToken)
[2026-09-25 09:20:35Z ERR  BrokerServer] #####################################################
[2026-09-25 09:20:35Z ERR  BrokerServer] System.IO.IOException: Unable to read data from the transport connection: Der E/A-Vorgang wurde wegen eines Threadendes oder einer Anwendungsanforderung abgebrochen..
 ---> System.Net.Sockets.SocketException (995): Der E/A-Vorgang wurde wegen eines Threadendes oder einer Anwendungsanforderung abgebrochen.
   --- End of inner exception stack trace ---
   at System.Net.Sockets.Socket.AwaitableSocketAsyncEventArgs.System.Threading.Tasks.Sources.IValueTaskSource<System.Int32>.GetResult(Int16 token)
   at System.Net.Security.SslStream.EnsureFullTlsFrameAsync[TIOAdapter](CancellationToken cancellationToken, Int32 estimatedSize)
   at System.Runtime.CompilerServices.PoolingAsyncValueTaskMethodBuilder`1.StateMachineBox`1.System.Threading.Tasks.Sources.IValueTaskSource<TResult>.GetResult(Int16 token)
   at System.Net.Security.SslStream.ReadAsyncInternal[TIOAdapter](Memory`1 buffer, CancellationToken cancellationToken)
   at System.Runtime.CompilerServices.PoolingAsyncValueTaskMethodBuilder`1.StateMachineBox`1.System.Threading.Tasks.Sources.IValueTaskSource<TResult>.GetResult(Int16 token)
   at System.Net.Http.HttpConnection.SendAsync(HttpRequestMessage request, Boolean async, CancellationToken cancellationToken)
[2026-09-25 09:20:35Z ERR  BrokerServer] #####################################################
[2026-09-25 09:20:35Z ERR  BrokerServer] System.Net.Sockets.SocketException (995): Der E/A-Vorgang wurde wegen eines Threadendes oder einer Anwendungsanforderung abgebrochen.
[2026-09-25 09:20:35Z WARN BrokerServer] Back off 6,47 seconds before next retry. 4 attempt left.
[2026-09-25 09:20:35Z INFO BrokerMessageListener] Get messages has been cancelled using local token source. Continue to get messages with new status.
[2026-09-25 09:23:35Z INFO BrokerMessageListener] Acknowledging runner request '02cbc142-8fca-56de-aef5-9da761e1e8c9'.
[2026-09-25 09:23:35Z INFO ConfigurationStore] HasCredentials()
[2026-09-25 09:23:35Z INFO ConfigurationStore] stored True
[2026-09-25 09:23:35Z INFO CredentialManager] GetCredentialProvider
[2026-09-25 09:23:35Z INFO CredentialManager] Creating type OAuth
[2026-09-25 09:23:35Z INFO CredentialManager] Creating credential type: OAuth
[2026-09-25 09:23:35Z INFO RSAEncryptedFileKeyManager] Loading RSA key parameters from file C:\Users\mcrngv0\test-write-api\test-write-api\actions-runner\.credentials_rsaparams
[2026-09-25 09:23:35Z INFO RSAEncryptedFileKeyManager] Loading RSA key parameters from file C:\Users\mcrngv0\test-write-api\test-write-api\actions-runner\.credentials_rsaparams
[2026-09-25 09:23:35Z INFO RSAEncryptedFileKeyManager] Loading RSA key parameters from file C:\Users\mcrngv0\test-write-api\test-write-api\actions-runner\.credentials_rsaparams
[2026-09-25 09:23:35Z INFO GitHubActionsService] AAD Correlation ID for this token request: Unknown
[2026-09-25 09:23:36Z INFO JobDispatcher] Job request 0 for plan 29096c33-66b4-4375-b036-0fbc46285376 job 02cbc142-8fca-56de-aef5-9da761e1e8c9 received.
[2026-09-25 09:23:36Z INFO JobDispatcher] Pull OrchestrationId 29096c33-66b4-4375-b036-0fbc46285376.build-and-push.__default from JWT claims
[2026-09-25 09:23:36Z INFO BrokerMessageListener] Received job status event. JobState: Busy
[2026-09-25 09:23:36Z INFO BrokerMessageListener] _getMessagesTokenSource is already disposed.
[2026-09-25 09:23:36Z INFO JobDispatcher] Job request 0c8e9df3-ace0-50db-a4b2-7e8a6eb54711 processed succeed.
[2026-09-25 09:23:36Z INFO Terminal] WRITE LINE: 2026-09-25 09:23:36Z: Running job: build-and-push
[2026-09-25 09:23:36Z INFO JobDispatcher] Start renew job request 0 for job 02cbc142-8fca-56de-aef5-9da761e1e8c9.
[2026-09-25 09:23:36Z INFO JobDispatcher] Successfully renew job 02cbc142-8fca-56de-aef5-9da761e1e8c9, job is valid till 25.09.2026 09:33:36
[2026-09-25 09:23:36Z INFO HostContext] Well known directory 'Bin': 'C:\Users\mcrngv0\test-write-api\test-write-api\actions-runner\bin'
[2026-09-25 09:23:36Z INFO ProcessInvokerWrapper] Starting process:
[2026-09-25 09:23:36Z INFO ProcessInvokerWrapper]   File name: 'C:\Users\mcrngv0\test-write-api\test-write-api\actions-runner\bin\Runner.Worker.exe'
[2026-09-25 09:23:36Z INFO ProcessInvokerWrapper]   Arguments: 'spawnclient 2064 2552'
[2026-09-25 09:23:36Z INFO ProcessInvokerWrapper]   Working directory: 'C:\Users\mcrngv0\test-write-api\test-write-api\actions-runner\bin'
[2026-09-25 09:23:36Z INFO ProcessInvokerWrapper]   Require exit code zero: 'False'
[2026-09-25 09:23:36Z INFO ProcessInvokerWrapper]   Encoding web name:  ; code page: ''
[2026-09-25 09:23:36Z INFO ProcessInvokerWrapper]   Force kill process on cancellation: 'True'
[2026-09-25 09:23:36Z INFO ProcessInvokerWrapper]   Redirected STDIN: 'False'
[2026-09-25 09:23:36Z INFO ProcessInvokerWrapper]   Persist current code page: 'False'
[2026-09-25 09:23:36Z INFO ProcessInvokerWrapper]   Keep redirected STDIN open: 'False'
[2026-09-25 09:23:36Z INFO ProcessInvokerWrapper]   High priority process: 'True'
[2026-09-25 09:23:37Z INFO ProcessInvokerWrapper] Process started with process id 14268, waiting for process exit.
[2026-09-25 09:23:37Z INFO JobDispatcher] Send job request message to worker for job 02cbc142-8fca-56de-aef5-9da761e1e8c9.
[2026-09-25 09:23:37Z INFO ProcessChannel] Sending message of length 25383, with hash '5d4ee1e863cee99af36410e1a9e3d0e4b7ba5aab73e1cc302559d1d9c932d63a'
[2026-09-25 09:23:39Z INFO JobNotification] Entering JobStarted Notification
[2026-09-25 09:23:39Z INFO JobNotification] Entering StartMonitor
[2026-09-25 09:24:37Z INFO JobDispatcher] Successfully renew job 02cbc142-8fca-56de-aef5-9da761e1e8c9, job is valid till 25.09.2026 09:34:37
[2026-09-25 09:24:46Z INFO ProcessInvokerWrapper] STDOUT/STDERR stream read finished.
[2026-09-25 09:24:46Z INFO ProcessInvokerWrapper] STDOUT/STDERR stream read finished.
[2026-09-25 09:24:46Z INFO ProcessInvokerWrapper] Finished process 14268 with exit code 100, and elapsed time 00:01:09.5667649.
[2026-09-25 09:24:46Z INFO JobDispatcher] Worker finished for job 02cbc142-8fca-56de-aef5-9da761e1e8c9. Code: 100
[2026-09-25 09:24:46Z INFO JobDispatcher] finish job request for job 02cbc142-8fca-56de-aef5-9da761e1e8c9 with result: Succeeded
[2026-09-25 09:24:46Z INFO Terminal] WRITE LINE: 2026-09-25 09:24:46Z: Job build-and-push completed with result: Succeeded
[2026-09-25 09:24:46Z INFO JobDispatcher] Stop renew job request for job 02cbc142-8fca-56de-aef5-9da761e1e8c9.
[2026-09-25 09:24:46Z INFO JobDispatcher] job renew has been cancelled, stop renew job 02cbc142-8fca-56de-aef5-9da761e1e8c9.
[2026-09-25 09:24:46Z INFO JobNotification] Entering JobCompleted Notification
[2026-09-25 09:24:46Z INFO JobNotification] Entering EndMonitor
[2026-09-25 09:24:46Z INFO BrokerMessageListener] Received job status event. JobState: Online
[2026-09-25 09:24:46Z WARN GitHubActionsService] GET request to https://broker.actions.githubusercontent.com/message?sessionId=d824ca3c-9294-4948-a4e4-c0333f685e19&status=Busy&runnerVersion=2.337.0&os=Windows&architecture=X64&disableUpdate=false has been cancelled.
[2026-09-25 09:24:46Z ERR  BrokerServer] Catch exception during request
[2026-09-25 09:24:46Z ERR  BrokerServer] System.Threading.Tasks.TaskCanceledException: The operation was canceled.
 ---> System.Threading.Tasks.TaskCanceledException: The operation was canceled.
 ---> System.IO.IOException: Unable to read data from the transport connection: Der E/A-Vorgang wurde wegen eines Threadendes oder einer Anwendungsanforderung abgebrochen..
 ---> System.Net.Sockets.SocketException (995): Der E/A-Vorgang wurde wegen eines Threadendes oder einer Anwendungsanforderung abgebrochen.
   --- End of inner exception stack trace ---
   at System.Net.Sockets.Socket.AwaitableSocketAsyncEventArgs.System.Threading.Tasks.Sources.IValueTaskSource<System.Int32>.GetResult(Int16 token)
   at System.Net.Security.SslStream.EnsureFullTlsFrameAsync[TIOAdapter](CancellationToken cancellationToken, Int32 estimatedSize)
   at System.Runtime.CompilerServices.PoolingAsyncValueTaskMethodBuilder`1.StateMachineBox`1.System.Threading.Tasks.Sources.IValueTaskSource<TResult>.GetResult(Int16 token)
   at System.Net.Security.SslStream.ReadAsyncInternal[TIOAdapter](Memory`1 buffer, CancellationToken cancellationToken)
   at System.Runtime.CompilerServices.PoolingAsyncValueTaskMethodBuilder`1.StateMachineBox`1.System.Threading.Tasks.Sources.IValueTaskSource<TResult>.GetResult(Int16 token)
   at System.Net.Http.HttpConnection.SendAsync(HttpRequestMessage request, Boolean async, CancellationToken cancellationToken)
   --- End of inner exception stack trace ---
   at System.Net.Http.HttpConnection.SendAsync(HttpRequestMessage request, Boolean async, CancellationToken cancellationToken)
   at System.Net.Http.AuthenticationHelper.SendWithNtAuthAsync(HttpRequestMessage request, Uri authUri, Boolean async, ICredentials credentials, Boolean isProxyAuth, HttpConnection connection, HttpConnectionPool connectionPool, CancellationToken cancellationToken)
   at System.Net.Http.HttpConnectionPool.SendWithVersionDetectionAndRetryAsync(HttpRequestMessage request, Boolean async, Boolean doRequestAuth, CancellationToken cancellationToken)
   at System.Net.Http.AuthenticationHelper.SendWithAuthAsync(HttpRequestMessage request, Uri authUri, Boolean async, ICredentials credentials, Boolean preAuthenticate, Boolean isProxyAuth, Boolean doRequestAuth, HttpConnectionPool pool, CancellationToken cancellationToken)
   at System.Net.Http.RedirectHandler.SendAsync(HttpRequestMessage request, Boolean async, CancellationToken cancellationToken)
   at GitHub.Services.Common.RawHttpMessageHandler.SendAsync(HttpRequestMessage request, CancellationToken cancellationToken)
   at GitHub.Services.Common.VssHttpRetryMessageHandler.SendAsync(HttpRequestMessage request, CancellationToken cancellationToken)
   at System.Net.Http.HttpClient.<SendAsync>g__Core|83_0(HttpRequestMessage request, HttpCompletionOption completionOption, CancellationTokenSource cts, Boolean disposeCts, CancellationTokenSource pendingRequestsCts, CancellationToken originalCancellationToken)
   --- End of inner exception stack trace ---
   at System.Net.Http.HttpClient.HandleFailure(Exception e, Boolean telemetryStarted, HttpResponseMessage response, CancellationTokenSource cts, CancellationToken cancellationToken, CancellationTokenSource pendingRequestsCts)
   at System.Net.Http.HttpClient.<SendAsync>g__Core|83_0(HttpRequestMessage request, HttpCompletionOption completionOption, CancellationTokenSource cts, Boolean disposeCts, CancellationTokenSource pendingRequestsCts, CancellationToken originalCancellationToken)
   at Sdk.WebApi.WebApi.RawHttpClientBase.SendAsync(HttpRequestMessage message, HttpCompletionOption completionOption, Object userState, CancellationToken cancellationToken)
   at Sdk.WebApi.WebApi.RawHttpClientBase.SendAsync[T](HttpRequestMessage message, Boolean readErrorBody, Object userState, CancellationToken cancellationToken)
   at Sdk.WebApi.WebApi.RawHttpClientBase.SendAsync[T](HttpMethod method, IEnumerable`1 additionalHeaders, Uri requestUri, HttpContent content, IEnumerable`1 queryParameters, Boolean readErrorBody, Object userState, CancellationToken cancellationToken)
   at GitHub.Actions.RunService.WebApi.BrokerHttpClient.GetRunnerMessageAsync(Nullable`1 sessionId, String runnerVersion, Nullable`1 status, String os, String architecture, Nullable`1 disableUpdate, CancellationToken cancellationToken)
   at GitHub.Runner.Common.BrokerServer.<>c__DisplayClass7_0.<<GetRunnerMessageAsync>b__0>d.MoveNext()
--- End of stack trace from previous location ---
   at GitHub.Runner.Common.RunnerService.RetryRequest[T](Func`1 func, CancellationToken cancellationToken, Int32 maxAttempts, Func`2 shouldRetry)
[2026-09-25 09:24:46Z ERR  BrokerServer] #####################################################
[2026-09-25 09:24:46Z ERR  BrokerServer] System.Threading.Tasks.TaskCanceledException: The operation was canceled.
 ---> System.IO.IOException: Unable to read data from the transport connection: Der E/A-Vorgang wurde wegen eines Threadendes oder einer Anwendungsanforderung abgebrochen..
 ---> System.Net.Sockets.SocketException (995): Der E/A-Vorgang wurde wegen eines Threadendes oder einer Anwendungsanforderung abgebrochen.
   --- End of inner exception stack trace ---
   at System.Net.Sockets.Socket.AwaitableSocketAsyncEventArgs.System.Threading.Tasks.Sources.IValueTaskSource<System.Int32>.GetResult(Int16 token)
   at System.Net.Security.SslStream.EnsureFullTlsFrameAsync[TIOAdapter](CancellationToken cancellationToken, Int32 estimatedSize)
   at System.Runtime.CompilerServices.PoolingAsyncValueTaskMethodBuilder`1.StateMachineBox`1.System.Threading.Tasks.Sources.IValueTaskSource<TResult>.GetResult(Int16 token)
   at System.Net.Security.SslStream.ReadAsyncInternal[TIOAdapter](Memory`1 buffer, CancellationToken cancellationToken)
   at System.Runtime.CompilerServices.PoolingAsyncValueTaskMethodBuilder`1.StateMachineBox`1.System.Threading.Tasks.Sources.IValueTaskSource<TResult>.GetResult(Int16 token)
   at System.Net.Http.HttpConnection.SendAsync(HttpRequestMessage request, Boolean async, CancellationToken cancellationToken)
   --- End of inner exception stack trace ---
   at System.Net.Http.HttpConnection.SendAsync(HttpRequestMessage request, Boolean async, CancellationToken cancellationToken)
   at System.Net.Http.AuthenticationHelper.SendWithNtAuthAsync(HttpRequestMessage request, Uri authUri, Boolean async, ICredentials credentials, Boolean isProxyAuth, HttpConnection connection, HttpConnectionPool connectionPool, CancellationToken cancellationToken)
   at System.Net.Http.HttpConnectionPool.SendWithVersionDetectionAndRetryAsync(HttpRequestMessage request, Boolean async, Boolean doRequestAuth, CancellationToken cancellationToken)
   at System.Net.Http.AuthenticationHelper.SendWithAuthAsync(HttpRequestMessage request, Uri authUri, Boolean async, ICredentials credentials, Boolean preAuthenticate, Boolean isProxyAuth, Boolean doRequestAuth, HttpConnectionPool pool, CancellationToken cancellationToken)
   at System.Net.Http.RedirectHandler.SendAsync(HttpRequestMessage request, Boolean async, CancellationToken cancellationToken)
   at GitHub.Services.Common.RawHttpMessageHandler.SendAsync(HttpRequestMessage request, CancellationToken cancellationToken)
   at GitHub.Services.Common.VssHttpRetryMessageHandler.SendAsync(HttpRequestMessage request, CancellationToken cancellationToken)
   at System.Net.Http.HttpClient.<SendAsync>g__Core|83_0(HttpRequestMessage request, HttpCompletionOption completionOption, CancellationTokenSource cts, Boolean disposeCts, CancellationTokenSource pendingRequestsCts, CancellationToken originalCancellationToken)
[2026-09-25 09:24:46Z ERR  BrokerServer] #####################################################
[2026-09-25 09:24:46Z ERR  BrokerServer] System.IO.IOException: Unable to read data from the transport connection: Der E/A-Vorgang wurde wegen eines Threadendes oder einer Anwendungsanforderung abgebrochen..
 ---> System.Net.Sockets.SocketException (995): Der E/A-Vorgang wurde wegen eines Threadendes oder einer Anwendungsanforderung abgebrochen.
   --- End of inner exception stack trace ---
   at System.Net.Sockets.Socket.AwaitableSocketAsyncEventArgs.System.Threading.Tasks.Sources.IValueTaskSource<System.Int32>.GetResult(Int16 token)
   at System.Net.Security.SslStream.EnsureFullTlsFrameAsync[TIOAdapter](CancellationToken cancellationToken, Int32 estimatedSize)
   at System.Runtime.CompilerServices.PoolingAsyncValueTaskMethodBuilder`1.StateMachineBox`1.System.Threading.Tasks.Sources.IValueTaskSource<TResult>.GetResult(Int16 token)
   at System.Net.Security.SslStream.ReadAsyncInternal[TIOAdapter](Memory`1 buffer, CancellationToken cancellationToken)
   at System.Runtime.CompilerServices.PoolingAsyncValueTaskMethodBuilder`1.StateMachineBox`1.System.Threading.Tasks.Sources.IValueTaskSource<TResult>.GetResult(Int16 token)
   at System.Net.Http.HttpConnection.SendAsync(HttpRequestMessage request, Boolean async, CancellationToken cancellationToken)
[2026-09-25 09:24:46Z ERR  BrokerServer] #####################################################
[2026-09-25 09:24:46Z ERR  BrokerServer] System.Net.Sockets.SocketException (995): Der E/A-Vorgang wurde wegen eines Threadendes oder einer Anwendungsanforderung abgebrochen.
[2026-09-25 09:24:46Z WARN BrokerServer] Back off 8,508 seconds before next retry. 4 attempt left.
[2026-09-25 09:24:46Z INFO BrokerMessageListener] Get messages has been cancelled using local token source. Continue to get messages with new status.
[2026-09-25 09:28:24Z INFO BrokerMessageListener] Acknowledging runner request '23c99f61-5cd8-5995-9fb9-4ef17d61d486'.
[2026-09-25 09:28:24Z INFO ConfigurationStore] HasCredentials()
[2026-09-25 09:28:24Z INFO ConfigurationStore] stored True
[2026-09-25 09:28:24Z INFO CredentialManager] GetCredentialProvider
[2026-09-25 09:28:24Z INFO CredentialManager] Creating type OAuth
[2026-09-25 09:28:24Z INFO CredentialManager] Creating credential type: OAuth
[2026-09-25 09:28:24Z INFO RSAEncryptedFileKeyManager] Loading RSA key parameters from file C:\Users\mcrngv0\test-write-api\test-write-api\actions-runner\.credentials_rsaparams
[2026-09-25 09:28:24Z INFO RSAEncryptedFileKeyManager] Loading RSA key parameters from file C:\Users\mcrngv0\test-write-api\test-write-api\actions-runner\.credentials_rsaparams
[2026-09-25 09:28:24Z INFO RSAEncryptedFileKeyManager] Loading RSA key parameters from file C:\Users\mcrngv0\test-write-api\test-write-api\actions-runner\.credentials_rsaparams
[2026-09-25 09:28:25Z INFO GitHubActionsService] AAD Correlation ID for this token request: Unknown
[2026-09-25 09:28:25Z INFO JobDispatcher] Job request 0 for plan 5b3c13e8-a2d8-4a89-a966-d6d81ee84a6c job 23c99f61-5cd8-5995-9fb9-4ef17d61d486 received.
[2026-09-25 09:28:25Z INFO JobDispatcher] Pull OrchestrationId 5b3c13e8-a2d8-4a89-a966-d6d81ee84a6c.build-and-push.__default from JWT claims
[2026-09-25 09:28:25Z INFO BrokerMessageListener] Received job status event. JobState: Busy
[2026-09-25 09:28:25Z INFO BrokerMessageListener] _getMessagesTokenSource is already disposed.
[2026-09-25 09:28:25Z INFO JobDispatcher] Job request 02cbc142-8fca-56de-aef5-9da761e1e8c9 processed succeed.
[2026-09-25 09:28:25Z INFO Terminal] WRITE LINE: 2026-09-25 09:28:25Z: Running job: build-and-push
[2026-09-25 09:28:25Z INFO JobDispatcher] Start renew job request 0 for job 23c99f61-5cd8-5995-9fb9-4ef17d61d486.
[2026-09-25 09:28:26Z INFO JobDispatcher] Successfully renew job 23c99f61-5cd8-5995-9fb9-4ef17d61d486, job is valid till 25.09.2026 09:38:26
[2026-09-25 09:28:26Z INFO HostContext] Well known directory 'Bin': 'C:\Users\mcrngv0\test-write-api\test-write-api\actions-runner\bin'
[2026-09-25 09:28:26Z INFO ProcessInvokerWrapper] Starting process:
[2026-09-25 09:28:26Z INFO ProcessInvokerWrapper]   File name: 'C:\Users\mcrngv0\test-write-api\test-write-api\actions-runner\bin\Runner.Worker.exe'
[2026-09-25 09:28:26Z INFO ProcessInvokerWrapper]   Arguments: 'spawnclient 2072 1436'
[2026-09-25 09:28:26Z INFO ProcessInvokerWrapper]   Working directory: 'C:\Users\mcrngv0\test-write-api\test-write-api\actions-runner\bin'
[2026-09-25 09:28:26Z INFO ProcessInvokerWrapper]   Require exit code zero: 'False'
[2026-09-25 09:28:26Z INFO ProcessInvokerWrapper]   Encoding web name:  ; code page: ''
[2026-09-25 09:28:26Z INFO ProcessInvokerWrapper]   Force kill process on cancellation: 'True'
[2026-09-25 09:28:26Z INFO ProcessInvokerWrapper]   Redirected STDIN: 'False'
[2026-09-25 09:28:26Z INFO ProcessInvokerWrapper]   Persist current code page: 'False'
[2026-09-25 09:28:26Z INFO ProcessInvokerWrapper]   Keep redirected STDIN open: 'False'
[2026-09-25 09:28:26Z INFO ProcessInvokerWrapper]   High priority process: 'True'
[2026-09-25 09:28:26Z INFO ProcessInvokerWrapper] Process started with process id 20184, waiting for process exit.
[2026-09-25 09:28:26Z INFO JobDispatcher] Send job request message to worker for job 23c99f61-5cd8-5995-9fb9-4ef17d61d486.
[2026-09-25 09:28:26Z INFO ProcessChannel] Sending message of length 25144, with hash 'c934d930c1359e328f0f038eafff6d2333ae8bc72175c66331dca2d8431e50e1'
[2026-09-25 09:28:26Z INFO JobNotification] Entering JobStarted Notification
[2026-09-25 09:28:26Z INFO JobNotification] Entering StartMonitor
[2026-09-25 09:29:19Z INFO ProcessInvokerWrapper] STDOUT/STDERR stream read finished.
[2026-09-25 09:29:19Z INFO ProcessInvokerWrapper] STDOUT/STDERR stream read finished.
[2026-09-25 09:29:19Z INFO ProcessInvokerWrapper] Finished process 20184 with exit code 100, and elapsed time 00:00:53.2226353.
[2026-09-25 09:29:19Z INFO JobDispatcher] Worker finished for job 23c99f61-5cd8-5995-9fb9-4ef17d61d486. Code: 100
[2026-09-25 09:29:19Z INFO JobDispatcher] finish job request for job 23c99f61-5cd8-5995-9fb9-4ef17d61d486 with result: Succeeded
[2026-09-25 09:29:19Z INFO Terminal] WRITE LINE: 2026-09-25 09:29:19Z: Job build-and-push completed with result: Succeeded
[2026-09-25 09:29:19Z INFO JobDispatcher] Stop renew job request for job 23c99f61-5cd8-5995-9fb9-4ef17d61d486.
[2026-09-25 09:29:19Z INFO JobDispatcher] job renew has been cancelled, stop renew job 23c99f61-5cd8-5995-9fb9-4ef17d61d486.
[2026-09-25 09:29:19Z INFO JobNotification] Entering JobCompleted Notification
[2026-09-25 09:29:19Z INFO JobNotification] Entering EndMonitor
[2026-09-25 09:29:19Z INFO BrokerMessageListener] Received job status event. JobState: Online
[2026-09-25 09:29:19Z WARN GitHubActionsService] GET request to https://broker.actions.githubusercontent.com/message?sessionId=d824ca3c-9294-4948-a4e4-c0333f685e19&status=Busy&runnerVersion=2.337.0&os=Windows&architecture=X64&disableUpdate=false has been cancelled.
[2026-09-25 09:29:19Z ERR  BrokerServer] Catch exception during request
[2026-09-25 09:29:19Z ERR  BrokerServer] System.Threading.Tasks.TaskCanceledException: The operation was canceled.
 ---> System.Threading.Tasks.TaskCanceledException: The operation was canceled.
 ---> System.IO.IOException: Unable to read data from the transport connection: Der E/A-Vorgang wurde wegen eines Threadendes oder einer Anwendungsanforderung abgebrochen..
 ---> System.Net.Sockets.SocketException (995): Der E/A-Vorgang wurde wegen eines Threadendes oder einer Anwendungsanforderung abgebrochen.
   --- End of inner exception stack trace ---
   at System.Net.Sockets.Socket.AwaitableSocketAsyncEventArgs.System.Threading.Tasks.Sources.IValueTaskSource<System.Int32>.GetResult(Int16 token)
   at System.Net.Security.SslStream.EnsureFullTlsFrameAsync[TIOAdapter](CancellationToken cancellationToken, Int32 estimatedSize)
   at System.Runtime.CompilerServices.PoolingAsyncValueTaskMethodBuilder`1.StateMachineBox`1.System.Threading.Tasks.Sources.IValueTaskSource<TResult>.GetResult(Int16 token)
   at System.Net.Security.SslStream.ReadAsyncInternal[TIOAdapter](Memory`1 buffer, CancellationToken cancellationToken)
   at System.Runtime.CompilerServices.PoolingAsyncValueTaskMethodBuilder`1.StateMachineBox`1.System.Threading.Tasks.Sources.IValueTaskSource<TResult>.GetResult(Int16 token)
   at System.Net.Http.HttpConnection.SendAsync(HttpRequestMessage request, Boolean async, CancellationToken cancellationToken)
   --- End of inner exception stack trace ---
   at System.Net.Http.HttpConnection.SendAsync(HttpRequestMessage request, Boolean async, CancellationToken cancellationToken)
   at System.Net.Http.AuthenticationHelper.SendWithNtAuthAsync(HttpRequestMessage request, Uri authUri, Boolean async, ICredentials credentials, Boolean isProxyAuth, HttpConnection connection, HttpConnectionPool connectionPool, CancellationToken cancellationToken)
   at System.Net.Http.HttpConnectionPool.SendWithVersionDetectionAndRetryAsync(HttpRequestMessage request, Boolean async, Boolean doRequestAuth, CancellationToken cancellationToken)
   at System.Net.Http.AuthenticationHelper.SendWithAuthAsync(HttpRequestMessage request, Uri authUri, Boolean async, ICredentials credentials, Boolean preAuthenticate, Boolean isProxyAuth, Boolean doRequestAuth, HttpConnectionPool pool, CancellationToken cancellationToken)
   at System.Net.Http.RedirectHandler.SendAsync(HttpRequestMessage request, Boolean async, CancellationToken cancellationToken)
   at GitHub.Services.Common.RawHttpMessageHandler.SendAsync(HttpRequestMessage request, CancellationToken cancellationToken)
   at GitHub.Services.Common.VssHttpRetryMessageHandler.SendAsync(HttpRequestMessage request, CancellationToken cancellationToken)
   at System.Net.Http.HttpClient.<SendAsync>g__Core|83_0(HttpRequestMessage request, HttpCompletionOption completionOption, CancellationTokenSource cts, Boolean disposeCts, CancellationTokenSource pendingRequestsCts, CancellationToken originalCancellationToken)
   --- End of inner exception stack trace ---
   at System.Net.Http.HttpClient.HandleFailure(Exception e, Boolean telemetryStarted, HttpResponseMessage response, CancellationTokenSource cts, CancellationToken cancellationToken, CancellationTokenSource pendingRequestsCts)
   at System.Net.Http.HttpClient.<SendAsync>g__Core|83_0(HttpRequestMessage request, HttpCompletionOption completionOption, CancellationTokenSource cts, Boolean disposeCts, CancellationTokenSource pendingRequestsCts, CancellationToken originalCancellationToken)
   at Sdk.WebApi.WebApi.RawHttpClientBase.SendAsync(HttpRequestMessage message, HttpCompletionOption completionOption, Object userState, CancellationToken cancellationToken)
   at Sdk.WebApi.WebApi.RawHttpClientBase.SendAsync[T](HttpRequestMessage message, Boolean readErrorBody, Object userState, CancellationToken cancellationToken)
   at Sdk.WebApi.WebApi.RawHttpClientBase.SendAsync[T](HttpMethod method, IEnumerable`1 additionalHeaders, Uri requestUri, HttpContent content, IEnumerable`1 queryParameters, Boolean readErrorBody, Object userState, CancellationToken cancellationToken)
   at GitHub.Actions.RunService.WebApi.BrokerHttpClient.GetRunnerMessageAsync(Nullable`1 sessionId, String runnerVersion, Nullable`1 status, String os, String architecture, Nullable`1 disableUpdate, CancellationToken cancellationToken)
   at GitHub.Runner.Common.BrokerServer.<>c__DisplayClass7_0.<<GetRunnerMessageAsync>b__0>d.MoveNext()
--- End of stack trace from previous location ---
   at GitHub.Runner.Common.RunnerService.RetryRequest[T](Func`1 func, CancellationToken cancellationToken, Int32 maxAttempts, Func`2 shouldRetry)
[2026-09-25 09:29:19Z ERR  BrokerServer] #####################################################
[2026-09-25 09:29:19Z ERR  BrokerServer] System.Threading.Tasks.TaskCanceledException: The operation was canceled.
 ---> System.IO.IOException: Unable to read data from the transport connection: Der E/A-Vorgang wurde wegen eines Threadendes oder einer Anwendungsanforderung abgebrochen..
 ---> System.Net.Sockets.SocketException (995): Der E/A-Vorgang wurde wegen eines Threadendes oder einer Anwendungsanforderung abgebrochen.
   --- End of inner exception stack trace ---
   at System.Net.Sockets.Socket.AwaitableSocketAsyncEventArgs.System.Threading.Tasks.Sources.IValueTaskSource<System.Int32>.GetResult(Int16 token)
   at System.Net.Security.SslStream.EnsureFullTlsFrameAsync[TIOAdapter](CancellationToken cancellationToken, Int32 estimatedSize)
   at System.Runtime.CompilerServices.PoolingAsyncValueTaskMethodBuilder`1.StateMachineBox`1.System.Threading.Tasks.Sources.IValueTaskSource<TResult>.GetResult(Int16 token)
   at System.Net.Security.SslStream.ReadAsyncInternal[TIOAdapter](Memory`1 buffer, CancellationToken cancellationToken)
   at System.Runtime.CompilerServices.PoolingAsyncValueTaskMethodBuilder`1.StateMachineBox`1.System.Threading.Tasks.Sources.IValueTaskSource<TResult>.GetResult(Int16 token)
   at System.Net.Http.HttpConnection.SendAsync(HttpRequestMessage request, Boolean async, CancellationToken cancellationToken)
   --- End of inner exception stack trace ---
   at System.Net.Http.HttpConnection.SendAsync(HttpRequestMessage request, Boolean async, CancellationToken cancellationToken)
   at System.Net.Http.AuthenticationHelper.SendWithNtAuthAsync(HttpRequestMessage request, Uri authUri, Boolean async, ICredentials credentials, Boolean isProxyAuth, HttpConnection connection, HttpConnectionPool connectionPool, CancellationToken cancellationToken)
   at System.Net.Http.HttpConnectionPool.SendWithVersionDetectionAndRetryAsync(HttpRequestMessage request, Boolean async, Boolean doRequestAuth, CancellationToken cancellationToken)
   at System.Net.Http.AuthenticationHelper.SendWithAuthAsync(HttpRequestMessage request, Uri authUri, Boolean async, ICredentials credentials, Boolean preAuthenticate, Boolean isProxyAuth, Boolean doRequestAuth, HttpConnectionPool pool, CancellationToken cancellationToken)
   at System.Net.Http.RedirectHandler.SendAsync(HttpRequestMessage request, Boolean async, CancellationToken cancellationToken)
   at GitHub.Services.Common.RawHttpMessageHandler.SendAsync(HttpRequestMessage request, CancellationToken cancellationToken)
   at GitHub.Services.Common.VssHttpRetryMessageHandler.SendAsync(HttpRequestMessage request, CancellationToken cancellationToken)
   at System.Net.Http.HttpClient.<SendAsync>g__Core|83_0(HttpRequestMessage request, HttpCompletionOption completionOption, CancellationTokenSource cts, Boolean disposeCts, CancellationTokenSource pendingRequestsCts, CancellationToken originalCancellationToken)
[2026-09-25 09:29:19Z ERR  BrokerServer] #####################################################
[2026-09-25 09:29:19Z ERR  BrokerServer] System.IO.IOException: Unable to read data from the transport connection: Der E/A-Vorgang wurde wegen eines Threadendes oder einer Anwendungsanforderung abgebrochen..
 ---> System.Net.Sockets.SocketException (995): Der E/A-Vorgang wurde wegen eines Threadendes oder einer Anwendungsanforderung abgebrochen.
   --- End of inner exception stack trace ---
   at System.Net.Sockets.Socket.AwaitableSocketAsyncEventArgs.System.Threading.Tasks.Sources.IValueTaskSource<System.Int32>.GetResult(Int16 token)
   at System.Net.Security.SslStream.EnsureFullTlsFrameAsync[TIOAdapter](CancellationToken cancellationToken, Int32 estimatedSize)
   at System.Runtime.CompilerServices.PoolingAsyncValueTaskMethodBuilder`1.StateMachineBox`1.System.Threading.Tasks.Sources.IValueTaskSource<TResult>.GetResult(Int16 token)
   at System.Net.Security.SslStream.ReadAsyncInternal[TIOAdapter](Memory`1 buffer, CancellationToken cancellationToken)
   at System.Runtime.CompilerServices.PoolingAsyncValueTaskMethodBuilder`1.StateMachineBox`1.System.Threading.Tasks.Sources.IValueTaskSource<TResult>.GetResult(Int16 token)
   at System.Net.Http.HttpConnection.SendAsync(HttpRequestMessage request, Boolean async, CancellationToken cancellationToken)
[2026-09-25 09:29:19Z ERR  BrokerServer] #####################################################
[2026-09-25 09:29:19Z ERR  BrokerServer] System.Net.Sockets.SocketException (995): Der E/A-Vorgang wurde wegen eines Threadendes oder einer Anwendungsanforderung abgebrochen.
[2026-09-25 09:29:19Z WARN BrokerServer] Back off 13,528 seconds before next retry. 4 attempt left.
[2026-09-25 09:29:19Z INFO BrokerMessageListener] Get messages has been cancelled using local token source. Continue to get messages with new status.
[2026-09-25 09:31:56Z INFO BrokerMessageListener] Acknowledging runner request '664edea4-b537-500e-8c98-1bed66861a36'.
[2026-09-25 09:31:56Z INFO ConfigurationStore] HasCredentials()
[2026-09-25 09:31:56Z INFO ConfigurationStore] stored True
[2026-09-25 09:31:56Z INFO CredentialManager] GetCredentialProvider
[2026-09-25 09:31:56Z INFO CredentialManager] Creating type OAuth
[2026-09-25 09:31:56Z INFO CredentialManager] Creating credential type: OAuth
[2026-09-25 09:31:56Z INFO RSAEncryptedFileKeyManager] Loading RSA key parameters from file C:\Users\mcrngv0\test-write-api\test-write-api\actions-runner\.credentials_rsaparams
[2026-09-25 09:31:56Z INFO RSAEncryptedFileKeyManager] Loading RSA key parameters from file C:\Users\mcrngv0\test-write-api\test-write-api\actions-runner\.credentials_rsaparams
[2026-09-25 09:31:56Z INFO RSAEncryptedFileKeyManager] Loading RSA key parameters from file C:\Users\mcrngv0\test-write-api\test-write-api\actions-runner\.credentials_rsaparams
[2026-09-25 09:31:57Z INFO GitHubActionsService] AAD Correlation ID for this token request: Unknown
[2026-09-25 09:31:58Z INFO JobDispatcher] Job request 0 for plan 6f7416fa-f4da-488f-b184-646a3b06b549 job 664edea4-b537-500e-8c98-1bed66861a36 received.
[2026-09-25 09:31:58Z INFO JobDispatcher] Pull OrchestrationId 6f7416fa-f4da-488f-b184-646a3b06b549.build-and-push.__default from JWT claims
[2026-09-25 09:31:58Z INFO BrokerMessageListener] Received job status event. JobState: Busy
[2026-09-25 09:31:58Z INFO BrokerMessageListener] _getMessagesTokenSource is already disposed.
[2026-09-25 09:31:58Z INFO JobDispatcher] Job request 23c99f61-5cd8-5995-9fb9-4ef17d61d486 processed succeed.
[2026-09-25 09:31:58Z INFO Terminal] WRITE LINE: 2026-09-25 09:31:58Z: Running job: build-and-push
[2026-09-25 09:31:58Z INFO JobDispatcher] Start renew job request 0 for job 664edea4-b537-500e-8c98-1bed66861a36.
[2026-09-25 09:31:58Z INFO JobDispatcher] Successfully renew job 664edea4-b537-500e-8c98-1bed66861a36, job is valid till 25.09.2026 09:41:58
[2026-09-25 09:31:58Z INFO HostContext] Well known directory 'Bin': 'C:\Users\mcrngv0\test-write-api\test-write-api\actions-runner\bin'
[2026-09-25 09:31:58Z INFO ProcessInvokerWrapper] Starting process:
[2026-09-25 09:31:58Z INFO ProcessInvokerWrapper]   File name: 'C:\Users\mcrngv0\test-write-api\test-write-api\actions-runner\bin\Runner.Worker.exe'
[2026-09-25 09:31:58Z INFO ProcessInvokerWrapper]   Arguments: 'spawnclient 2604 2592'
[2026-09-25 09:31:58Z INFO ProcessInvokerWrapper]   Working directory: 'C:\Users\mcrngv0\test-write-api\test-write-api\actions-runner\bin'
[2026-09-25 09:31:58Z INFO ProcessInvokerWrapper]   Require exit code zero: 'False'
[2026-09-25 09:31:58Z INFO ProcessInvokerWrapper]   Encoding web name:  ; code page: ''
[2026-09-25 09:31:58Z INFO ProcessInvokerWrapper]   Force kill process on cancellation: 'True'
[2026-09-25 09:31:58Z INFO ProcessInvokerWrapper]   Redirected STDIN: 'False'
[2026-09-25 09:31:58Z INFO ProcessInvokerWrapper]   Persist current code page: 'False'
[2026-09-25 09:31:58Z INFO ProcessInvokerWrapper]   Keep redirected STDIN open: 'False'
[2026-09-25 09:31:58Z INFO ProcessInvokerWrapper]   High priority process: 'True'
[2026-09-25 09:31:58Z INFO ProcessInvokerWrapper] Process started with process id 22416, waiting for process exit.
[2026-09-25 09:31:58Z INFO JobDispatcher] Send job request message to worker for job 664edea4-b537-500e-8c98-1bed66861a36.
[2026-09-25 09:31:58Z INFO ProcessChannel] Sending message of length 24661, with hash '534a2d36195154a4c0f784a84bc28a1e25e1c9483fee464ae7865145c2d227b1'
[2026-09-25 09:32:01Z INFO JobNotification] Entering JobStarted Notification
[2026-09-25 09:32:01Z INFO JobNotification] Entering StartMonitor
[2026-09-25 09:32:55Z INFO ProcessInvokerWrapper] STDOUT/STDERR stream read finished.
[2026-09-25 09:32:55Z INFO ProcessInvokerWrapper] STDOUT/STDERR stream read finished.
[2026-09-25 09:32:55Z INFO ProcessInvokerWrapper] Finished process 22416 with exit code 100, and elapsed time 00:00:56.6685559.
[2026-09-25 09:32:55Z INFO JobDispatcher] Worker finished for job 664edea4-b537-500e-8c98-1bed66861a36. Code: 100
[2026-09-25 09:32:55Z INFO JobDispatcher] finish job request for job 664edea4-b537-500e-8c98-1bed66861a36 with result: Succeeded
[2026-09-25 09:32:55Z INFO Terminal] WRITE LINE: 2026-09-25 09:32:55Z: Job build-and-push completed with result: Succeeded
[2026-09-25 09:32:55Z INFO JobDispatcher] Stop renew job request for job 664edea4-b537-500e-8c98-1bed66861a36.
[2026-09-25 09:32:55Z INFO JobDispatcher] job renew has been cancelled, stop renew job 664edea4-b537-500e-8c98-1bed66861a36.
[2026-09-25 09:32:55Z INFO JobNotification] Entering JobCompleted Notification
[2026-09-25 09:32:55Z INFO JobNotification] Entering EndMonitor
[2026-09-25 09:32:55Z INFO BrokerMessageListener] Received job status event. JobState: Online
[2026-09-25 09:32:55Z WARN GitHubActionsService] GET request to https://broker.actions.githubusercontent.com/message?sessionId=d824ca3c-9294-4948-a4e4-c0333f685e19&status=Busy&runnerVersion=2.337.0&os=Windows&architecture=X64&disableUpdate=false has been cancelled.
[2026-09-25 09:32:55Z ERR  BrokerServer] Catch exception during request
[2026-09-25 09:32:55Z ERR  BrokerServer] System.Threading.Tasks.TaskCanceledException: The operation was canceled.
 ---> System.Threading.Tasks.TaskCanceledException: The operation was canceled.
 ---> System.IO.IOException: Unable to read data from the transport connection: Der E/A-Vorgang wurde wegen eines Threadendes oder einer Anwendungsanforderung abgebrochen..
 ---> System.Net.Sockets.SocketException (995): Der E/A-Vorgang wurde wegen eines Threadendes oder einer Anwendungsanforderung abgebrochen.
   --- End of inner exception stack trace ---
   at System.Net.Sockets.Socket.AwaitableSocketAsyncEventArgs.System.Threading.Tasks.Sources.IValueTaskSource<System.Int32>.GetResult(Int16 token)
   at System.Net.Security.SslStream.EnsureFullTlsFrameAsync[TIOAdapter](CancellationToken cancellationToken, Int32 estimatedSize)
   at System.Runtime.CompilerServices.PoolingAsyncValueTaskMethodBuilder`1.StateMachineBox`1.System.Threading.Tasks.Sources.IValueTaskSource<TResult>.GetResult(Int16 token)
   at System.Net.Security.SslStream.ReadAsyncInternal[TIOAdapter](Memory`1 buffer, CancellationToken cancellationToken)
   at System.Runtime.CompilerServices.PoolingAsyncValueTaskMethodBuilder`1.StateMachineBox`1.System.Threading.Tasks.Sources.IValueTaskSource<TResult>.GetResult(Int16 token)
   at System.Net.Http.HttpConnection.SendAsync(HttpRequestMessage request, Boolean async, CancellationToken cancellationToken)
   --- End of inner exception stack trace ---
   at System.Net.Http.HttpConnection.SendAsync(HttpRequestMessage request, Boolean async, CancellationToken cancellationToken)
   at System.Net.Http.AuthenticationHelper.SendWithNtAuthAsync(HttpRequestMessage request, Uri authUri, Boolean async, ICredentials credentials, Boolean isProxyAuth, HttpConnection connection, HttpConnectionPool connectionPool, CancellationToken cancellationToken)
   at System.Net.Http.HttpConnectionPool.SendWithVersionDetectionAndRetryAsync(HttpRequestMessage request, Boolean async, Boolean doRequestAuth, CancellationToken cancellationToken)
   at System.Net.Http.AuthenticationHelper.SendWithAuthAsync(HttpRequestMessage request, Uri authUri, Boolean async, ICredentials credentials, Boolean preAuthenticate, Boolean isProxyAuth, Boolean doRequestAuth, HttpConnectionPool pool, CancellationToken cancellationToken)
   at System.Net.Http.RedirectHandler.SendAsync(HttpRequestMessage request, Boolean async, CancellationToken cancellationToken)
   at GitHub.Services.Common.RawHttpMessageHandler.SendAsync(HttpRequestMessage request, CancellationToken cancellationToken)
   at GitHub.Services.Common.VssHttpRetryMessageHandler.SendAsync(HttpRequestMessage request, CancellationToken cancellationToken)
   at System.Net.Http.HttpClient.<SendAsync>g__Core|83_0(HttpRequestMessage request, HttpCompletionOption completionOption, CancellationTokenSource cts, Boolean disposeCts, CancellationTokenSource pendingRequestsCts, CancellationToken originalCancellationToken)
   --- End of inner exception stack trace ---
   at System.Net.Http.HttpClient.HandleFailure(Exception e, Boolean telemetryStarted, HttpResponseMessage response, CancellationTokenSource cts, CancellationToken cancellationToken, CancellationTokenSource pendingRequestsCts)
   at System.Net.Http.HttpClient.<SendAsync>g__Core|83_0(HttpRequestMessage request, HttpCompletionOption completionOption, CancellationTokenSource cts, Boolean disposeCts, CancellationTokenSource pendingRequestsCts, CancellationToken originalCancellationToken)
   at Sdk.WebApi.WebApi.RawHttpClientBase.SendAsync(HttpRequestMessage message, HttpCompletionOption completionOption, Object userState, CancellationToken cancellationToken)
   at Sdk.WebApi.WebApi.RawHttpClientBase.SendAsync[T](HttpRequestMessage message, Boolean readErrorBody, Object userState, CancellationToken cancellationToken)
   at Sdk.WebApi.WebApi.RawHttpClientBase.SendAsync[T](HttpMethod method, IEnumerable`1 additionalHeaders, Uri requestUri, HttpContent content, IEnumerable`1 queryParameters, Boolean readErrorBody, Object userState, CancellationToken cancellationToken)
   at GitHub.Actions.RunService.WebApi.BrokerHttpClient.GetRunnerMessageAsync(Nullable`1 sessionId, String runnerVersion, Nullable`1 status, String os, String architecture, Nullable`1 disableUpdate, CancellationToken cancellationToken)
   at GitHub.Runner.Common.BrokerServer.<>c__DisplayClass7_0.<<GetRunnerMessageAsync>b__0>d.MoveNext()
--- End of stack trace from previous location ---
   at GitHub.Runner.Common.RunnerService.RetryRequest[T](Func`1 func, CancellationToken cancellationToken, Int32 maxAttempts, Func`2 shouldRetry)
[2026-09-25 09:32:55Z ERR  BrokerServer] #####################################################
[2026-09-25 09:32:55Z ERR  BrokerServer] System.Threading.Tasks.TaskCanceledException: The operation was canceled.
 ---> System.IO.IOException: Unable to read data from the transport connection: Der E/A-Vorgang wurde wegen eines Threadendes oder einer Anwendungsanforderung abgebrochen..
 ---> System.Net.Sockets.SocketException (995): Der E/A-Vorgang wurde wegen eines Threadendes oder einer Anwendungsanforderung abgebrochen.
   --- End of inner exception stack trace ---
   at System.Net.Sockets.Socket.AwaitableSocketAsyncEventArgs.System.Threading.Tasks.Sources.IValueTaskSource<System.Int32>.GetResult(Int16 token)
   at System.Net.Security.SslStream.EnsureFullTlsFrameAsync[TIOAdapter](CancellationToken cancellationToken, Int32 estimatedSize)
   at System.Runtime.CompilerServices.PoolingAsyncValueTaskMethodBuilder`1.StateMachineBox`1.System.Threading.Tasks.Sources.IValueTaskSource<TResult>.GetResult(Int16 token)
   at System.Net.Security.SslStream.ReadAsyncInternal[TIOAdapter](Memory`1 buffer, CancellationToken cancellationToken)
   at System.Runtime.CompilerServices.PoolingAsyncValueTaskMethodBuilder`1.StateMachineBox`1.System.Threading.Tasks.Sources.IValueTaskSource<TResult>.GetResult(Int16 token)
   at System.Net.Http.HttpConnection.SendAsync(HttpRequestMessage request, Boolean async, CancellationToken cancellationToken)
   --- End of inner exception stack trace ---
   at System.Net.Http.HttpConnection.SendAsync(HttpRequestMessage request, Boolean async, CancellationToken cancellationToken)
   at System.Net.Http.AuthenticationHelper.SendWithNtAuthAsync(HttpRequestMessage request, Uri authUri, Boolean async, ICredentials credentials, Boolean isProxyAuth, HttpConnection connection, HttpConnectionPool connectionPool, CancellationToken cancellationToken)
   at System.Net.Http.HttpConnectionPool.SendWithVersionDetectionAndRetryAsync(HttpRequestMessage request, Boolean async, Boolean doRequestAuth, CancellationToken cancellationToken)
   at System.Net.Http.AuthenticationHelper.SendWithAuthAsync(HttpRequestMessage request, Uri authUri, Boolean async, ICredentials credentials, Boolean preAuthenticate, Boolean isProxyAuth, Boolean doRequestAuth, HttpConnectionPool pool, CancellationToken cancellationToken)
   at System.Net.Http.RedirectHandler.SendAsync(HttpRequestMessage request, Boolean async, CancellationToken cancellationToken)
   at GitHub.Services.Common.RawHttpMessageHandler.SendAsync(HttpRequestMessage request, CancellationToken cancellationToken)
   at GitHub.Services.Common.VssHttpRetryMessageHandler.SendAsync(HttpRequestMessage request, CancellationToken cancellationToken)
   at System.Net.Http.HttpClient.<SendAsync>g__Core|83_0(HttpRequestMessage request, HttpCompletionOption completionOption, CancellationTokenSource cts, Boolean disposeCts, CancellationTokenSource pendingRequestsCts, CancellationToken originalCancellationToken)
[2026-09-25 09:32:55Z ERR  BrokerServer] #####################################################
[2026-09-25 09:32:55Z ERR  BrokerServer] System.IO.IOException: Unable to read data from the transport connection: Der E/A-Vorgang wurde wegen eines Threadendes oder einer Anwendungsanforderung abgebrochen..
 ---> System.Net.Sockets.SocketException (995): Der E/A-Vorgang wurde wegen eines Threadendes oder einer Anwendungsanforderung abgebrochen.
   --- End of inner exception stack trace ---
   at System.Net.Sockets.Socket.AwaitableSocketAsyncEventArgs.System.Threading.Tasks.Sources.IValueTaskSource<System.Int32>.GetResult(Int16 token)
   at System.Net.Security.SslStream.EnsureFullTlsFrameAsync[TIOAdapter](CancellationToken cancellationToken, Int32 estimatedSize)
   at System.Runtime.CompilerServices.PoolingAsyncValueTaskMethodBuilder`1.StateMachineBox`1.System.Threading.Tasks.Sources.IValueTaskSource<TResult>.GetResult(Int16 token)
   at System.Net.Security.SslStream.ReadAsyncInternal[TIOAdapter](Memory`1 buffer, CancellationToken cancellationToken)
   at System.Runtime.CompilerServices.PoolingAsyncValueTaskMethodBuilder`1.StateMachineBox`1.System.Threading.Tasks.Sources.IValueTaskSource<TResult>.GetResult(Int16 token)
   at System.Net.Http.HttpConnection.SendAsync(HttpRequestMessage request, Boolean async, CancellationToken cancellationToken)
[2026-09-25 09:32:55Z ERR  BrokerServer] #####################################################
[2026-09-25 09:32:55Z ERR  BrokerServer] System.Net.Sockets.SocketException (995): Der E/A-Vorgang wurde wegen eines Threadendes oder einer Anwendungsanforderung abgebrochen.
[2026-09-25 09:32:55Z WARN BrokerServer] Back off 14,017 seconds before next retry. 4 attempt left.
[2026-09-25 09:32:55Z INFO BrokerMessageListener] Get messages has been cancelled using local token source. Continue to get messages with new status.
[2026-09-25 09:50:19Z INFO BrokerMessageListener] Acknowledging runner request '76b09329-82bb-547b-b6b0-77711d178322'.
[2026-09-25 09:50:19Z INFO ConfigurationStore] HasCredentials()
[2026-09-25 09:50:19Z INFO ConfigurationStore] stored True
[2026-09-25 09:50:19Z INFO CredentialManager] GetCredentialProvider
[2026-09-25 09:50:19Z INFO CredentialManager] Creating type OAuth
[2026-09-25 09:50:19Z INFO CredentialManager] Creating credential type: OAuth
[2026-09-25 09:50:19Z INFO RSAEncryptedFileKeyManager] Loading RSA key parameters from file C:\Users\mcrngv0\test-write-api\test-write-api\actions-runner\.credentials_rsaparams
[2026-09-25 09:50:19Z INFO RSAEncryptedFileKeyManager] Loading RSA key parameters from file C:\Users\mcrngv0\test-write-api\test-write-api\actions-runner\.credentials_rsaparams
[2026-09-25 09:50:19Z INFO RSAEncryptedFileKeyManager] Loading RSA key parameters from file C:\Users\mcrngv0\test-write-api\test-write-api\actions-runner\.credentials_rsaparams
[2026-09-25 09:50:20Z INFO GitHubActionsService] AAD Correlation ID for this token request: Unknown
[2026-09-25 09:50:21Z INFO JobDispatcher] Job request 0 for plan 097f9bc7-416a-482b-b8d2-43d545799b7b job 76b09329-82bb-547b-b6b0-77711d178322 received.
[2026-09-25 09:50:21Z INFO JobDispatcher] Pull OrchestrationId 097f9bc7-416a-482b-b8d2-43d545799b7b.build-and-push.__default from JWT claims
[2026-09-25 09:50:21Z INFO BrokerMessageListener] Received job status event. JobState: Busy
[2026-09-25 09:50:21Z INFO BrokerMessageListener] _getMessagesTokenSource is already disposed.
[2026-09-25 09:50:21Z INFO JobDispatcher] Job request 664edea4-b537-500e-8c98-1bed66861a36 processed succeed.
[2026-09-25 09:50:21Z INFO Terminal] WRITE LINE: 2026-09-25 09:50:21Z: Running job: build-and-push
[2026-09-25 09:50:21Z INFO JobDispatcher] Start renew job request 0 for job 76b09329-82bb-547b-b6b0-77711d178322.
[2026-09-25 09:50:21Z INFO JobDispatcher] Successfully renew job 76b09329-82bb-547b-b6b0-77711d178322, job is valid till 25.09.2026 10:00:21
[2026-09-25 09:50:21Z INFO HostContext] Well known directory 'Bin': 'C:\Users\mcrngv0\test-write-api\test-write-api\actions-runner\bin'
[2026-09-25 09:50:21Z INFO ProcessInvokerWrapper] Starting process:
[2026-09-25 09:50:21Z INFO ProcessInvokerWrapper]   File name: 'C:\Users\mcrngv0\test-write-api\test-write-api\actions-runner\bin\Runner.Worker.exe'
[2026-09-25 09:50:21Z INFO ProcessInvokerWrapper]   Arguments: 'spawnclient 1628 2608'
[2026-09-25 09:50:21Z INFO ProcessInvokerWrapper]   Working directory: 'C:\Users\mcrngv0\test-write-api\test-write-api\actions-runner\bin'
[2026-09-25 09:50:21Z INFO ProcessInvokerWrapper]   Require exit code zero: 'False'
[2026-09-25 09:50:21Z INFO ProcessInvokerWrapper]   Encoding web name:  ; code page: ''
[2026-09-25 09:50:21Z INFO ProcessInvokerWrapper]   Force kill process on cancellation: 'True'
[2026-09-25 09:50:21Z INFO ProcessInvokerWrapper]   Redirected STDIN: 'False'
[2026-09-25 09:50:21Z INFO ProcessInvokerWrapper]   Persist current code page: 'False'
[2026-09-25 09:50:21Z INFO ProcessInvokerWrapper]   Keep redirected STDIN open: 'False'
[2026-09-25 09:50:21Z INFO ProcessInvokerWrapper]   High priority process: 'True'
[2026-09-25 09:50:21Z INFO ProcessInvokerWrapper] Process started with process id 21328, waiting for process exit.
[2026-09-25 09:50:21Z INFO JobDispatcher] Send job request message to worker for job 76b09329-82bb-547b-b6b0-77711d178322.
[2026-09-25 09:50:21Z INFO ProcessChannel] Sending message of length 24663, with hash '78586586f58c993e65cd9521a3e8e655efee25bdc337ff2381e853488695a311'
[2026-09-25 09:50:24Z INFO JobNotification] Entering JobStarted Notification
[2026-09-25 09:50:24Z INFO JobNotification] Entering StartMonitor
[2026-09-25 09:51:21Z INFO JobDispatcher] Successfully renew job 76b09329-82bb-547b-b6b0-77711d178322, job is valid till 25.09.2026 10:01:21
[2026-09-25 09:51:22Z INFO ProcessInvokerWrapper] STDOUT/STDERR stream read finished.
[2026-09-25 09:51:22Z INFO ProcessInvokerWrapper] STDOUT/STDERR stream read finished.
[2026-09-25 09:51:22Z INFO ProcessInvokerWrapper] Finished process 21328 with exit code 100, and elapsed time 00:01:01.1221577.
[2026-09-25 09:51:22Z INFO JobDispatcher] Worker finished for job 76b09329-82bb-547b-b6b0-77711d178322. Code: 100
[2026-09-25 09:51:22Z INFO JobDispatcher] finish job request for job 76b09329-82bb-547b-b6b0-77711d178322 with result: Succeeded
[2026-09-25 09:51:22Z INFO Terminal] WRITE LINE: 2026-09-25 09:51:22Z: Job build-and-push completed with result: Succeeded
[2026-09-25 09:51:22Z INFO JobDispatcher] Stop renew job request for job 76b09329-82bb-547b-b6b0-77711d178322.
[2026-09-25 09:51:22Z INFO JobDispatcher] job renew has been cancelled, stop renew job 76b09329-82bb-547b-b6b0-77711d178322.
[2026-09-25 09:51:22Z INFO JobNotification] Entering JobCompleted Notification
[2026-09-25 09:51:22Z INFO JobNotification] Entering EndMonitor
[2026-09-25 09:51:22Z INFO BrokerMessageListener] Received job status event. JobState: Online
[2026-09-25 09:51:22Z WARN GitHubActionsService] GET request to https://broker.actions.githubusercontent.com/message?sessionId=d824ca3c-9294-4948-a4e4-c0333f685e19&status=Busy&runnerVersion=2.337.0&os=Windows&architecture=X64&disableUpdate=false has been cancelled.
[2026-09-25 09:51:22Z ERR  BrokerServer] Catch exception during request
[2026-09-25 09:51:22Z ERR  BrokerServer] System.Threading.Tasks.TaskCanceledException: The operation was canceled.
 ---> System.Threading.Tasks.TaskCanceledException: The operation was canceled.
 ---> System.IO.IOException: Unable to read data from the transport connection: Der E/A-Vorgang wurde wegen eines Threadendes oder einer Anwendungsanforderung abgebrochen..
 ---> System.Net.Sockets.SocketException (995): Der E/A-Vorgang wurde wegen eines Threadendes oder einer Anwendungsanforderung abgebrochen.
   --- End of inner exception stack trace ---
   at System.Net.Sockets.Socket.AwaitableSocketAsyncEventArgs.System.Threading.Tasks.Sources.IValueTaskSource<System.Int32>.GetResult(Int16 token)
   at System.Net.Security.SslStream.EnsureFullTlsFrameAsync[TIOAdapter](CancellationToken cancellationToken, Int32 estimatedSize)
   at System.Runtime.CompilerServices.PoolingAsyncValueTaskMethodBuilder`1.StateMachineBox`1.System.Threading.Tasks.Sources.IValueTaskSource<TResult>.GetResult(Int16 token)
   at System.Net.Security.SslStream.ReadAsyncInternal[TIOAdapter](Memory`1 buffer, CancellationToken cancellationToken)
   at System.Runtime.CompilerServices.PoolingAsyncValueTaskMethodBuilder`1.StateMachineBox`1.System.Threading.Tasks.Sources.IValueTaskSource<TResult>.GetResult(Int16 token)
   at System.Net.Http.HttpConnection.SendAsync(HttpRequestMessage request, Boolean async, CancellationToken cancellationToken)
   --- End of inner exception stack trace ---
   at System.Net.Http.HttpConnection.SendAsync(HttpRequestMessage request, Boolean async, CancellationToken cancellationToken)
   at System.Net.Http.AuthenticationHelper.SendWithNtAuthAsync(HttpRequestMessage request, Uri authUri, Boolean async, ICredentials credentials, Boolean isProxyAuth, HttpConnection connection, HttpConnectionPool connectionPool, CancellationToken cancellationToken)
   at System.Net.Http.HttpConnectionPool.SendWithVersionDetectionAndRetryAsync(HttpRequestMessage request, Boolean async, Boolean doRequestAuth, CancellationToken cancellationToken)
   at System.Net.Http.AuthenticationHelper.SendWithAuthAsync(HttpRequestMessage request, Uri authUri, Boolean async, ICredentials credentials, Boolean preAuthenticate, Boolean isProxyAuth, Boolean doRequestAuth, HttpConnectionPool pool, CancellationToken cancellationToken)
   at System.Net.Http.RedirectHandler.SendAsync(HttpRequestMessage request, Boolean async, CancellationToken cancellationToken)
   at GitHub.Services.Common.RawHttpMessageHandler.SendAsync(HttpRequestMessage request, CancellationToken cancellationToken)
   at GitHub.Services.Common.VssHttpRetryMessageHandler.SendAsync(HttpRequestMessage request, CancellationToken cancellationToken)
   at System.Net.Http.HttpClient.<SendAsync>g__Core|83_0(HttpRequestMessage request, HttpCompletionOption completionOption, CancellationTokenSource cts, Boolean disposeCts, CancellationTokenSource pendingRequestsCts, CancellationToken originalCancellationToken)
   --- End of inner exception stack trace ---
   at System.Net.Http.HttpClient.HandleFailure(Exception e, Boolean telemetryStarted, HttpResponseMessage response, CancellationTokenSource cts, CancellationToken cancellationToken, CancellationTokenSource pendingRequestsCts)
   at System.Net.Http.HttpClient.<SendAsync>g__Core|83_0(HttpRequestMessage request, HttpCompletionOption completionOption, CancellationTokenSource cts, Boolean disposeCts, CancellationTokenSource pendingRequestsCts, CancellationToken originalCancellationToken)
   at Sdk.WebApi.WebApi.RawHttpClientBase.SendAsync(HttpRequestMessage message, HttpCompletionOption completionOption, Object userState, CancellationToken cancellationToken)
   at Sdk.WebApi.WebApi.RawHttpClientBase.SendAsync[T](HttpRequestMessage message, Boolean readErrorBody, Object userState, CancellationToken cancellationToken)
   at Sdk.WebApi.WebApi.RawHttpClientBase.SendAsync[T](HttpMethod method, IEnumerable`1 additionalHeaders, Uri requestUri, HttpContent content, IEnumerable`1 queryParameters, Boolean readErrorBody, Object userState, CancellationToken cancellationToken)
   at GitHub.Actions.RunService.WebApi.BrokerHttpClient.GetRunnerMessageAsync(Nullable`1 sessionId, String runnerVersion, Nullable`1 status, String os, String architecture, Nullable`1 disableUpdate, CancellationToken cancellationToken)
   at GitHub.Runner.Common.BrokerServer.<>c__DisplayClass7_0.<<GetRunnerMessageAsync>b__0>d.MoveNext()
--- End of stack trace from previous location ---
   at GitHub.Runner.Common.RunnerService.RetryRequest[T](Func`1 func, CancellationToken cancellationToken, Int32 maxAttempts, Func`2 shouldRetry)
[2026-09-25 09:51:22Z ERR  BrokerServer] #####################################################
[2026-09-25 09:51:22Z ERR  BrokerServer] System.Threading.Tasks.TaskCanceledException: The operation was canceled.
 ---> System.IO.IOException: Unable to read data from the transport connection: Der E/A-Vorgang wurde wegen eines Threadendes oder einer Anwendungsanforderung abgebrochen..
 ---> System.Net.Sockets.SocketException (995): Der E/A-Vorgang wurde wegen eines Threadendes oder einer Anwendungsanforderung abgebrochen.
   --- End of inner exception stack trace ---
   at System.Net.Sockets.Socket.AwaitableSocketAsyncEventArgs.System.Threading.Tasks.Sources.IValueTaskSource<System.Int32>.GetResult(Int16 token)
   at System.Net.Security.SslStream.EnsureFullTlsFrameAsync[TIOAdapter](CancellationToken cancellationToken, Int32 estimatedSize)
   at System.Runtime.CompilerServices.PoolingAsyncValueTaskMethodBuilder`1.StateMachineBox`1.System.Threading.Tasks.Sources.IValueTaskSource<TResult>.GetResult(Int16 token)
   at System.Net.Security.SslStream.ReadAsyncInternal[TIOAdapter](Memory`1 buffer, CancellationToken cancellationToken)
   at System.Runtime.CompilerServices.PoolingAsyncValueTaskMethodBuilder`1.StateMachineBox`1.System.Threading.Tasks.Sources.IValueTaskSource<TResult>.GetResult(Int16 token)
   at System.Net.Http.HttpConnection.SendAsync(HttpRequestMessage request, Boolean async, CancellationToken cancellationToken)
   --- End of inner exception stack trace ---
   at System.Net.Http.HttpConnection.SendAsync(HttpRequestMessage request, Boolean async, CancellationToken cancellationToken)
   at System.Net.Http.AuthenticationHelper.SendWithNtAuthAsync(HttpRequestMessage request, Uri authUri, Boolean async, ICredentials credentials, Boolean isProxyAuth, HttpConnection connection, HttpConnectionPool connectionPool, CancellationToken cancellationToken)
   at System.Net.Http.HttpConnectionPool.SendWithVersionDetectionAndRetryAsync(HttpRequestMessage request, Boolean async, Boolean doRequestAuth, CancellationToken cancellationToken)
   at System.Net.Http.AuthenticationHelper.SendWithAuthAsync(HttpRequestMessage request, Uri authUri, Boolean async, ICredentials credentials, Boolean preAuthenticate, Boolean isProxyAuth, Boolean doRequestAuth, HttpConnectionPool pool, CancellationToken cancellationToken)
   at System.Net.Http.RedirectHandler.SendAsync(HttpRequestMessage request, Boolean async, CancellationToken cancellationToken)
   at GitHub.Services.Common.RawHttpMessageHandler.SendAsync(HttpRequestMessage request, CancellationToken cancellationToken)
   at GitHub.Services.Common.VssHttpRetryMessageHandler.SendAsync(HttpRequestMessage request, CancellationToken cancellationToken)
   at System.Net.Http.HttpClient.<SendAsync>g__Core|83_0(HttpRequestMessage request, HttpCompletionOption completionOption, CancellationTokenSource cts, Boolean disposeCts, CancellationTokenSource pendingRequestsCts, CancellationToken originalCancellationToken)
[2026-09-25 09:51:22Z ERR  BrokerServer] #####################################################
[2026-09-25 09:51:22Z ERR  BrokerServer] System.IO.IOException: Unable to read data from the transport connection: Der E/A-Vorgang wurde wegen eines Threadendes oder einer Anwendungsanforderung abgebrochen..
 ---> System.Net.Sockets.SocketException (995): Der E/A-Vorgang wurde wegen eines Threadendes oder einer Anwendungsanforderung abgebrochen.
   --- End of inner exception stack trace ---
   at System.Net.Sockets.Socket.AwaitableSocketAsyncEventArgs.System.Threading.Tasks.Sources.IValueTaskSource<System.Int32>.GetResult(Int16 token)
   at System.Net.Security.SslStream.EnsureFullTlsFrameAsync[TIOAdapter](CancellationToken cancellationToken, Int32 estimatedSize)
   at System.Runtime.CompilerServices.PoolingAsyncValueTaskMethodBuilder`1.StateMachineBox`1.System.Threading.Tasks.Sources.IValueTaskSource<TResult>.GetResult(Int16 token)
   at System.Net.Security.SslStream.ReadAsyncInternal[TIOAdapter](Memory`1 buffer, CancellationToken cancellationToken)
   at System.Runtime.CompilerServices.PoolingAsyncValueTaskMethodBuilder`1.StateMachineBox`1.System.Threading.Tasks.Sources.IValueTaskSource<TResult>.GetResult(Int16 token)
   at System.Net.Http.HttpConnection.SendAsync(HttpRequestMessage request, Boolean async, CancellationToken cancellationToken)
[2026-09-25 09:51:22Z ERR  BrokerServer] #####################################################
[2026-09-25 09:51:22Z ERR  BrokerServer] System.Net.Sockets.SocketException (995): Der E/A-Vorgang wurde wegen eines Threadendes oder einer Anwendungsanforderung abgebrochen.
[2026-09-25 09:51:22Z WARN BrokerServer] Back off 12,733 seconds before next retry. 4 attempt left.
[2026-09-25 09:51:22Z INFO BrokerMessageListener] Get messages has been cancelled using local token source. Continue to get messages with new status.
[2026-09-25 09:53:23Z INFO RSAEncryptedFileKeyManager] Loading RSA key parameters from file C:\Users\mcrngv0\test-write-api\test-write-api\actions-runner\.credentials_rsaparams
[2026-09-25 09:53:23Z INFO GitHubActionsService] AAD Correlation ID for this token request: Unknown
[2026-09-25 09:53:55Z INFO BrokerMessageListener] Acknowledging runner request '67a2c25e-cf79-5d27-a93e-ab7cb3e73ff9'.
[2026-09-25 09:53:55Z INFO ConfigurationStore] HasCredentials()
[2026-09-25 09:53:55Z INFO ConfigurationStore] stored True
[2026-09-25 09:53:55Z INFO CredentialManager] GetCredentialProvider
[2026-09-25 09:53:55Z INFO CredentialManager] Creating type OAuth
[2026-09-25 09:53:55Z INFO CredentialManager] Creating credential type: OAuth
[2026-09-25 09:53:55Z INFO RSAEncryptedFileKeyManager] Loading RSA key parameters from file C:\Users\mcrngv0\test-write-api\test-write-api\actions-runner\.credentials_rsaparams
[2026-09-25 09:53:55Z INFO RSAEncryptedFileKeyManager] Loading RSA key parameters from file C:\Users\mcrngv0\test-write-api\test-write-api\actions-runner\.credentials_rsaparams
[2026-09-25 09:53:55Z INFO RSAEncryptedFileKeyManager] Loading RSA key parameters from file C:\Users\mcrngv0\test-write-api\test-write-api\actions-runner\.credentials_rsaparams
[2026-09-25 09:53:55Z INFO GitHubActionsService] AAD Correlation ID for this token request: Unknown
[2026-09-25 09:53:56Z INFO JobDispatcher] Job request 0 for plan a5e1d471-6671-4d3a-b2c6-7c5ad750ac0b job 67a2c25e-cf79-5d27-a93e-ab7cb3e73ff9 received.
[2026-09-25 09:53:56Z INFO JobDispatcher] Pull OrchestrationId a5e1d471-6671-4d3a-b2c6-7c5ad750ac0b.build-and-push.__default from JWT claims
[2026-09-25 09:53:56Z INFO BrokerMessageListener] Received job status event. JobState: Busy
[2026-09-25 09:53:56Z INFO BrokerMessageListener] _getMessagesTokenSource is already disposed.
[2026-09-25 09:53:56Z INFO JobDispatcher] Job request 76b09329-82bb-547b-b6b0-77711d178322 processed succeed.
[2026-09-25 09:53:56Z INFO Terminal] WRITE LINE: 2026-09-25 09:53:56Z: Running job: build-and-push
[2026-09-25 09:53:56Z INFO JobDispatcher] Start renew job request 0 for job 67a2c25e-cf79-5d27-a93e-ab7cb3e73ff9.
[2026-09-25 09:53:56Z INFO JobDispatcher] Successfully renew job 67a2c25e-cf79-5d27-a93e-ab7cb3e73ff9, job is valid till 25.09.2026 10:03:56
[2026-09-25 09:53:56Z INFO HostContext] Well known directory 'Bin': 'C:\Users\mcrngv0\test-write-api\test-write-api\actions-runner\bin'
[2026-09-25 09:53:56Z INFO ProcessInvokerWrapper] Starting process:
[2026-09-25 09:53:56Z INFO ProcessInvokerWrapper]   File name: 'C:\Users\mcrngv0\test-write-api\test-write-api\actions-runner\bin\Runner.Worker.exe'
[2026-09-25 09:53:56Z INFO ProcessInvokerWrapper]   Arguments: 'spawnclient 1948 1592'
[2026-09-25 09:53:56Z INFO ProcessInvokerWrapper]   Working directory: 'C:\Users\mcrngv0\test-write-api\test-write-api\actions-runner\bin'
[2026-09-25 09:53:56Z INFO ProcessInvokerWrapper]   Require exit code zero: 'False'
[2026-09-25 09:53:56Z INFO ProcessInvokerWrapper]   Encoding web name:  ; code page: ''
[2026-09-25 09:53:56Z INFO ProcessInvokerWrapper]   Force kill process on cancellation: 'True'
[2026-09-25 09:53:56Z INFO ProcessInvokerWrapper]   Redirected STDIN: 'False'
[2026-09-25 09:53:56Z INFO ProcessInvokerWrapper]   Persist current code page: 'False'
[2026-09-25 09:53:56Z INFO ProcessInvokerWrapper]   Keep redirected STDIN open: 'False'
[2026-09-25 09:53:56Z INFO ProcessInvokerWrapper]   High priority process: 'True'
[2026-09-25 09:53:56Z INFO ProcessInvokerWrapper] Process started with process id 17028, waiting for process exit.
[2026-09-25 09:53:56Z INFO JobDispatcher] Send job request message to worker for job 67a2c25e-cf79-5d27-a93e-ab7cb3e73ff9.
[2026-09-25 09:53:56Z INFO ProcessChannel] Sending message of length 25380, with hash '8b278382333b7523adf7ec756a4170f11b752a3779adaf345009478dc4a190f9'
[2026-09-25 09:53:57Z INFO JobNotification] Entering JobStarted Notification
[2026-09-25 09:53:57Z INFO JobNotification] Entering StartMonitor
[2026-09-25 09:54:48Z INFO ProcessInvokerWrapper] STDOUT/STDERR stream read finished.
[2026-09-25 09:54:48Z INFO ProcessInvokerWrapper] STDOUT/STDERR stream read finished.
[2026-09-25 09:54:48Z INFO ProcessInvokerWrapper] Finished process 17028 with exit code 100, and elapsed time 00:00:51.5058772.
[2026-09-25 09:54:48Z INFO JobDispatcher] Worker finished for job 67a2c25e-cf79-5d27-a93e-ab7cb3e73ff9. Code: 100
[2026-09-25 09:54:48Z INFO JobDispatcher] finish job request for job 67a2c25e-cf79-5d27-a93e-ab7cb3e73ff9 with result: Succeeded
[2026-09-25 09:54:48Z INFO Terminal] WRITE LINE: 2026-09-25 09:54:48Z: Job build-and-push completed with result: Succeeded
[2026-09-25 09:54:48Z INFO JobDispatcher] Stop renew job request for job 67a2c25e-cf79-5d27-a93e-ab7cb3e73ff9.
[2026-09-25 09:54:48Z INFO JobDispatcher] job renew has been cancelled, stop renew job 67a2c25e-cf79-5d27-a93e-ab7cb3e73ff9.
[2026-09-25 09:54:48Z INFO JobNotification] Entering JobCompleted Notification
[2026-09-25 09:54:48Z INFO JobNotification] Entering EndMonitor
[2026-09-25 09:54:48Z INFO BrokerMessageListener] Received job status event. JobState: Online
[2026-09-25 09:54:48Z WARN GitHubActionsService] GET request to https://broker.actions.githubusercontent.com/message?sessionId=d824ca3c-9294-4948-a4e4-c0333f685e19&status=Busy&runnerVersion=2.337.0&os=Windows&architecture=X64&disableUpdate=false has been cancelled.
[2026-09-25 09:54:48Z ERR  BrokerServer] Catch exception during request
[2026-09-25 09:54:48Z ERR  BrokerServer] System.Threading.Tasks.TaskCanceledException: The operation was canceled.
 ---> System.Threading.Tasks.TaskCanceledException: The operation was canceled.
 ---> System.IO.IOException: Unable to read data from the transport connection: Der E/A-Vorgang wurde wegen eines Threadendes oder einer Anwendungsanforderung abgebrochen..
 ---> System.Net.Sockets.SocketException (995): Der E/A-Vorgang wurde wegen eines Threadendes oder einer Anwendungsanforderung abgebrochen.
   --- End of inner exception stack trace ---
   at System.Net.Sockets.Socket.AwaitableSocketAsyncEventArgs.System.Threading.Tasks.Sources.IValueTaskSource<System.Int32>.GetResult(Int16 token)
   at System.Net.Security.SslStream.EnsureFullTlsFrameAsync[TIOAdapter](CancellationToken cancellationToken, Int32 estimatedSize)
   at System.Runtime.CompilerServices.PoolingAsyncValueTaskMethodBuilder`1.StateMachineBox`1.System.Threading.Tasks.Sources.IValueTaskSource<TResult>.GetResult(Int16 token)
   at System.Net.Security.SslStream.ReadAsyncInternal[TIOAdapter](Memory`1 buffer, CancellationToken cancellationToken)
   at System.Runtime.CompilerServices.PoolingAsyncValueTaskMethodBuilder`1.StateMachineBox`1.System.Threading.Tasks.Sources.IValueTaskSource<TResult>.GetResult(Int16 token)
   at System.Net.Http.HttpConnection.SendAsync(HttpRequestMessage request, Boolean async, CancellationToken cancellationToken)
   --- End of inner exception stack trace ---
   at System.Net.Http.HttpConnection.SendAsync(HttpRequestMessage request, Boolean async, CancellationToken cancellationToken)
   at System.Net.Http.AuthenticationHelper.SendWithNtAuthAsync(HttpRequestMessage request, Uri authUri, Boolean async, ICredentials credentials, Boolean isProxyAuth, HttpConnection connection, HttpConnectionPool connectionPool, CancellationToken cancellationToken)
   at System.Net.Http.HttpConnectionPool.SendWithVersionDetectionAndRetryAsync(HttpRequestMessage request, Boolean async, Boolean doRequestAuth, CancellationToken cancellationToken)
   at System.Net.Http.AuthenticationHelper.SendWithAuthAsync(HttpRequestMessage request, Uri authUri, Boolean async, ICredentials credentials, Boolean preAuthenticate, Boolean isProxyAuth, Boolean doRequestAuth, HttpConnectionPool pool, CancellationToken cancellationToken)
   at System.Net.Http.RedirectHandler.SendAsync(HttpRequestMessage request, Boolean async, CancellationToken cancellationToken)
   at GitHub.Services.Common.RawHttpMessageHandler.SendAsync(HttpRequestMessage request, CancellationToken cancellationToken)
   at GitHub.Services.Common.VssHttpRetryMessageHandler.SendAsync(HttpRequestMessage request, CancellationToken cancellationToken)
   at System.Net.Http.HttpClient.<SendAsync>g__Core|83_0(HttpRequestMessage request, HttpCompletionOption completionOption, CancellationTokenSource cts, Boolean disposeCts, CancellationTokenSource pendingRequestsCts, CancellationToken originalCancellationToken)
   --- End of inner exception stack trace ---
   at System.Net.Http.HttpClient.HandleFailure(Exception e, Boolean telemetryStarted, HttpResponseMessage response, CancellationTokenSource cts, CancellationToken cancellationToken, CancellationTokenSource pendingRequestsCts)
   at System.Net.Http.HttpClient.<SendAsync>g__Core|83_0(HttpRequestMessage request, HttpCompletionOption completionOption, CancellationTokenSource cts, Boolean disposeCts, CancellationTokenSource pendingRequestsCts, CancellationToken originalCancellationToken)
   at Sdk.WebApi.WebApi.RawHttpClientBase.SendAsync(HttpRequestMessage message, HttpCompletionOption completionOption, Object userState, CancellationToken cancellationToken)
   at Sdk.WebApi.WebApi.RawHttpClientBase.SendAsync[T](HttpRequestMessage message, Boolean readErrorBody, Object userState, CancellationToken cancellationToken)
   at Sdk.WebApi.WebApi.RawHttpClientBase.SendAsync[T](HttpMethod method, IEnumerable`1 additionalHeaders, Uri requestUri, HttpContent content, IEnumerable`1 queryParameters, Boolean readErrorBody, Object userState, CancellationToken cancellationToken)
   at GitHub.Actions.RunService.WebApi.BrokerHttpClient.GetRunnerMessageAsync(Nullable`1 sessionId, String runnerVersion, Nullable`1 status, String os, String architecture, Nullable`1 disableUpdate, CancellationToken cancellationToken)
   at GitHub.Runner.Common.BrokerServer.<>c__DisplayClass7_0.<<GetRunnerMessageAsync>b__0>d.MoveNext()
--- End of stack trace from previous location ---
   at GitHub.Runner.Common.RunnerService.RetryRequest[T](Func`1 func, CancellationToken cancellationToken, Int32 maxAttempts, Func`2 shouldRetry)
[2026-09-25 09:54:48Z ERR  BrokerServer] #####################################################
[2026-09-25 09:54:48Z ERR  BrokerServer] System.Threading.Tasks.TaskCanceledException: The operation was canceled.
 ---> System.IO.IOException: Unable to read data from the transport connection: Der E/A-Vorgang wurde wegen eines Threadendes oder einer Anwendungsanforderung abgebrochen..
 ---> System.Net.Sockets.SocketException (995): Der E/A-Vorgang wurde wegen eines Threadendes oder einer Anwendungsanforderung abgebrochen.
   --- End of inner exception stack trace ---
   at System.Net.Sockets.Socket.AwaitableSocketAsyncEventArgs.System.Threading.Tasks.Sources.IValueTaskSource<System.Int32>.GetResult(Int16 token)
   at System.Net.Security.SslStream.EnsureFullTlsFrameAsync[TIOAdapter](CancellationToken cancellationToken, Int32 estimatedSize)
   at System.Runtime.CompilerServices.PoolingAsyncValueTaskMethodBuilder`1.StateMachineBox`1.System.Threading.Tasks.Sources.IValueTaskSource<TResult>.GetResult(Int16 token)
   at System.Net.Security.SslStream.ReadAsyncInternal[TIOAdapter](Memory`1 buffer, CancellationToken cancellationToken)
   at System.Runtime.CompilerServices.PoolingAsyncValueTaskMethodBuilder`1.StateMachineBox`1.System.Threading.Tasks.Sources.IValueTaskSource<TResult>.GetResult(Int16 token)
   at System.Net.Http.HttpConnection.SendAsync(HttpRequestMessage request, Boolean async, CancellationToken cancellationToken)
   --- End of inner exception stack trace ---
   at System.Net.Http.HttpConnection.SendAsync(HttpRequestMessage request, Boolean async, CancellationToken cancellationToken)
   at System.Net.Http.AuthenticationHelper.SendWithNtAuthAsync(HttpRequestMessage request, Uri authUri, Boolean async, ICredentials credentials, Boolean isProxyAuth, HttpConnection connection, HttpConnectionPool connectionPool, CancellationToken cancellationToken)
   at System.Net.Http.HttpConnectionPool.SendWithVersionDetectionAndRetryAsync(HttpRequestMessage request, Boolean async, Boolean doRequestAuth, CancellationToken cancellationToken)
   at System.Net.Http.AuthenticationHelper.SendWithAuthAsync(HttpRequestMessage request, Uri authUri, Boolean async, ICredentials credentials, Boolean preAuthenticate, Boolean isProxyAuth, Boolean doRequestAuth, HttpConnectionPool pool, CancellationToken cancellationToken)
   at System.Net.Http.RedirectHandler.SendAsync(HttpRequestMessage request, Boolean async, CancellationToken cancellationToken)
   at GitHub.Services.Common.RawHttpMessageHandler.SendAsync(HttpRequestMessage request, CancellationToken cancellationToken)
   at GitHub.Services.Common.VssHttpRetryMessageHandler.SendAsync(HttpRequestMessage request, CancellationToken cancellationToken)
   at System.Net.Http.HttpClient.<SendAsync>g__Core|83_0(HttpRequestMessage request, HttpCompletionOption completionOption, CancellationTokenSource cts, Boolean disposeCts, CancellationTokenSource pendingRequestsCts, CancellationToken originalCancellationToken)
[2026-09-25 09:54:48Z ERR  BrokerServer] #####################################################
[2026-09-25 09:54:48Z ERR  BrokerServer] System.IO.IOException: Unable to read data from the transport connection: Der E/A-Vorgang wurde wegen eines Threadendes oder einer Anwendungsanforderung abgebrochen..
 ---> System.Net.Sockets.SocketException (995): Der E/A-Vorgang wurde wegen eines Threadendes oder einer Anwendungsanforderung abgebrochen.
   --- End of inner exception stack trace ---
   at System.Net.Sockets.Socket.AwaitableSocketAsyncEventArgs.System.Threading.Tasks.Sources.IValueTaskSource<System.Int32>.GetResult(Int16 token)
   at System.Net.Security.SslStream.EnsureFullTlsFrameAsync[TIOAdapter](CancellationToken cancellationToken, Int32 estimatedSize)
   at System.Runtime.CompilerServices.PoolingAsyncValueTaskMethodBuilder`1.StateMachineBox`1.System.Threading.Tasks.Sources.IValueTaskSource<TResult>.GetResult(Int16 token)
   at System.Net.Security.SslStream.ReadAsyncInternal[TIOAdapter](Memory`1 buffer, CancellationToken cancellationToken)
   at System.Runtime.CompilerServices.PoolingAsyncValueTaskMethodBuilder`1.StateMachineBox`1.System.Threading.Tasks.Sources.IValueTaskSource<TResult>.GetResult(Int16 token)
   at System.Net.Http.HttpConnection.SendAsync(HttpRequestMessage request, Boolean async, CancellationToken cancellationToken)
[2026-09-25 09:54:48Z ERR  BrokerServer] #####################################################
[2026-09-25 09:54:48Z ERR  BrokerServer] System.Net.Sockets.SocketException (995): Der E/A-Vorgang wurde wegen eines Threadendes oder einer Anwendungsanforderung abgebrochen.
[2026-09-25 09:54:48Z WARN BrokerServer] Back off 11,21 seconds before next retry. 4 attempt left.
[2026-09-25 09:54:48Z INFO BrokerMessageListener] Get messages has been cancelled using local token source. Continue to get messages with new status.
[2026-09-25 09:55:42Z INFO BrokerMessageListener] Acknowledging runner request 'a50f1b6d-dee5-50d5-9412-ebd7863d1eec'.
[2026-09-25 09:55:42Z INFO ConfigurationStore] HasCredentials()
[2026-09-25 09:55:42Z INFO ConfigurationStore] stored True
[2026-09-25 09:55:42Z INFO CredentialManager] GetCredentialProvider
[2026-09-25 09:55:42Z INFO CredentialManager] Creating type OAuth
[2026-09-25 09:55:42Z INFO CredentialManager] Creating credential type: OAuth
[2026-09-25 09:55:42Z INFO RSAEncryptedFileKeyManager] Loading RSA key parameters from file C:\Users\mcrngv0\test-write-api\test-write-api\actions-runner\.credentials_rsaparams
[2026-09-25 09:55:42Z INFO RSAEncryptedFileKeyManager] Loading RSA key parameters from file C:\Users\mcrngv0\test-write-api\test-write-api\actions-runner\.credentials_rsaparams
[2026-09-25 09:55:42Z INFO RSAEncryptedFileKeyManager] Loading RSA key parameters from file C:\Users\mcrngv0\test-write-api\test-write-api\actions-runner\.credentials_rsaparams
[2026-09-25 09:55:43Z INFO GitHubActionsService] AAD Correlation ID for this token request: Unknown
[2026-09-25 09:55:44Z INFO JobDispatcher] Job request 0 for plan dbb8f3ac-f7d3-4d77-97e6-d9f9aa3b3daa job a50f1b6d-dee5-50d5-9412-ebd7863d1eec received.
[2026-09-25 09:55:44Z INFO JobDispatcher] Pull OrchestrationId dbb8f3ac-f7d3-4d77-97e6-d9f9aa3b3daa.build-and-push.__default from JWT claims
[2026-09-25 09:55:44Z INFO BrokerMessageListener] Received job status event. JobState: Busy
[2026-09-25 09:55:44Z INFO BrokerMessageListener] _getMessagesTokenSource is already disposed.
[2026-09-25 09:55:44Z INFO JobDispatcher] Job request 67a2c25e-cf79-5d27-a93e-ab7cb3e73ff9 processed succeed.
[2026-09-25 09:55:44Z INFO Terminal] WRITE LINE: 2026-09-25 09:55:44Z: Running job: build-and-push
[2026-09-25 09:55:44Z INFO JobDispatcher] Start renew job request 0 for job a50f1b6d-dee5-50d5-9412-ebd7863d1eec.
[2026-09-25 09:55:44Z INFO JobDispatcher] Successfully renew job a50f1b6d-dee5-50d5-9412-ebd7863d1eec, job is valid till 25.09.2026 10:05:44
[2026-09-25 09:55:44Z INFO HostContext] Well known directory 'Bin': 'C:\Users\mcrngv0\test-write-api\test-write-api\actions-runner\bin'
[2026-09-25 09:55:44Z INFO ProcessInvokerWrapper] Starting process:
[2026-09-25 09:55:44Z INFO ProcessInvokerWrapper]   File name: 'C:\Users\mcrngv0\test-write-api\test-write-api\actions-runner\bin\Runner.Worker.exe'
[2026-09-25 09:55:44Z INFO ProcessInvokerWrapper]   Arguments: 'spawnclient 1788 2008'
[2026-09-25 09:55:44Z INFO ProcessInvokerWrapper]   Working directory: 'C:\Users\mcrngv0\test-write-api\test-write-api\actions-runner\bin'
[2026-09-25 09:55:44Z INFO ProcessInvokerWrapper]   Require exit code zero: 'False'
[2026-09-25 09:55:44Z INFO ProcessInvokerWrapper]   Encoding web name:  ; code page: ''
[2026-09-25 09:55:44Z INFO ProcessInvokerWrapper]   Force kill process on cancellation: 'True'
[2026-09-25 09:55:44Z INFO ProcessInvokerWrapper]   Redirected STDIN: 'False'
[2026-09-25 09:55:44Z INFO ProcessInvokerWrapper]   Persist current code page: 'False'
[2026-09-25 09:55:44Z INFO ProcessInvokerWrapper]   Keep redirected STDIN open: 'False'
[2026-09-25 09:55:44Z INFO ProcessInvokerWrapper]   High priority process: 'True'
[2026-09-25 09:55:44Z INFO ProcessInvokerWrapper] Process started with process id 28372, waiting for process exit.
[2026-09-25 09:55:44Z INFO JobDispatcher] Send job request message to worker for job a50f1b6d-dee5-50d5-9412-ebd7863d1eec.
[2026-09-25 09:55:44Z INFO ProcessChannel] Sending message of length 24663, with hash 'cfc80a3471cc6e4f6a5d06c2a81055c453faf756502e649f57a2e7ecf1bd725f'
[2026-09-25 09:55:44Z INFO JobNotification] Entering JobStarted Notification
[2026-09-25 09:55:44Z INFO JobNotification] Entering StartMonitor
[2026-09-25 09:56:31Z INFO ProcessInvokerWrapper] STDOUT/STDERR stream read finished.
[2026-09-25 09:56:31Z INFO ProcessInvokerWrapper] STDOUT/STDERR stream read finished.
[2026-09-25 09:56:31Z INFO ProcessInvokerWrapper] Finished process 28372 with exit code 100, and elapsed time 00:00:47.1613139.
[2026-09-25 09:56:31Z INFO JobDispatcher] Worker finished for job a50f1b6d-dee5-50d5-9412-ebd7863d1eec. Code: 100
[2026-09-25 09:56:31Z INFO JobDispatcher] finish job request for job a50f1b6d-dee5-50d5-9412-ebd7863d1eec with result: Succeeded
[2026-09-25 09:56:31Z INFO Terminal] WRITE LINE: 2026-09-25 09:56:31Z: Job build-and-push completed with result: Succeeded
[2026-09-25 09:56:31Z INFO JobDispatcher] Stop renew job request for job a50f1b6d-dee5-50d5-9412-ebd7863d1eec.
[2026-09-25 09:56:31Z INFO JobDispatcher] job renew has been cancelled, stop renew job a50f1b6d-dee5-50d5-9412-ebd7863d1eec.
[2026-09-25 09:56:31Z INFO JobNotification] Entering JobCompleted Notification
[2026-09-25 09:56:31Z INFO JobNotification] Entering EndMonitor
[2026-09-25 09:56:31Z INFO BrokerMessageListener] Received job status event. JobState: Online
[2026-09-25 09:56:31Z WARN GitHubActionsService] GET request to https://broker.actions.githubusercontent.com/message?sessionId=d824ca3c-9294-4948-a4e4-c0333f685e19&status=Busy&runnerVersion=2.337.0&os=Windows&architecture=X64&disableUpdate=false has been cancelled.
[2026-09-25 09:56:31Z ERR  BrokerServer] Catch exception during request
[2026-09-25 09:56:31Z ERR  BrokerServer] System.Threading.Tasks.TaskCanceledException: The operation was canceled.
 ---> System.Threading.Tasks.TaskCanceledException: The operation was canceled.
 ---> System.IO.IOException: Unable to read data from the transport connection: Der E/A-Vorgang wurde wegen eines Threadendes oder einer Anwendungsanforderung abgebrochen..
 ---> System.Net.Sockets.SocketException (995): Der E/A-Vorgang wurde wegen eines Threadendes oder einer Anwendungsanforderung abgebrochen.
   --- End of inner exception stack trace ---
   at System.Net.Sockets.Socket.AwaitableSocketAsyncEventArgs.System.Threading.Tasks.Sources.IValueTaskSource<System.Int32>.GetResult(Int16 token)
   at System.Net.Security.SslStream.EnsureFullTlsFrameAsync[TIOAdapter](CancellationToken cancellationToken, Int32 estimatedSize)
   at System.Runtime.CompilerServices.PoolingAsyncValueTaskMethodBuilder`1.StateMachineBox`1.System.Threading.Tasks.Sources.IValueTaskSource<TResult>.GetResult(Int16 token)
   at System.Net.Security.SslStream.ReadAsyncInternal[TIOAdapter](Memory`1 buffer, CancellationToken cancellationToken)
   at System.Runtime.CompilerServices.PoolingAsyncValueTaskMethodBuilder`1.StateMachineBox`1.System.Threading.Tasks.Sources.IValueTaskSource<TResult>.GetResult(Int16 token)
   at System.Net.Http.HttpConnection.SendAsync(HttpRequestMessage request, Boolean async, CancellationToken cancellationToken)
   --- End of inner exception stack trace ---
   at System.Net.Http.HttpConnection.SendAsync(HttpRequestMessage request, Boolean async, CancellationToken cancellationToken)
   at System.Net.Http.AuthenticationHelper.SendWithNtAuthAsync(HttpRequestMessage request, Uri authUri, Boolean async, ICredentials credentials, Boolean isProxyAuth, HttpConnection connection, HttpConnectionPool connectionPool, CancellationToken cancellationToken)
   at System.Net.Http.HttpConnectionPool.SendWithVersionDetectionAndRetryAsync(HttpRequestMessage request, Boolean async, Boolean doRequestAuth, CancellationToken cancellationToken)
   at System.Net.Http.AuthenticationHelper.SendWithAuthAsync(HttpRequestMessage request, Uri authUri, Boolean async, ICredentials credentials, Boolean preAuthenticate, Boolean isProxyAuth, Boolean doRequestAuth, HttpConnectionPool pool, CancellationToken cancellationToken)
   at System.Net.Http.RedirectHandler.SendAsync(HttpRequestMessage request, Boolean async, CancellationToken cancellationToken)
   at GitHub.Services.Common.RawHttpMessageHandler.SendAsync(HttpRequestMessage request, CancellationToken cancellationToken)
   at GitHub.Services.Common.VssHttpRetryMessageHandler.SendAsync(HttpRequestMessage request, CancellationToken cancellationToken)
   at System.Net.Http.HttpClient.<SendAsync>g__Core|83_0(HttpRequestMessage request, HttpCompletionOption completionOption, CancellationTokenSource cts, Boolean disposeCts, CancellationTokenSource pendingRequestsCts, CancellationToken originalCancellationToken)
   --- End of inner exception stack trace ---
   at System.Net.Http.HttpClient.HandleFailure(Exception e, Boolean telemetryStarted, HttpResponseMessage response, CancellationTokenSource cts, CancellationToken cancellationToken, CancellationTokenSource pendingRequestsCts)
   at System.Net.Http.HttpClient.<SendAsync>g__Core|83_0(HttpRequestMessage request, HttpCompletionOption completionOption, CancellationTokenSource cts, Boolean disposeCts, CancellationTokenSource pendingRequestsCts, CancellationToken originalCancellationToken)
   at Sdk.WebApi.WebApi.RawHttpClientBase.SendAsync(HttpRequestMessage message, HttpCompletionOption completionOption, Object userState, CancellationToken cancellationToken)
   at Sdk.WebApi.WebApi.RawHttpClientBase.SendAsync[T](HttpRequestMessage message, Boolean readErrorBody, Object userState, CancellationToken cancellationToken)
   at Sdk.WebApi.WebApi.RawHttpClientBase.SendAsync[T](HttpMethod method, IEnumerable`1 additionalHeaders, Uri requestUri, HttpContent content, IEnumerable`1 queryParameters, Boolean readErrorBody, Object userState, CancellationToken cancellationToken)
   at GitHub.Actions.RunService.WebApi.BrokerHttpClient.GetRunnerMessageAsync(Nullable`1 sessionId, String runnerVersion, Nullable`1 status, String os, String architecture, Nullable`1 disableUpdate, CancellationToken cancellationToken)
   at GitHub.Runner.Common.BrokerServer.<>c__DisplayClass7_0.<<GetRunnerMessageAsync>b__0>d.MoveNext()
--- End of stack trace from previous location ---
   at GitHub.Runner.Common.RunnerService.RetryRequest[T](Func`1 func, CancellationToken cancellationToken, Int32 maxAttempts, Func`2 shouldRetry)
[2026-09-25 09:56:31Z ERR  BrokerServer] #####################################################
[2026-09-25 09:56:31Z ERR  BrokerServer] System.Threading.Tasks.TaskCanceledException: The operation was canceled.
 ---> System.IO.IOException: Unable to read data from the transport connection: Der E/A-Vorgang wurde wegen eines Threadendes oder einer Anwendungsanforderung abgebrochen..
 ---> System.Net.Sockets.SocketException (995): Der E/A-Vorgang wurde wegen eines Threadendes oder einer Anwendungsanforderung abgebrochen.
   --- End of inner exception stack trace ---
   at System.Net.Sockets.Socket.AwaitableSocketAsyncEventArgs.System.Threading.Tasks.Sources.IValueTaskSource<System.Int32>.GetResult(Int16 token)
   at System.Net.Security.SslStream.EnsureFullTlsFrameAsync[TIOAdapter](CancellationToken cancellationToken, Int32 estimatedSize)
   at System.Runtime.CompilerServices.PoolingAsyncValueTaskMethodBuilder`1.StateMachineBox`1.System.Threading.Tasks.Sources.IValueTaskSource<TResult>.GetResult(Int16 token)
   at System.Net.Security.SslStream.ReadAsyncInternal[TIOAdapter](Memory`1 buffer, CancellationToken cancellationToken)
   at System.Runtime.CompilerServices.PoolingAsyncValueTaskMethodBuilder`1.StateMachineBox`1.System.Threading.Tasks.Sources.IValueTaskSource<TResult>.GetResult(Int16 token)
   at System.Net.Http.HttpConnection.SendAsync(HttpRequestMessage request, Boolean async, CancellationToken cancellationToken)
   --- End of inner exception stack trace ---
   at System.Net.Http.HttpConnection.SendAsync(HttpRequestMessage request, Boolean async, CancellationToken cancellationToken)
   at System.Net.Http.AuthenticationHelper.SendWithNtAuthAsync(HttpRequestMessage request, Uri authUri, Boolean async, ICredentials credentials, Boolean isProxyAuth, HttpConnection connection, HttpConnectionPool connectionPool, CancellationToken cancellationToken)
   at System.Net.Http.HttpConnectionPool.SendWithVersionDetectionAndRetryAsync(HttpRequestMessage request, Boolean async, Boolean doRequestAuth, CancellationToken cancellationToken)
   at System.Net.Http.AuthenticationHelper.SendWithAuthAsync(HttpRequestMessage request, Uri authUri, Boolean async, ICredentials credentials, Boolean preAuthenticate, Boolean isProxyAuth, Boolean doRequestAuth, HttpConnectionPool pool, CancellationToken cancellationToken)
   at System.Net.Http.RedirectHandler.SendAsync(HttpRequestMessage request, Boolean async, CancellationToken cancellationToken)
   at GitHub.Services.Common.RawHttpMessageHandler.SendAsync(HttpRequestMessage request, CancellationToken cancellationToken)
   at GitHub.Services.Common.VssHttpRetryMessageHandler.SendAsync(HttpRequestMessage request, CancellationToken cancellationToken)
   at System.Net.Http.HttpClient.<SendAsync>g__Core|83_0(HttpRequestMessage request, HttpCompletionOption completionOption, CancellationTokenSource cts, Boolean disposeCts, CancellationTokenSource pendingRequestsCts, CancellationToken originalCancellationToken)
[2026-09-25 09:56:31Z ERR  BrokerServer] #####################################################
[2026-09-25 09:56:31Z ERR  BrokerServer] System.IO.IOException: Unable to read data from the transport connection: Der E/A-Vorgang wurde wegen eines Threadendes oder einer Anwendungsanforderung abgebrochen..
 ---> System.Net.Sockets.SocketException (995): Der E/A-Vorgang wurde wegen eines Threadendes oder einer Anwendungsanforderung abgebrochen.
   --- End of inner exception stack trace ---
   at System.Net.Sockets.Socket.AwaitableSocketAsyncEventArgs.System.Threading.Tasks.Sources.IValueTaskSource<System.Int32>.GetResult(Int16 token)
   at System.Net.Security.SslStream.EnsureFullTlsFrameAsync[TIOAdapter](CancellationToken cancellationToken, Int32 estimatedSize)
   at System.Runtime.CompilerServices.PoolingAsyncValueTaskMethodBuilder`1.StateMachineBox`1.System.Threading.Tasks.Sources.IValueTaskSource<TResult>.GetResult(Int16 token)
   at System.Net.Security.SslStream.ReadAsyncInternal[TIOAdapter](Memory`1 buffer, CancellationToken cancellationToken)
   at System.Runtime.CompilerServices.PoolingAsyncValueTaskMethodBuilder`1.StateMachineBox`1.System.Threading.Tasks.Sources.IValueTaskSource<TResult>.GetResult(Int16 token)
   at System.Net.Http.HttpConnection.SendAsync(HttpRequestMessage request, Boolean async, CancellationToken cancellationToken)
[2026-09-25 09:56:31Z ERR  BrokerServer] #####################################################
[2026-09-25 09:56:31Z ERR  BrokerServer] System.Net.Sockets.SocketException (995): Der E/A-Vorgang wurde wegen eines Threadendes oder einer Anwendungsanforderung abgebrochen.
[2026-09-25 09:56:31Z WARN BrokerServer] Back off 11,136 seconds before next retry. 4 attempt left.
[2026-09-25 09:56:31Z INFO BrokerMessageListener] Get messages has been cancelled using local token source. Continue to get messages with new status.
[2026-09-25 10:04:07Z INFO BrokerMessageListener] Acknowledging runner request 'c74d7950-ff4c-562c-8e1e-886b083e9e5c'.
[2026-09-25 10:04:07Z INFO ConfigurationStore] HasCredentials()
[2026-09-25 10:04:07Z INFO ConfigurationStore] stored True
[2026-09-25 10:04:07Z INFO CredentialManager] GetCredentialProvider
[2026-09-25 10:04:07Z INFO CredentialManager] Creating type OAuth
[2026-09-25 10:04:07Z INFO CredentialManager] Creating credential type: OAuth
[2026-09-25 10:04:07Z INFO RSAEncryptedFileKeyManager] Loading RSA key parameters from file C:\Users\mcrngv0\test-write-api\test-write-api\actions-runner\.credentials_rsaparams
[2026-09-25 10:04:07Z INFO RSAEncryptedFileKeyManager] Loading RSA key parameters from file C:\Users\mcrngv0\test-write-api\test-write-api\actions-runner\.credentials_rsaparams
[2026-09-25 10:04:07Z INFO RSAEncryptedFileKeyManager] Loading RSA key parameters from file C:\Users\mcrngv0\test-write-api\test-write-api\actions-runner\.credentials_rsaparams
[2026-09-25 10:04:08Z INFO GitHubActionsService] AAD Correlation ID for this token request: Unknown
[2026-09-25 10:04:09Z INFO JobDispatcher] Job request 0 for plan 91fc1437-44e7-44b3-bcfa-88cae55c360d job c74d7950-ff4c-562c-8e1e-886b083e9e5c received.
[2026-09-25 10:04:09Z INFO JobDispatcher] Pull OrchestrationId 91fc1437-44e7-44b3-bcfa-88cae55c360d.build-and-push.__default from JWT claims
[2026-09-25 10:04:09Z INFO BrokerMessageListener] Received job status event. JobState: Busy
[2026-09-25 10:04:09Z INFO BrokerMessageListener] _getMessagesTokenSource is already disposed.
[2026-09-25 10:04:09Z INFO JobDispatcher] Job request a50f1b6d-dee5-50d5-9412-ebd7863d1eec processed succeed.
[2026-09-25 10:04:09Z INFO Terminal] WRITE LINE: 2026-09-25 10:04:09Z: Running job: build-and-push
[2026-09-25 10:04:09Z INFO JobDispatcher] Start renew job request 0 for job c74d7950-ff4c-562c-8e1e-886b083e9e5c.
[2026-09-25 10:04:09Z INFO JobDispatcher] Successfully renew job c74d7950-ff4c-562c-8e1e-886b083e9e5c, job is valid till 25.09.2026 10:14:09
[2026-09-25 10:04:09Z INFO HostContext] Well known directory 'Bin': 'C:\Users\mcrngv0\test-write-api\test-write-api\actions-runner\bin'
[2026-09-25 10:04:09Z INFO ProcessInvokerWrapper] Starting process:
[2026-09-25 10:04:09Z INFO ProcessInvokerWrapper]   File name: 'C:\Users\mcrngv0\test-write-api\test-write-api\actions-runner\bin\Runner.Worker.exe'
[2026-09-25 10:04:09Z INFO ProcessInvokerWrapper]   Arguments: 'spawnclient 1756 2568'
[2026-09-25 10:04:09Z INFO ProcessInvokerWrapper]   Working directory: 'C:\Users\mcrngv0\test-write-api\test-write-api\actions-runner\bin'
[2026-09-25 10:04:09Z INFO ProcessInvokerWrapper]   Require exit code zero: 'False'
[2026-09-25 10:04:09Z INFO ProcessInvokerWrapper]   Encoding web name:  ; code page: ''
[2026-09-25 10:04:09Z INFO ProcessInvokerWrapper]   Force kill process on cancellation: 'True'
[2026-09-25 10:04:09Z INFO ProcessInvokerWrapper]   Redirected STDIN: 'False'
[2026-09-25 10:04:09Z INFO ProcessInvokerWrapper]   Persist current code page: 'False'
[2026-09-25 10:04:09Z INFO ProcessInvokerWrapper]   Keep redirected STDIN open: 'False'
[2026-09-25 10:04:09Z INFO ProcessInvokerWrapper]   High priority process: 'True'
[2026-09-25 10:04:09Z INFO ProcessInvokerWrapper] Process started with process id 4068, waiting for process exit.
[2026-09-25 10:04:09Z INFO JobDispatcher] Send job request message to worker for job c74d7950-ff4c-562c-8e1e-886b083e9e5c.
[2026-09-25 10:04:09Z INFO ProcessChannel] Sending message of length 25380, with hash 'd526856bd9c29f03a165fedea4ea1f2708bb313e770be3cf089ab9deac6adecf'
[2026-09-25 10:04:10Z INFO JobNotification] Entering JobStarted Notification
[2026-09-25 10:04:10Z INFO JobNotification] Entering StartMonitor
[2026-09-25 10:05:01Z INFO ProcessInvokerWrapper] STDOUT/STDERR stream read finished.
[2026-09-25 10:05:01Z INFO ProcessInvokerWrapper] STDOUT/STDERR stream read finished.
[2026-09-25 10:05:01Z INFO ProcessInvokerWrapper] Finished process 4068 with exit code 100, and elapsed time 00:00:51.9168751.
[2026-09-25 10:05:01Z INFO JobDispatcher] Worker finished for job c74d7950-ff4c-562c-8e1e-886b083e9e5c. Code: 100
[2026-09-25 10:05:01Z INFO JobDispatcher] finish job request for job c74d7950-ff4c-562c-8e1e-886b083e9e5c with result: Succeeded
[2026-09-25 10:05:01Z INFO Terminal] WRITE LINE: 2026-09-25 10:05:01Z: Job build-and-push completed with result: Succeeded
[2026-09-25 10:05:01Z INFO JobDispatcher] Stop renew job request for job c74d7950-ff4c-562c-8e1e-886b083e9e5c.
[2026-09-25 10:05:01Z INFO JobDispatcher] job renew has been cancelled, stop renew job c74d7950-ff4c-562c-8e1e-886b083e9e5c.
[2026-09-25 10:05:01Z INFO JobNotification] Entering JobCompleted Notification
[2026-09-25 10:05:01Z INFO JobNotification] Entering EndMonitor
[2026-09-25 10:05:01Z INFO BrokerMessageListener] Received job status event. JobState: Online
[2026-09-25 10:05:01Z WARN GitHubActionsService] GET request to https://broker.actions.githubusercontent.com/message?sessionId=d824ca3c-9294-4948-a4e4-c0333f685e19&status=Busy&runnerVersion=2.337.0&os=Windows&architecture=X64&disableUpdate=false has been cancelled.
[2026-09-25 10:05:01Z ERR  BrokerServer] Catch exception during request
[2026-09-25 10:05:01Z ERR  BrokerServer] System.Threading.Tasks.TaskCanceledException: The operation was canceled.
 ---> System.Threading.Tasks.TaskCanceledException: The operation was canceled.
 ---> System.IO.IOException: Unable to read data from the transport connection: Der E/A-Vorgang wurde wegen eines Threadendes oder einer Anwendungsanforderung abgebrochen..
 ---> System.Net.Sockets.SocketException (995): Der E/A-Vorgang wurde wegen eines Threadendes oder einer Anwendungsanforderung abgebrochen.
   --- End of inner exception stack trace ---
   at System.Net.Sockets.Socket.AwaitableSocketAsyncEventArgs.System.Threading.Tasks.Sources.IValueTaskSource<System.Int32>.GetResult(Int16 token)
   at System.Net.Security.SslStream.EnsureFullTlsFrameAsync[TIOAdapter](CancellationToken cancellationToken, Int32 estimatedSize)
   at System.Runtime.CompilerServices.PoolingAsyncValueTaskMethodBuilder`1.StateMachineBox`1.System.Threading.Tasks.Sources.IValueTaskSource<TResult>.GetResult(Int16 token)
   at System.Net.Security.SslStream.ReadAsyncInternal[TIOAdapter](Memory`1 buffer, CancellationToken cancellationToken)
   at System.Runtime.CompilerServices.PoolingAsyncValueTaskMethodBuilder`1.StateMachineBox`1.System.Threading.Tasks.Sources.IValueTaskSource<TResult>.GetResult(Int16 token)
   at System.Net.Http.HttpConnection.SendAsync(HttpRequestMessage request, Boolean async, CancellationToken cancellationToken)
   --- End of inner exception stack trace ---
   at System.Net.Http.HttpConnection.SendAsync(HttpRequestMessage request, Boolean async, CancellationToken cancellationToken)
   at System.Net.Http.AuthenticationHelper.SendWithNtAuthAsync(HttpRequestMessage request, Uri authUri, Boolean async, ICredentials credentials, Boolean isProxyAuth, HttpConnection connection, HttpConnectionPool connectionPool, CancellationToken cancellationToken)
   at System.Net.Http.HttpConnectionPool.SendWithVersionDetectionAndRetryAsync(HttpRequestMessage request, Boolean async, Boolean doRequestAuth, CancellationToken cancellationToken)
   at System.Net.Http.AuthenticationHelper.SendWithAuthAsync(HttpRequestMessage request, Uri authUri, Boolean async, ICredentials credentials, Boolean preAuthenticate, Boolean isProxyAuth, Boolean doRequestAuth, HttpConnectionPool pool, CancellationToken cancellationToken)
   at System.Net.Http.RedirectHandler.SendAsync(HttpRequestMessage request, Boolean async, CancellationToken cancellationToken)
   at GitHub.Services.Common.RawHttpMessageHandler.SendAsync(HttpRequestMessage request, CancellationToken cancellationToken)
   at GitHub.Services.Common.VssHttpRetryMessageHandler.SendAsync(HttpRequestMessage request, CancellationToken cancellationToken)
   at System.Net.Http.HttpClient.<SendAsync>g__Core|83_0(HttpRequestMessage request, HttpCompletionOption completionOption, CancellationTokenSource cts, Boolean disposeCts, CancellationTokenSource pendingRequestsCts, CancellationToken originalCancellationToken)
   --- End of inner exception stack trace ---
   at System.Net.Http.HttpClient.HandleFailure(Exception e, Boolean telemetryStarted, HttpResponseMessage response, CancellationTokenSource cts, CancellationToken cancellationToken, CancellationTokenSource pendingRequestsCts)
   at System.Net.Http.HttpClient.<SendAsync>g__Core|83_0(HttpRequestMessage request, HttpCompletionOption completionOption, CancellationTokenSource cts, Boolean disposeCts, CancellationTokenSource pendingRequestsCts, CancellationToken originalCancellationToken)
   at Sdk.WebApi.WebApi.RawHttpClientBase.SendAsync(HttpRequestMessage message, HttpCompletionOption completionOption, Object userState, CancellationToken cancellationToken)
   at Sdk.WebApi.WebApi.RawHttpClientBase.SendAsync[T](HttpRequestMessage message, Boolean readErrorBody, Object userState, CancellationToken cancellationToken)
   at Sdk.WebApi.WebApi.RawHttpClientBase.SendAsync[T](HttpMethod method, IEnumerable`1 additionalHeaders, Uri requestUri, HttpContent content, IEnumerable`1 queryParameters, Boolean readErrorBody, Object userState, CancellationToken cancellationToken)
   at GitHub.Actions.RunService.WebApi.BrokerHttpClient.GetRunnerMessageAsync(Nullable`1 sessionId, String runnerVersion, Nullable`1 status, String os, String architecture, Nullable`1 disableUpdate, CancellationToken cancellationToken)
   at GitHub.Runner.Common.BrokerServer.<>c__DisplayClass7_0.<<GetRunnerMessageAsync>b__0>d.MoveNext()
--- End of stack trace from previous location ---
   at GitHub.Runner.Common.RunnerService.RetryRequest[T](Func`1 func, CancellationToken cancellationToken, Int32 maxAttempts, Func`2 shouldRetry)
[2026-09-25 10:05:01Z ERR  BrokerServer] #####################################################
[2026-09-25 10:05:01Z ERR  BrokerServer] System.Threading.Tasks.TaskCanceledException: The operation was canceled.
 ---> System.IO.IOException: Unable to read data from the transport connection: Der E/A-Vorgang wurde wegen eines Threadendes oder einer Anwendungsanforderung abgebrochen..
 ---> System.Net.Sockets.SocketException (995): Der E/A-Vorgang wurde wegen eines Threadendes oder einer Anwendungsanforderung abgebrochen.
   --- End of inner exception stack trace ---
   at System.Net.Sockets.Socket.AwaitableSocketAsyncEventArgs.System.Threading.Tasks.Sources.IValueTaskSource<System.Int32>.GetResult(Int16 token)
   at System.Net.Security.SslStream.EnsureFullTlsFrameAsync[TIOAdapter](CancellationToken cancellationToken, Int32 estimatedSize)
   at System.Runtime.CompilerServices.PoolingAsyncValueTaskMethodBuilder`1.StateMachineBox`1.System.Threading.Tasks.Sources.IValueTaskSource<TResult>.GetResult(Int16 token)
   at System.Net.Security.SslStream.ReadAsyncInternal[TIOAdapter](Memory`1 buffer, CancellationToken cancellationToken)
   at System.Runtime.CompilerServices.PoolingAsyncValueTaskMethodBuilder`1.StateMachineBox`1.System.Threading.Tasks.Sources.IValueTaskSource<TResult>.GetResult(Int16 token)
   at System.Net.Http.HttpConnection.SendAsync(HttpRequestMessage request, Boolean async, CancellationToken cancellationToken)
   --- End of inner exception stack trace ---
   at System.Net.Http.HttpConnection.SendAsync(HttpRequestMessage request, Boolean async, CancellationToken cancellationToken)
   at System.Net.Http.AuthenticationHelper.SendWithNtAuthAsync(HttpRequestMessage request, Uri authUri, Boolean async, ICredentials credentials, Boolean isProxyAuth, HttpConnection connection, HttpConnectionPool connectionPool, CancellationToken cancellationToken)
   at System.Net.Http.HttpConnectionPool.SendWithVersionDetectionAndRetryAsync(HttpRequestMessage request, Boolean async, Boolean doRequestAuth, CancellationToken cancellationToken)
   at System.Net.Http.AuthenticationHelper.SendWithAuthAsync(HttpRequestMessage request, Uri authUri, Boolean async, ICredentials credentials, Boolean preAuthenticate, Boolean isProxyAuth, Boolean doRequestAuth, HttpConnectionPool pool, CancellationToken cancellationToken)
   at System.Net.Http.RedirectHandler.SendAsync(HttpRequestMessage request, Boolean async, CancellationToken cancellationToken)
   at GitHub.Services.Common.RawHttpMessageHandler.SendAsync(HttpRequestMessage request, CancellationToken cancellationToken)
   at GitHub.Services.Common.VssHttpRetryMessageHandler.SendAsync(HttpRequestMessage request, CancellationToken cancellationToken)
   at System.Net.Http.HttpClient.<SendAsync>g__Core|83_0(HttpRequestMessage request, HttpCompletionOption completionOption, CancellationTokenSource cts, Boolean disposeCts, CancellationTokenSource pendingRequestsCts, CancellationToken originalCancellationToken)
[2026-09-25 10:05:01Z ERR  BrokerServer] #####################################################
[2026-09-25 10:05:01Z ERR  BrokerServer] System.IO.IOException: Unable to read data from the transport connection: Der E/A-Vorgang wurde wegen eines Threadendes oder einer Anwendungsanforderung abgebrochen..
 ---> System.Net.Sockets.SocketException (995): Der E/A-Vorgang wurde wegen eines Threadendes oder einer Anwendungsanforderung abgebrochen.
   --- End of inner exception stack trace ---
   at System.Net.Sockets.Socket.AwaitableSocketAsyncEventArgs.System.Threading.Tasks.Sources.IValueTaskSource<System.Int32>.GetResult(Int16 token)
   at System.Net.Security.SslStream.EnsureFullTlsFrameAsync[TIOAdapter](CancellationToken cancellationToken, Int32 estimatedSize)
   at System.Runtime.CompilerServices.PoolingAsyncValueTaskMethodBuilder`1.StateMachineBox`1.System.Threading.Tasks.Sources.IValueTaskSource<TResult>.GetResult(Int16 token)
   at System.Net.Security.SslStream.ReadAsyncInternal[TIOAdapter](Memory`1 buffer, CancellationToken cancellationToken)
   at System.Runtime.CompilerServices.PoolingAsyncValueTaskMethodBuilder`1.StateMachineBox`1.System.Threading.Tasks.Sources.IValueTaskSource<TResult>.GetResult(Int16 token)
   at System.Net.Http.HttpConnection.SendAsync(HttpRequestMessage request, Boolean async, CancellationToken cancellationToken)
[2026-09-25 10:05:01Z ERR  BrokerServer] #####################################################
[2026-09-25 10:05:01Z ERR  BrokerServer] System.Net.Sockets.SocketException (995): Der E/A-Vorgang wurde wegen eines Threadendes oder einer Anwendungsanforderung abgebrochen.
[2026-09-25 10:05:01Z WARN BrokerServer] Back off 10,814 seconds before next retry. 4 attempt left.
[2026-09-25 10:05:01Z INFO BrokerMessageListener] Get messages has been cancelled using local token source. Continue to get messages with new status.
[2026-09-25 10:11:02Z INFO BrokerMessageListener] Acknowledging runner request '1a78dedf-5912-5953-81f2-c1e6af9290c6'.
[2026-09-25 10:11:02Z INFO ConfigurationStore] HasCredentials()
[2026-09-25 10:11:02Z INFO ConfigurationStore] stored True
[2026-09-25 10:11:02Z INFO CredentialManager] GetCredentialProvider
[2026-09-25 10:11:02Z INFO CredentialManager] Creating type OAuth
[2026-09-25 10:11:02Z INFO CredentialManager] Creating credential type: OAuth
[2026-09-25 10:11:02Z INFO RSAEncryptedFileKeyManager] Loading RSA key parameters from file C:\Users\mcrngv0\test-write-api\test-write-api\actions-runner\.credentials_rsaparams
[2026-09-25 10:11:02Z INFO RSAEncryptedFileKeyManager] Loading RSA key parameters from file C:\Users\mcrngv0\test-write-api\test-write-api\actions-runner\.credentials_rsaparams
[2026-09-25 10:11:02Z INFO RSAEncryptedFileKeyManager] Loading RSA key parameters from file C:\Users\mcrngv0\test-write-api\test-write-api\actions-runner\.credentials_rsaparams
[2026-09-25 10:11:02Z INFO GitHubActionsService] AAD Correlation ID for this token request: Unknown
[2026-09-25 10:11:03Z INFO JobDispatcher] Job request 0 for plan 2709515d-31a7-442d-ad14-8c11be9d0880 job 1a78dedf-5912-5953-81f2-c1e6af9290c6 received.
[2026-09-25 10:11:03Z INFO JobDispatcher] Pull OrchestrationId 2709515d-31a7-442d-ad14-8c11be9d0880.build-and-push.__default from JWT claims
[2026-09-25 10:11:03Z INFO BrokerMessageListener] Received job status event. JobState: Busy
[2026-09-25 10:11:03Z INFO BrokerMessageListener] _getMessagesTokenSource is already disposed.
[2026-09-25 10:11:03Z INFO JobDispatcher] Job request c74d7950-ff4c-562c-8e1e-886b083e9e5c processed succeed.
[2026-09-25 10:11:03Z INFO Terminal] WRITE LINE: 2026-09-25 10:11:03Z: Running job: build-and-push
[2026-09-25 10:11:03Z INFO JobDispatcher] Start renew job request 0 for job 1a78dedf-5912-5953-81f2-c1e6af9290c6.
[2026-09-25 10:11:04Z INFO JobDispatcher] Successfully renew job 1a78dedf-5912-5953-81f2-c1e6af9290c6, job is valid till 25.09.2026 10:21:03
[2026-09-25 10:11:04Z INFO HostContext] Well known directory 'Bin': 'C:\Users\mcrngv0\test-write-api\test-write-api\actions-runner\bin'
[2026-09-25 10:11:04Z INFO ProcessInvokerWrapper] Starting process:
[2026-09-25 10:11:04Z INFO ProcessInvokerWrapper]   File name: 'C:\Users\mcrngv0\test-write-api\test-write-api\actions-runner\bin\Runner.Worker.exe'
[2026-09-25 10:11:04Z INFO ProcessInvokerWrapper]   Arguments: 'spawnclient 2768 1284'
[2026-09-25 10:11:04Z INFO ProcessInvokerWrapper]   Working directory: 'C:\Users\mcrngv0\test-write-api\test-write-api\actions-runner\bin'
[2026-09-25 10:11:04Z INFO ProcessInvokerWrapper]   Require exit code zero: 'False'
[2026-09-25 10:11:04Z INFO ProcessInvokerWrapper]   Encoding web name:  ; code page: ''
[2026-09-25 10:11:04Z INFO ProcessInvokerWrapper]   Force kill process on cancellation: 'True'
[2026-09-25 10:11:04Z INFO ProcessInvokerWrapper]   Redirected STDIN: 'False'
[2026-09-25 10:11:04Z INFO ProcessInvokerWrapper]   Persist current code page: 'False'
[2026-09-25 10:11:04Z INFO ProcessInvokerWrapper]   Keep redirected STDIN open: 'False'
[2026-09-25 10:11:04Z INFO ProcessInvokerWrapper]   High priority process: 'True'
[2026-09-25 10:11:04Z INFO ProcessInvokerWrapper] Process started with process id 17268, waiting for process exit.
[2026-09-25 10:11:04Z INFO JobDispatcher] Send job request message to worker for job 1a78dedf-5912-5953-81f2-c1e6af9290c6.
[2026-09-25 10:11:04Z INFO ProcessChannel] Sending message of length 24663, with hash '497d2eb7c5cb7ec011e9e72958301ba2ebcc1db3ddd40e34929c6ca4b9edfb39'
[2026-09-25 10:11:04Z INFO JobNotification] Entering JobStarted Notification
[2026-09-25 10:11:04Z INFO JobNotification] Entering StartMonitor
[2026-09-25 10:11:59Z INFO ProcessInvokerWrapper] STDOUT/STDERR stream read finished.
[2026-09-25 10:11:59Z INFO ProcessInvokerWrapper] STDOUT/STDERR stream read finished.
[2026-09-25 10:11:59Z INFO ProcessInvokerWrapper] Finished process 17268 with exit code 100, and elapsed time 00:00:55.4871936.
[2026-09-25 10:11:59Z INFO JobDispatcher] Worker finished for job 1a78dedf-5912-5953-81f2-c1e6af9290c6. Code: 100
[2026-09-25 10:11:59Z INFO JobDispatcher] finish job request for job 1a78dedf-5912-5953-81f2-c1e6af9290c6 with result: Succeeded
[2026-09-25 10:11:59Z INFO Terminal] WRITE LINE: 2026-09-25 10:11:59Z: Job build-and-push completed with result: Succeeded
[2026-09-25 10:11:59Z INFO JobDispatcher] Stop renew job request for job 1a78dedf-5912-5953-81f2-c1e6af9290c6.
[2026-09-25 10:11:59Z INFO JobDispatcher] job renew has been cancelled, stop renew job 1a78dedf-5912-5953-81f2-c1e6af9290c6.
[2026-09-25 10:11:59Z INFO JobNotification] Entering JobCompleted Notification
[2026-09-25 10:11:59Z INFO JobNotification] Entering EndMonitor
[2026-09-25 10:11:59Z INFO BrokerMessageListener] Received job status event. JobState: Online
[2026-09-25 10:11:59Z WARN GitHubActionsService] GET request to https://broker.actions.githubusercontent.com/message?sessionId=d824ca3c-9294-4948-a4e4-c0333f685e19&status=Busy&runnerVersion=2.337.0&os=Windows&architecture=X64&disableUpdate=false has been cancelled.
[2026-09-25 10:11:59Z ERR  BrokerServer] Catch exception during request
[2026-09-25 10:11:59Z ERR  BrokerServer] System.Threading.Tasks.TaskCanceledException: The operation was canceled.
 ---> System.Threading.Tasks.TaskCanceledException: The operation was canceled.
 ---> System.IO.IOException: Unable to read data from the transport connection: Der E/A-Vorgang wurde wegen eines Threadendes oder einer Anwendungsanforderung abgebrochen..
 ---> System.Net.Sockets.SocketException (995): Der E/A-Vorgang wurde wegen eines Threadendes oder einer Anwendungsanforderung abgebrochen.
   --- End of inner exception stack trace ---
   at System.Net.Sockets.Socket.AwaitableSocketAsyncEventArgs.System.Threading.Tasks.Sources.IValueTaskSource<System.Int32>.GetResult(Int16 token)
   at System.Net.Security.SslStream.EnsureFullTlsFrameAsync[TIOAdapter](CancellationToken cancellationToken, Int32 estimatedSize)
   at System.Runtime.CompilerServices.PoolingAsyncValueTaskMethodBuilder`1.StateMachineBox`1.System.Threading.Tasks.Sources.IValueTaskSource<TResult>.GetResult(Int16 token)
   at System.Net.Security.SslStream.ReadAsyncInternal[TIOAdapter](Memory`1 buffer, CancellationToken cancellationToken)
   at System.Runtime.CompilerServices.PoolingAsyncValueTaskMethodBuilder`1.StateMachineBox`1.System.Threading.Tasks.Sources.IValueTaskSource<TResult>.GetResult(Int16 token)
   at System.Net.Http.HttpConnection.SendAsync(HttpRequestMessage request, Boolean async, CancellationToken cancellationToken)
   --- End of inner exception stack trace ---
   at System.Net.Http.HttpConnection.SendAsync(HttpRequestMessage request, Boolean async, CancellationToken cancellationToken)
   at System.Net.Http.AuthenticationHelper.SendWithNtAuthAsync(HttpRequestMessage request, Uri authUri, Boolean async, ICredentials credentials, Boolean isProxyAuth, HttpConnection connection, HttpConnectionPool connectionPool, CancellationToken cancellationToken)
   at System.Net.Http.HttpConnectionPool.SendWithVersionDetectionAndRetryAsync(HttpRequestMessage request, Boolean async, Boolean doRequestAuth, CancellationToken cancellationToken)
   at System.Net.Http.AuthenticationHelper.SendWithAuthAsync(HttpRequestMessage request, Uri authUri, Boolean async, ICredentials credentials, Boolean preAuthenticate, Boolean isProxyAuth, Boolean doRequestAuth, HttpConnectionPool pool, CancellationToken cancellationToken)
   at System.Net.Http.RedirectHandler.SendAsync(HttpRequestMessage request, Boolean async, CancellationToken cancellationToken)
   at GitHub.Services.Common.RawHttpMessageHandler.SendAsync(HttpRequestMessage request, CancellationToken cancellationToken)
   at GitHub.Services.Common.VssHttpRetryMessageHandler.SendAsync(HttpRequestMessage request, CancellationToken cancellationToken)
   at System.Net.Http.HttpClient.<SendAsync>g__Core|83_0(HttpRequestMessage request, HttpCompletionOption completionOption, CancellationTokenSource cts, Boolean disposeCts, CancellationTokenSource pendingRequestsCts, CancellationToken originalCancellationToken)
   --- End of inner exception stack trace ---
   at System.Net.Http.HttpClient.HandleFailure(Exception e, Boolean telemetryStarted, HttpResponseMessage response, CancellationTokenSource cts, CancellationToken cancellationToken, CancellationTokenSource pendingRequestsCts)
   at System.Net.Http.HttpClient.<SendAsync>g__Core|83_0(HttpRequestMessage request, HttpCompletionOption completionOption, CancellationTokenSource cts, Boolean disposeCts, CancellationTokenSource pendingRequestsCts, CancellationToken originalCancellationToken)
   at Sdk.WebApi.WebApi.RawHttpClientBase.SendAsync(HttpRequestMessage message, HttpCompletionOption completionOption, Object userState, CancellationToken cancellationToken)
   at Sdk.WebApi.WebApi.RawHttpClientBase.SendAsync[T](HttpRequestMessage message, Boolean readErrorBody, Object userState, CancellationToken cancellationToken)
   at Sdk.WebApi.WebApi.RawHttpClientBase.SendAsync[T](HttpMethod method, IEnumerable`1 additionalHeaders, Uri requestUri, HttpContent content, IEnumerable`1 queryParameters, Boolean readErrorBody, Object userState, CancellationToken cancellationToken)
   at GitHub.Actions.RunService.WebApi.BrokerHttpClient.GetRunnerMessageAsync(Nullable`1 sessionId, String runnerVersion, Nullable`1 status, String os, String architecture, Nullable`1 disableUpdate, CancellationToken cancellationToken)
   at GitHub.Runner.Common.BrokerServer.<>c__DisplayClass7_0.<<GetRunnerMessageAsync>b__0>d.MoveNext()
--- End of stack trace from previous location ---
   at GitHub.Runner.Common.RunnerService.RetryRequest[T](Func`1 func, CancellationToken cancellationToken, Int32 maxAttempts, Func`2 shouldRetry)
[2026-09-25 10:11:59Z ERR  BrokerServer] #####################################################
[2026-09-25 10:11:59Z ERR  BrokerServer] System.Threading.Tasks.TaskCanceledException: The operation was canceled.
 ---> System.IO.IOException: Unable to read data from the transport connection: Der E/A-Vorgang wurde wegen eines Threadendes oder einer Anwendungsanforderung abgebrochen..
 ---> System.Net.Sockets.SocketException (995): Der E/A-Vorgang wurde wegen eines Threadendes oder einer Anwendungsanforderung abgebrochen.
   --- End of inner exception stack trace ---
   at System.Net.Sockets.Socket.AwaitableSocketAsyncEventArgs.System.Threading.Tasks.Sources.IValueTaskSource<System.Int32>.GetResult(Int16 token)
   at System.Net.Security.SslStream.EnsureFullTlsFrameAsync[TIOAdapter](CancellationToken cancellationToken, Int32 estimatedSize)
   at System.Runtime.CompilerServices.PoolingAsyncValueTaskMethodBuilder`1.StateMachineBox`1.System.Threading.Tasks.Sources.IValueTaskSource<TResult>.GetResult(Int16 token)
   at System.Net.Security.SslStream.ReadAsyncInternal[TIOAdapter](Memory`1 buffer, CancellationToken cancellationToken)
   at System.Runtime.CompilerServices.PoolingAsyncValueTaskMethodBuilder`1.StateMachineBox`1.System.Threading.Tasks.Sources.IValueTaskSource<TResult>.GetResult(Int16 token)
   at System.Net.Http.HttpConnection.SendAsync(HttpRequestMessage request, Boolean async, CancellationToken cancellationToken)
   --- End of inner exception stack trace ---
   at System.Net.Http.HttpConnection.SendAsync(HttpRequestMessage request, Boolean async, CancellationToken cancellationToken)
   at System.Net.Http.AuthenticationHelper.SendWithNtAuthAsync(HttpRequestMessage request, Uri authUri, Boolean async, ICredentials credentials, Boolean isProxyAuth, HttpConnection connection, HttpConnectionPool connectionPool, CancellationToken cancellationToken)
   at System.Net.Http.HttpConnectionPool.SendWithVersionDetectionAndRetryAsync(HttpRequestMessage request, Boolean async, Boolean doRequestAuth, CancellationToken cancellationToken)
   at System.Net.Http.AuthenticationHelper.SendWithAuthAsync(HttpRequestMessage request, Uri authUri, Boolean async, ICredentials credentials, Boolean preAuthenticate, Boolean isProxyAuth, Boolean doRequestAuth, HttpConnectionPool pool, CancellationToken cancellationToken)
   at System.Net.Http.RedirectHandler.SendAsync(HttpRequestMessage request, Boolean async, CancellationToken cancellationToken)
   at GitHub.Services.Common.RawHttpMessageHandler.SendAsync(HttpRequestMessage request, CancellationToken cancellationToken)
   at GitHub.Services.Common.VssHttpRetryMessageHandler.SendAsync(HttpRequestMessage request, CancellationToken cancellationToken)
   at System.Net.Http.HttpClient.<SendAsync>g__Core|83_0(HttpRequestMessage request, HttpCompletionOption completionOption, CancellationTokenSource cts, Boolean disposeCts, CancellationTokenSource pendingRequestsCts, CancellationToken originalCancellationToken)
[2026-09-25 10:11:59Z ERR  BrokerServer] #####################################################
[2026-09-25 10:11:59Z ERR  BrokerServer] System.IO.IOException: Unable to read data from the transport connection: Der E/A-Vorgang wurde wegen eines Threadendes oder einer Anwendungsanforderung abgebrochen..
 ---> System.Net.Sockets.SocketException (995): Der E/A-Vorgang wurde wegen eines Threadendes oder einer Anwendungsanforderung abgebrochen.
   --- End of inner exception stack trace ---
   at System.Net.Sockets.Socket.AwaitableSocketAsyncEventArgs.System.Threading.Tasks.Sources.IValueTaskSource<System.Int32>.GetResult(Int16 token)
   at System.Net.Security.SslStream.EnsureFullTlsFrameAsync[TIOAdapter](CancellationToken cancellationToken, Int32 estimatedSize)
   at System.Runtime.CompilerServices.PoolingAsyncValueTaskMethodBuilder`1.StateMachineBox`1.System.Threading.Tasks.Sources.IValueTaskSource<TResult>.GetResult(Int16 token)
   at System.Net.Security.SslStream.ReadAsyncInternal[TIOAdapter](Memory`1 buffer, CancellationToken cancellationToken)
   at System.Runtime.CompilerServices.PoolingAsyncValueTaskMethodBuilder`1.StateMachineBox`1.System.Threading.Tasks.Sources.IValueTaskSource<TResult>.GetResult(Int16 token)
   at System.Net.Http.HttpConnection.SendAsync(HttpRequestMessage request, Boolean async, CancellationToken cancellationToken)
[2026-09-25 10:11:59Z ERR  BrokerServer] #####################################################
[2026-09-25 10:11:59Z ERR  BrokerServer] System.Net.Sockets.SocketException (995): Der E/A-Vorgang wurde wegen eines Threadendes oder einer Anwendungsanforderung abgebrochen.
[2026-09-25 10:11:59Z WARN BrokerServer] Back off 10,023 seconds before next retry. 4 attempt left.
[2026-09-25 10:11:59Z INFO BrokerMessageListener] Get messages has been cancelled using local token source. Continue to get messages with new status.
[2026-09-25 10:15:02Z INFO BrokerMessageListener] Acknowledging runner request 'b4846176-9e0c-58c5-b6f6-3838f6a6e3a2'.
[2026-09-25 10:15:02Z INFO ConfigurationStore] HasCredentials()
[2026-09-25 10:15:02Z INFO ConfigurationStore] stored True
[2026-09-25 10:15:02Z INFO CredentialManager] GetCredentialProvider
[2026-09-25 10:15:02Z INFO CredentialManager] Creating type OAuth
[2026-09-25 10:15:02Z INFO CredentialManager] Creating credential type: OAuth
[2026-09-25 10:15:02Z INFO RSAEncryptedFileKeyManager] Loading RSA key parameters from file C:\Users\mcrngv0\test-write-api\test-write-api\actions-runner\.credentials_rsaparams
[2026-09-25 10:15:02Z INFO RSAEncryptedFileKeyManager] Loading RSA key parameters from file C:\Users\mcrngv0\test-write-api\test-write-api\actions-runner\.credentials_rsaparams
[2026-09-25 10:15:02Z INFO RSAEncryptedFileKeyManager] Loading RSA key parameters from file C:\Users\mcrngv0\test-write-api\test-write-api\actions-runner\.credentials_rsaparams
[2026-09-25 10:15:03Z INFO GitHubActionsService] AAD Correlation ID for this token request: Unknown
[2026-09-25 10:15:03Z INFO JobDispatcher] Job request 0 for plan 98b13394-dd5c-427a-8733-c176a5f3c702 job b4846176-9e0c-58c5-b6f6-3838f6a6e3a2 received.
[2026-09-25 10:15:03Z INFO JobDispatcher] Pull OrchestrationId 98b13394-dd5c-427a-8733-c176a5f3c702.build-and-push.__default from JWT claims
[2026-09-25 10:15:03Z INFO BrokerMessageListener] Received job status event. JobState: Busy
[2026-09-25 10:15:03Z INFO BrokerMessageListener] _getMessagesTokenSource is already disposed.
[2026-09-25 10:15:03Z INFO JobDispatcher] Job request 1a78dedf-5912-5953-81f2-c1e6af9290c6 processed succeed.
[2026-09-25 10:15:03Z INFO Terminal] WRITE LINE: 2026-09-25 10:15:03Z: Running job: build-and-push
[2026-09-25 10:15:03Z INFO JobDispatcher] Start renew job request 0 for job b4846176-9e0c-58c5-b6f6-3838f6a6e3a2.
[2026-09-25 10:15:04Z INFO JobDispatcher] Successfully renew job b4846176-9e0c-58c5-b6f6-3838f6a6e3a2, job is valid till 25.09.2026 10:25:04
[2026-09-25 10:15:04Z INFO HostContext] Well known directory 'Bin': 'C:\Users\mcrngv0\test-write-api\test-write-api\actions-runner\bin'
[2026-09-25 10:15:04Z INFO ProcessInvokerWrapper] Starting process:
[2026-09-25 10:15:04Z INFO ProcessInvokerWrapper]   File name: 'C:\Users\mcrngv0\test-write-api\test-write-api\actions-runner\bin\Runner.Worker.exe'
[2026-09-25 10:15:04Z INFO ProcessInvokerWrapper]   Arguments: 'spawnclient 2628 1556'
[2026-09-25 10:15:04Z INFO ProcessInvokerWrapper]   Working directory: 'C:\Users\mcrngv0\test-write-api\test-write-api\actions-runner\bin'
[2026-09-25 10:15:04Z INFO ProcessInvokerWrapper]   Require exit code zero: 'False'
[2026-09-25 10:15:04Z INFO ProcessInvokerWrapper]   Encoding web name:  ; code page: ''
[2026-09-25 10:15:04Z INFO ProcessInvokerWrapper]   Force kill process on cancellation: 'True'
[2026-09-25 10:15:04Z INFO ProcessInvokerWrapper]   Redirected STDIN: 'False'
[2026-09-25 10:15:04Z INFO ProcessInvokerWrapper]   Persist current code page: 'False'
[2026-09-25 10:15:04Z INFO ProcessInvokerWrapper]   Keep redirected STDIN open: 'False'
[2026-09-25 10:15:04Z INFO ProcessInvokerWrapper]   High priority process: 'True'
[2026-09-25 10:15:04Z INFO ProcessInvokerWrapper] Process started with process id 13400, waiting for process exit.
[2026-09-25 10:15:04Z INFO JobDispatcher] Send job request message to worker for job b4846176-9e0c-58c5-b6f6-3838f6a6e3a2.
[2026-09-25 10:15:04Z INFO ProcessChannel] Sending message of length 24846, with hash '99510fe9ed2faa79e3375325bafb4621cf2f5b0a4a54f92ba2133e655fadee17'
[2026-09-25 10:15:04Z INFO JobNotification] Entering JobStarted Notification
[2026-09-25 10:15:04Z INFO JobNotification] Entering StartMonitor
[2026-09-25 10:15:55Z INFO ProcessInvokerWrapper] STDOUT/STDERR stream read finished.
[2026-09-25 10:15:55Z INFO ProcessInvokerWrapper] STDOUT/STDERR stream read finished.
[2026-09-25 10:15:55Z INFO ProcessInvokerWrapper] Finished process 13400 with exit code 100, and elapsed time 00:00:50.8711661.
[2026-09-25 10:15:55Z INFO JobDispatcher] Worker finished for job b4846176-9e0c-58c5-b6f6-3838f6a6e3a2. Code: 100
[2026-09-25 10:15:55Z INFO JobDispatcher] finish job request for job b4846176-9e0c-58c5-b6f6-3838f6a6e3a2 with result: Succeeded
[2026-09-25 10:15:55Z INFO Terminal] WRITE LINE: 2026-09-25 10:15:55Z: Job build-and-push completed with result: Succeeded
[2026-09-25 10:15:55Z INFO JobDispatcher] Stop renew job request for job b4846176-9e0c-58c5-b6f6-3838f6a6e3a2.
[2026-09-25 10:15:55Z INFO JobDispatcher] job renew has been cancelled, stop renew job b4846176-9e0c-58c5-b6f6-3838f6a6e3a2.
[2026-09-25 10:15:55Z INFO JobNotification] Entering JobCompleted Notification
[2026-09-25 10:15:55Z INFO JobNotification] Entering EndMonitor
[2026-09-25 10:15:55Z INFO BrokerMessageListener] Received job status event. JobState: Online
[2026-09-25 10:15:55Z WARN GitHubActionsService] GET request to https://broker.actions.githubusercontent.com/message?sessionId=d824ca3c-9294-4948-a4e4-c0333f685e19&status=Busy&runnerVersion=2.337.0&os=Windows&architecture=X64&disableUpdate=false has been cancelled.
[2026-09-25 10:15:55Z ERR  BrokerServer] Catch exception during request
[2026-09-25 10:15:55Z ERR  BrokerServer] System.Threading.Tasks.TaskCanceledException: The operation was canceled.
 ---> System.Threading.Tasks.TaskCanceledException: The operation was canceled.
 ---> System.IO.IOException: Unable to read data from the transport connection: Der E/A-Vorgang wurde wegen eines Threadendes oder einer Anwendungsanforderung abgebrochen..
 ---> System.Net.Sockets.SocketException (995): Der E/A-Vorgang wurde wegen eines Threadendes oder einer Anwendungsanforderung abgebrochen.
   --- End of inner exception stack trace ---
   at System.Net.Sockets.Socket.AwaitableSocketAsyncEventArgs.System.Threading.Tasks.Sources.IValueTaskSource<System.Int32>.GetResult(Int16 token)
   at System.Net.Security.SslStream.EnsureFullTlsFrameAsync[TIOAdapter](CancellationToken cancellationToken, Int32 estimatedSize)
   at System.Runtime.CompilerServices.PoolingAsyncValueTaskMethodBuilder`1.StateMachineBox`1.System.Threading.Tasks.Sources.IValueTaskSource<TResult>.GetResult(Int16 token)
   at System.Net.Security.SslStream.ReadAsyncInternal[TIOAdapter](Memory`1 buffer, CancellationToken cancellationToken)
   at System.Runtime.CompilerServices.PoolingAsyncValueTaskMethodBuilder`1.StateMachineBox`1.System.Threading.Tasks.Sources.IValueTaskSource<TResult>.GetResult(Int16 token)
   at System.Net.Http.HttpConnection.SendAsync(HttpRequestMessage request, Boolean async, CancellationToken cancellationToken)
   --- End of inner exception stack trace ---
   at System.Net.Http.HttpConnection.SendAsync(HttpRequestMessage request, Boolean async, CancellationToken cancellationToken)
   at System.Net.Http.AuthenticationHelper.SendWithNtAuthAsync(HttpRequestMessage request, Uri authUri, Boolean async, ICredentials credentials, Boolean isProxyAuth, HttpConnection connection, HttpConnectionPool connectionPool, CancellationToken cancellationToken)
   at System.Net.Http.HttpConnectionPool.SendWithVersionDetectionAndRetryAsync(HttpRequestMessage request, Boolean async, Boolean doRequestAuth, CancellationToken cancellationToken)
   at System.Net.Http.AuthenticationHelper.SendWithAuthAsync(HttpRequestMessage request, Uri authUri, Boolean async, ICredentials credentials, Boolean preAuthenticate, Boolean isProxyAuth, Boolean doRequestAuth, HttpConnectionPool pool, CancellationToken cancellationToken)
   at System.Net.Http.RedirectHandler.SendAsync(HttpRequestMessage request, Boolean async, CancellationToken cancellationToken)
   at GitHub.Services.Common.RawHttpMessageHandler.SendAsync(HttpRequestMessage request, CancellationToken cancellationToken)
   at GitHub.Services.Common.VssHttpRetryMessageHandler.SendAsync(HttpRequestMessage request, CancellationToken cancellationToken)
   at System.Net.Http.HttpClient.<SendAsync>g__Core|83_0(HttpRequestMessage request, HttpCompletionOption completionOption, CancellationTokenSource cts, Boolean disposeCts, CancellationTokenSource pendingRequestsCts, CancellationToken originalCancellationToken)
   --- End of inner exception stack trace ---
   at System.Net.Http.HttpClient.HandleFailure(Exception e, Boolean telemetryStarted, HttpResponseMessage response, CancellationTokenSource cts, CancellationToken cancellationToken, CancellationTokenSource pendingRequestsCts)
   at System.Net.Http.HttpClient.<SendAsync>g__Core|83_0(HttpRequestMessage request, HttpCompletionOption completionOption, CancellationTokenSource cts, Boolean disposeCts, CancellationTokenSource pendingRequestsCts, CancellationToken originalCancellationToken)
   at Sdk.WebApi.WebApi.RawHttpClientBase.SendAsync(HttpRequestMessage message, HttpCompletionOption completionOption, Object userState, CancellationToken cancellationToken)
   at Sdk.WebApi.WebApi.RawHttpClientBase.SendAsync[T](HttpRequestMessage message, Boolean readErrorBody, Object userState, CancellationToken cancellationToken)
   at Sdk.WebApi.WebApi.RawHttpClientBase.SendAsync[T](HttpMethod method, IEnumerable`1 additionalHeaders, Uri requestUri, HttpContent content, IEnumerable`1 queryParameters, Boolean readErrorBody, Object userState, CancellationToken cancellationToken)
   at GitHub.Actions.RunService.WebApi.BrokerHttpClient.GetRunnerMessageAsync(Nullable`1 sessionId, String runnerVersion, Nullable`1 status, String os, String architecture, Nullable`1 disableUpdate, CancellationToken cancellationToken)
   at GitHub.Runner.Common.BrokerServer.<>c__DisplayClass7_0.<<GetRunnerMessageAsync>b__0>d.MoveNext()
--- End of stack trace from previous location ---
   at GitHub.Runner.Common.RunnerService.RetryRequest[T](Func`1 func, CancellationToken cancellationToken, Int32 maxAttempts, Func`2 shouldRetry)
[2026-09-25 10:15:55Z ERR  BrokerServer] #####################################################
[2026-09-25 10:15:55Z ERR  BrokerServer] System.Threading.Tasks.TaskCanceledException: The operation was canceled.
 ---> System.IO.IOException: Unable to read data from the transport connection: Der E/A-Vorgang wurde wegen eines Threadendes oder einer Anwendungsanforderung abgebrochen..
 ---> System.Net.Sockets.SocketException (995): Der E/A-Vorgang wurde wegen eines Threadendes oder einer Anwendungsanforderung abgebrochen.
   --- End of inner exception stack trace ---
   at System.Net.Sockets.Socket.AwaitableSocketAsyncEventArgs.System.Threading.Tasks.Sources.IValueTaskSource<System.Int32>.GetResult(Int16 token)
   at System.Net.Security.SslStream.EnsureFullTlsFrameAsync[TIOAdapter](CancellationToken cancellationToken, Int32 estimatedSize)
   at System.Runtime.CompilerServices.PoolingAsyncValueTaskMethodBuilder`1.StateMachineBox`1.System.Threading.Tasks.Sources.IValueTaskSource<TResult>.GetResult(Int16 token)
   at System.Net.Security.SslStream.ReadAsyncInternal[TIOAdapter](Memory`1 buffer, CancellationToken cancellationToken)
   at System.Runtime.CompilerServices.PoolingAsyncValueTaskMethodBuilder`1.StateMachineBox`1.System.Threading.Tasks.Sources.IValueTaskSource<TResult>.GetResult(Int16 token)
   at System.Net.Http.HttpConnection.SendAsync(HttpRequestMessage request, Boolean async, CancellationToken cancellationToken)
   --- End of inner exception stack trace ---
   at System.Net.Http.HttpConnection.SendAsync(HttpRequestMessage request, Boolean async, CancellationToken cancellationToken)
   at System.Net.Http.AuthenticationHelper.SendWithNtAuthAsync(HttpRequestMessage request, Uri authUri, Boolean async, ICredentials credentials, Boolean isProxyAuth, HttpConnection connection, HttpConnectionPool connectionPool, CancellationToken cancellationToken)
   at System.Net.Http.HttpConnectionPool.SendWithVersionDetectionAndRetryAsync(HttpRequestMessage request, Boolean async, Boolean doRequestAuth, CancellationToken cancellationToken)
   at System.Net.Http.AuthenticationHelper.SendWithAuthAsync(HttpRequestMessage request, Uri authUri, Boolean async, ICredentials credentials, Boolean preAuthenticate, Boolean isProxyAuth, Boolean doRequestAuth, HttpConnectionPool pool, CancellationToken cancellationToken)
   at System.Net.Http.RedirectHandler.SendAsync(HttpRequestMessage request, Boolean async, CancellationToken cancellationToken)
   at GitHub.Services.Common.RawHttpMessageHandler.SendAsync(HttpRequestMessage request, CancellationToken cancellationToken)
   at GitHub.Services.Common.VssHttpRetryMessageHandler.SendAsync(HttpRequestMessage request, CancellationToken cancellationToken)
   at System.Net.Http.HttpClient.<SendAsync>g__Core|83_0(HttpRequestMessage request, HttpCompletionOption completionOption, CancellationTokenSource cts, Boolean disposeCts, CancellationTokenSource pendingRequestsCts, CancellationToken originalCancellationToken)
[2026-09-25 10:15:55Z ERR  BrokerServer] #####################################################
[2026-09-25 10:15:55Z ERR  BrokerServer] System.IO.IOException: Unable to read data from the transport connection: Der E/A-Vorgang wurde wegen eines Threadendes oder einer Anwendungsanforderung abgebrochen..
 ---> System.Net.Sockets.SocketException (995): Der E/A-Vorgang wurde wegen eines Threadendes oder einer Anwendungsanforderung abgebrochen.
   --- End of inner exception stack trace ---
   at System.Net.Sockets.Socket.AwaitableSocketAsyncEventArgs.System.Threading.Tasks.Sources.IValueTaskSource<System.Int32>.GetResult(Int16 token)
   at System.Net.Security.SslStream.EnsureFullTlsFrameAsync[TIOAdapter](CancellationToken cancellationToken, Int32 estimatedSize)
   at System.Runtime.CompilerServices.PoolingAsyncValueTaskMethodBuilder`1.StateMachineBox`1.System.Threading.Tasks.Sources.IValueTaskSource<TResult>.GetResult(Int16 token)
   at System.Net.Security.SslStream.ReadAsyncInternal[TIOAdapter](Memory`1 buffer, CancellationToken cancellationToken)
   at System.Runtime.CompilerServices.PoolingAsyncValueTaskMethodBuilder`1.StateMachineBox`1.System.Threading.Tasks.Sources.IValueTaskSource<TResult>.GetResult(Int16 token)
   at System.Net.Http.HttpConnection.SendAsync(HttpRequestMessage request, Boolean async, CancellationToken cancellationToken)
[2026-09-25 10:15:55Z ERR  BrokerServer] #####################################################
[2026-09-25 10:15:55Z ERR  BrokerServer] System.Net.Sockets.SocketException (995): Der E/A-Vorgang wurde wegen eines Threadendes oder einer Anwendungsanforderung abgebrochen.
[2026-09-25 10:15:55Z WARN BrokerServer] Back off 8,01 seconds before next retry. 4 attempt left.
[2026-09-25 10:15:55Z INFO BrokerMessageListener] Get messages has been cancelled using local token source. Continue to get messages with new status.
[2026-09-25 10:27:59Z INFO BrokerMessageListener] Acknowledging runner request 'a970aa73-a80d-5813-a8a1-77b2bb1cbd12'.
[2026-09-25 10:28:00Z INFO ConfigurationStore] HasCredentials()
[2026-09-25 10:28:00Z INFO ConfigurationStore] stored True
[2026-09-25 10:28:00Z INFO CredentialManager] GetCredentialProvider
[2026-09-25 10:28:00Z INFO CredentialManager] Creating type OAuth
[2026-09-25 10:28:00Z INFO CredentialManager] Creating credential type: OAuth
[2026-09-25 10:28:00Z INFO RSAEncryptedFileKeyManager] Loading RSA key parameters from file C:\Users\mcrngv0\test-write-api\test-write-api\actions-runner\.credentials_rsaparams
[2026-09-25 10:28:00Z INFO RSAEncryptedFileKeyManager] Loading RSA key parameters from file C:\Users\mcrngv0\test-write-api\test-write-api\actions-runner\.credentials_rsaparams
[2026-09-25 10:28:00Z INFO RSAEncryptedFileKeyManager] Loading RSA key parameters from file C:\Users\mcrngv0\test-write-api\test-write-api\actions-runner\.credentials_rsaparams
[2026-09-25 10:28:00Z INFO GitHubActionsService] AAD Correlation ID for this token request: Unknown
[2026-09-25 10:28:01Z INFO JobDispatcher] Job request 0 for plan 621933ad-b940-486c-86ed-4cea78a5bdf5 job a970aa73-a80d-5813-a8a1-77b2bb1cbd12 received.
[2026-09-25 10:28:01Z INFO JobDispatcher] Pull OrchestrationId 621933ad-b940-486c-86ed-4cea78a5bdf5.build-and-push.__default from JWT claims
[2026-09-25 10:28:01Z INFO BrokerMessageListener] Received job status event. JobState: Busy
[2026-09-25 10:28:01Z INFO BrokerMessageListener] _getMessagesTokenSource is already disposed.
[2026-09-25 10:28:01Z INFO JobDispatcher] Job request b4846176-9e0c-58c5-b6f6-3838f6a6e3a2 processed succeed.
[2026-09-25 10:28:01Z INFO Terminal] WRITE LINE: 2026-09-25 10:28:01Z: Running job: build-and-push
[2026-09-25 10:28:01Z INFO JobDispatcher] Start renew job request 0 for job a970aa73-a80d-5813-a8a1-77b2bb1cbd12.
[2026-09-25 10:28:01Z INFO JobDispatcher] Successfully renew job a970aa73-a80d-5813-a8a1-77b2bb1cbd12, job is valid till 25.09.2026 10:38:01
[2026-09-25 10:28:01Z INFO HostContext] Well known directory 'Bin': 'C:\Users\mcrngv0\test-write-api\test-write-api\actions-runner\bin'
[2026-09-25 10:28:01Z INFO ProcessInvokerWrapper] Starting process:
[2026-09-25 10:28:01Z INFO ProcessInvokerWrapper]   File name: 'C:\Users\mcrngv0\test-write-api\test-write-api\actions-runner\bin\Runner.Worker.exe'
[2026-09-25 10:28:01Z INFO ProcessInvokerWrapper]   Arguments: 'spawnclient 2388 2300'
[2026-09-25 10:28:01Z INFO ProcessInvokerWrapper]   Working directory: 'C:\Users\mcrngv0\test-write-api\test-write-api\actions-runner\bin'
[2026-09-25 10:28:01Z INFO ProcessInvokerWrapper]   Require exit code zero: 'False'
[2026-09-25 10:28:01Z INFO ProcessInvokerWrapper]   Encoding web name:  ; code page: ''
[2026-09-25 10:28:01Z INFO ProcessInvokerWrapper]   Force kill process on cancellation: 'True'
[2026-09-25 10:28:01Z INFO ProcessInvokerWrapper]   Redirected STDIN: 'False'
[2026-09-25 10:28:01Z INFO ProcessInvokerWrapper]   Persist current code page: 'False'
[2026-09-25 10:28:01Z INFO ProcessInvokerWrapper]   Keep redirected STDIN open: 'False'
[2026-09-25 10:28:01Z INFO ProcessInvokerWrapper]   High priority process: 'True'
[2026-09-25 10:28:02Z INFO ProcessInvokerWrapper] Process started with process id 29124, waiting for process exit.
[2026-09-25 10:28:02Z INFO JobDispatcher] Send job request message to worker for job a970aa73-a80d-5813-a8a1-77b2bb1cbd12.
[2026-09-25 10:28:02Z INFO ProcessChannel] Sending message of length 24662, with hash '7a6544c108c697bb283699ebfbc6041c79f9a8e231f9922877ce685fd27a4da2'
[2026-09-25 10:28:05Z INFO JobNotification] Entering JobStarted Notification
[2026-09-25 10:28:05Z INFO JobNotification] Entering StartMonitor
[2026-09-25 10:28:57Z INFO ProcessInvokerWrapper] STDOUT/STDERR stream read finished.
[2026-09-25 10:28:57Z INFO ProcessInvokerWrapper] STDOUT/STDERR stream read finished.
[2026-09-25 10:28:57Z INFO ProcessInvokerWrapper] Finished process 29124 with exit code 100, and elapsed time 00:00:55.1552938.
[2026-09-25 10:28:57Z INFO JobDispatcher] Worker finished for job a970aa73-a80d-5813-a8a1-77b2bb1cbd12. Code: 100
[2026-09-25 10:28:57Z INFO JobDispatcher] finish job request for job a970aa73-a80d-5813-a8a1-77b2bb1cbd12 with result: Succeeded
[2026-09-25 10:28:57Z INFO Terminal] WRITE LINE: 2026-09-25 10:28:57Z: Job build-and-push completed with result: Succeeded
[2026-09-25 10:28:57Z INFO JobDispatcher] Stop renew job request for job a970aa73-a80d-5813-a8a1-77b2bb1cbd12.
[2026-09-25 10:28:57Z INFO JobDispatcher] job renew has been cancelled, stop renew job a970aa73-a80d-5813-a8a1-77b2bb1cbd12.
[2026-09-25 10:28:57Z INFO JobNotification] Entering JobCompleted Notification
[2026-09-25 10:28:57Z INFO JobNotification] Entering EndMonitor
[2026-09-25 10:28:57Z INFO BrokerMessageListener] Received job status event. JobState: Online
[2026-09-25 10:28:57Z WARN GitHubActionsService] GET request to https://broker.actions.githubusercontent.com/message?sessionId=d824ca3c-9294-4948-a4e4-c0333f685e19&status=Busy&runnerVersion=2.337.0&os=Windows&architecture=X64&disableUpdate=false has been cancelled.
[2026-09-25 10:28:57Z ERR  BrokerServer] Catch exception during request
[2026-09-25 10:28:57Z ERR  BrokerServer] System.Threading.Tasks.TaskCanceledException: The operation was canceled.
 ---> System.Threading.Tasks.TaskCanceledException: The operation was canceled.
 ---> System.IO.IOException: Unable to read data from the transport connection: Der E/A-Vorgang wurde wegen eines Threadendes oder einer Anwendungsanforderung abgebrochen..
 ---> System.Net.Sockets.SocketException (995): Der E/A-Vorgang wurde wegen eines Threadendes oder einer Anwendungsanforderung abgebrochen.
   --- End of inner exception stack trace ---
   at System.Net.Sockets.Socket.AwaitableSocketAsyncEventArgs.System.Threading.Tasks.Sources.IValueTaskSource<System.Int32>.GetResult(Int16 token)
   at System.Net.Security.SslStream.EnsureFullTlsFrameAsync[TIOAdapter](CancellationToken cancellationToken, Int32 estimatedSize)
   at System.Runtime.CompilerServices.PoolingAsyncValueTaskMethodBuilder`1.StateMachineBox`1.System.Threading.Tasks.Sources.IValueTaskSource<TResult>.GetResult(Int16 token)
   at System.Net.Security.SslStream.ReadAsyncInternal[TIOAdapter](Memory`1 buffer, CancellationToken cancellationToken)
   at System.Runtime.CompilerServices.PoolingAsyncValueTaskMethodBuilder`1.StateMachineBox`1.System.Threading.Tasks.Sources.IValueTaskSource<TResult>.GetResult(Int16 token)
   at System.Net.Http.HttpConnection.SendAsync(HttpRequestMessage request, Boolean async, CancellationToken cancellationToken)
   --- End of inner exception stack trace ---
   at System.Net.Http.HttpConnection.SendAsync(HttpRequestMessage request, Boolean async, CancellationToken cancellationToken)
   at System.Net.Http.AuthenticationHelper.SendWithNtAuthAsync(HttpRequestMessage request, Uri authUri, Boolean async, ICredentials credentials, Boolean isProxyAuth, HttpConnection connection, HttpConnectionPool connectionPool, CancellationToken cancellationToken)
   at System.Net.Http.HttpConnectionPool.SendWithVersionDetectionAndRetryAsync(HttpRequestMessage request, Boolean async, Boolean doRequestAuth, CancellationToken cancellationToken)
   at System.Net.Http.AuthenticationHelper.SendWithAuthAsync(HttpRequestMessage request, Uri authUri, Boolean async, ICredentials credentials, Boolean preAuthenticate, Boolean isProxyAuth, Boolean doRequestAuth, HttpConnectionPool pool, CancellationToken cancellationToken)
   at System.Net.Http.RedirectHandler.SendAsync(HttpRequestMessage request, Boolean async, CancellationToken cancellationToken)
   at GitHub.Services.Common.RawHttpMessageHandler.SendAsync(HttpRequestMessage request, CancellationToken cancellationToken)
   at GitHub.Services.Common.VssHttpRetryMessageHandler.SendAsync(HttpRequestMessage request, CancellationToken cancellationToken)
   at System.Net.Http.HttpClient.<SendAsync>g__Core|83_0(HttpRequestMessage request, HttpCompletionOption completionOption, CancellationTokenSource cts, Boolean disposeCts, CancellationTokenSource pendingRequestsCts, CancellationToken originalCancellationToken)
   --- End of inner exception stack trace ---
   at System.Net.Http.HttpClient.HandleFailure(Exception e, Boolean telemetryStarted, HttpResponseMessage response, CancellationTokenSource cts, CancellationToken cancellationToken, CancellationTokenSource pendingRequestsCts)
   at System.Net.Http.HttpClient.<SendAsync>g__Core|83_0(HttpRequestMessage request, HttpCompletionOption completionOption, CancellationTokenSource cts, Boolean disposeCts, CancellationTokenSource pendingRequestsCts, CancellationToken originalCancellationToken)
   at Sdk.WebApi.WebApi.RawHttpClientBase.SendAsync(HttpRequestMessage message, HttpCompletionOption completionOption, Object userState, CancellationToken cancellationToken)
   at Sdk.WebApi.WebApi.RawHttpClientBase.SendAsync[T](HttpRequestMessage message, Boolean readErrorBody, Object userState, CancellationToken cancellationToken)
   at Sdk.WebApi.WebApi.RawHttpClientBase.SendAsync[T](HttpMethod method, IEnumerable`1 additionalHeaders, Uri requestUri, HttpContent content, IEnumerable`1 queryParameters, Boolean readErrorBody, Object userState, CancellationToken cancellationToken)
   at GitHub.Actions.RunService.WebApi.BrokerHttpClient.GetRunnerMessageAsync(Nullable`1 sessionId, String runnerVersion, Nullable`1 status, String os, String architecture, Nullable`1 disableUpdate, CancellationToken cancellationToken)
   at GitHub.Runner.Common.BrokerServer.<>c__DisplayClass7_0.<<GetRunnerMessageAsync>b__0>d.MoveNext()
--- End of stack trace from previous location ---
   at GitHub.Runner.Common.RunnerService.RetryRequest[T](Func`1 func, CancellationToken cancellationToken, Int32 maxAttempts, Func`2 shouldRetry)
[2026-09-25 10:28:57Z ERR  BrokerServer] #####################################################
[2026-09-25 10:28:57Z ERR  BrokerServer] System.Threading.Tasks.TaskCanceledException: The operation was canceled.
 ---> System.IO.IOException: Unable to read data from the transport connection: Der E/A-Vorgang wurde wegen eines Threadendes oder einer Anwendungsanforderung abgebrochen..
 ---> System.Net.Sockets.SocketException (995): Der E/A-Vorgang wurde wegen eines Threadendes oder einer Anwendungsanforderung abgebrochen.
   --- End of inner exception stack trace ---
   at System.Net.Sockets.Socket.AwaitableSocketAsyncEventArgs.System.Threading.Tasks.Sources.IValueTaskSource<System.Int32>.GetResult(Int16 token)
   at System.Net.Security.SslStream.EnsureFullTlsFrameAsync[TIOAdapter](CancellationToken cancellationToken, Int32 estimatedSize)
   at System.Runtime.CompilerServices.PoolingAsyncValueTaskMethodBuilder`1.StateMachineBox`1.System.Threading.Tasks.Sources.IValueTaskSource<TResult>.GetResult(Int16 token)
   at System.Net.Security.SslStream.ReadAsyncInternal[TIOAdapter](Memory`1 buffer, CancellationToken cancellationToken)
   at System.Runtime.CompilerServices.PoolingAsyncValueTaskMethodBuilder`1.StateMachineBox`1.System.Threading.Tasks.Sources.IValueTaskSource<TResult>.GetResult(Int16 token)
   at System.Net.Http.HttpConnection.SendAsync(HttpRequestMessage request, Boolean async, CancellationToken cancellationToken)
   --- End of inner exception stack trace ---
   at System.Net.Http.HttpConnection.SendAsync(HttpRequestMessage request, Boolean async, CancellationToken cancellationToken)
   at System.Net.Http.AuthenticationHelper.SendWithNtAuthAsync(HttpRequestMessage request, Uri authUri, Boolean async, ICredentials credentials, Boolean isProxyAuth, HttpConnection connection, HttpConnectionPool connectionPool, CancellationToken cancellationToken)
   at System.Net.Http.HttpConnectionPool.SendWithVersionDetectionAndRetryAsync(HttpRequestMessage request, Boolean async, Boolean doRequestAuth, CancellationToken cancellationToken)
   at System.Net.Http.AuthenticationHelper.SendWithAuthAsync(HttpRequestMessage request, Uri authUri, Boolean async, ICredentials credentials, Boolean preAuthenticate, Boolean isProxyAuth, Boolean doRequestAuth, HttpConnectionPool pool, CancellationToken cancellationToken)
   at System.Net.Http.RedirectHandler.SendAsync(HttpRequestMessage request, Boolean async, CancellationToken cancellationToken)
   at GitHub.Services.Common.RawHttpMessageHandler.SendAsync(HttpRequestMessage request, CancellationToken cancellationToken)
   at GitHub.Services.Common.VssHttpRetryMessageHandler.SendAsync(HttpRequestMessage request, CancellationToken cancellationToken)
   at System.Net.Http.HttpClient.<SendAsync>g__Core|83_0(HttpRequestMessage request, HttpCompletionOption completionOption, CancellationTokenSource cts, Boolean disposeCts, CancellationTokenSource pendingRequestsCts, CancellationToken originalCancellationToken)
[2026-09-25 10:28:57Z ERR  BrokerServer] #####################################################
[2026-09-25 10:28:57Z ERR  BrokerServer] System.IO.IOException: Unable to read data from the transport connection: Der E/A-Vorgang wurde wegen eines Threadendes oder einer Anwendungsanforderung abgebrochen..
 ---> System.Net.Sockets.SocketException (995): Der E/A-Vorgang wurde wegen eines Threadendes oder einer Anwendungsanforderung abgebrochen.
   --- End of inner exception stack trace ---
   at System.Net.Sockets.Socket.AwaitableSocketAsyncEventArgs.System.Threading.Tasks.Sources.IValueTaskSource<System.Int32>.GetResult(Int16 token)
   at System.Net.Security.SslStream.EnsureFullTlsFrameAsync[TIOAdapter](CancellationToken cancellationToken, Int32 estimatedSize)
   at System.Runtime.CompilerServices.PoolingAsyncValueTaskMethodBuilder`1.StateMachineBox`1.System.Threading.Tasks.Sources.IValueTaskSource<TResult>.GetResult(Int16 token)
   at System.Net.Security.SslStream.ReadAsyncInternal[TIOAdapter](Memory`1 buffer, CancellationToken cancellationToken)
   at System.Runtime.CompilerServices.PoolingAsyncValueTaskMethodBuilder`1.StateMachineBox`1.System.Threading.Tasks.Sources.IValueTaskSource<TResult>.GetResult(Int16 token)
   at System.Net.Http.HttpConnection.SendAsync(HttpRequestMessage request, Boolean async, CancellationToken cancellationToken)
[2026-09-25 10:28:57Z ERR  BrokerServer] #####################################################
[2026-09-25 10:28:57Z ERR  BrokerServer] System.Net.Sockets.SocketException (995): Der E/A-Vorgang wurde wegen eines Threadendes oder einer Anwendungsanforderung abgebrochen.
[2026-09-25 10:28:57Z WARN BrokerServer] Back off 13,636 seconds before next retry. 4 attempt left.
[2026-09-25 10:28:57Z INFO BrokerMessageListener] Get messages has been cancelled using local token source. Continue to get messages with new status.
[2026-09-25 10:30:32Z INFO BrokerMessageListener] Acknowledging runner request 'feeda679-884f-57b9-a3ef-4eab3a032ac0'.
[2026-09-25 10:30:32Z INFO ConfigurationStore] HasCredentials()
[2026-09-25 10:30:32Z INFO ConfigurationStore] stored True
[2026-09-25 10:30:32Z INFO CredentialManager] GetCredentialProvider
[2026-09-25 10:30:32Z INFO CredentialManager] Creating type OAuth
[2026-09-25 10:30:32Z INFO CredentialManager] Creating credential type: OAuth
[2026-09-25 10:30:32Z INFO RSAEncryptedFileKeyManager] Loading RSA key parameters from file C:\Users\mcrngv0\test-write-api\test-write-api\actions-runner\.credentials_rsaparams
[2026-09-25 10:30:32Z INFO RSAEncryptedFileKeyManager] Loading RSA key parameters from file C:\Users\mcrngv0\test-write-api\test-write-api\actions-runner\.credentials_rsaparams
[2026-09-25 10:30:32Z INFO RSAEncryptedFileKeyManager] Loading RSA key parameters from file C:\Users\mcrngv0\test-write-api\test-write-api\actions-runner\.credentials_rsaparams
[2026-09-25 10:30:32Z INFO GitHubActionsService] AAD Correlation ID for this token request: Unknown
[2026-09-25 10:30:34Z INFO JobDispatcher] Job request 0 for plan 13029de1-1bfc-4734-8162-ad8d628c811d job feeda679-884f-57b9-a3ef-4eab3a032ac0 received.
[2026-09-25 10:30:34Z INFO JobDispatcher] Pull OrchestrationId 13029de1-1bfc-4734-8162-ad8d628c811d.docs.build.__default from JWT claims
[2026-09-25 10:30:34Z INFO BrokerMessageListener] Received job status event. JobState: Busy
[2026-09-25 10:30:34Z INFO BrokerMessageListener] _getMessagesTokenSource is already disposed.
[2026-09-25 10:30:34Z INFO JobDispatcher] Job request a970aa73-a80d-5813-a8a1-77b2bb1cbd12 processed succeed.
[2026-09-25 10:30:34Z INFO Terminal] WRITE LINE: 2026-09-25 10:30:34Z: Running job: docs / build
[2026-09-25 10:30:34Z INFO JobDispatcher] Start renew job request 0 for job feeda679-884f-57b9-a3ef-4eab3a032ac0.
[2026-09-25 10:30:34Z INFO JobDispatcher] Successfully renew job feeda679-884f-57b9-a3ef-4eab3a032ac0, job is valid till 25.09.2026 10:40:34
[2026-09-25 10:30:34Z INFO HostContext] Well known directory 'Bin': 'C:\Users\mcrngv0\test-write-api\test-write-api\actions-runner\bin'
[2026-09-25 10:30:34Z INFO ProcessInvokerWrapper] Starting process:
[2026-09-25 10:30:34Z INFO ProcessInvokerWrapper]   File name: 'C:\Users\mcrngv0\test-write-api\test-write-api\actions-runner\bin\Runner.Worker.exe'
[2026-09-25 10:30:34Z INFO ProcessInvokerWrapper]   Arguments: 'spawnclient 2392 2372'
[2026-09-25 10:30:34Z INFO ProcessInvokerWrapper]   Working directory: 'C:\Users\mcrngv0\test-write-api\test-write-api\actions-runner\bin'
[2026-09-25 10:30:34Z INFO ProcessInvokerWrapper]   Require exit code zero: 'False'
[2026-09-25 10:30:34Z INFO ProcessInvokerWrapper]   Encoding web name:  ; code page: ''
[2026-09-25 10:30:34Z INFO ProcessInvokerWrapper]   Force kill process on cancellation: 'True'
[2026-09-25 10:30:34Z INFO ProcessInvokerWrapper]   Redirected STDIN: 'False'
[2026-09-25 10:30:34Z INFO ProcessInvokerWrapper]   Persist current code page: 'False'
[2026-09-25 10:30:34Z INFO ProcessInvokerWrapper]   Keep redirected STDIN open: 'False'
[2026-09-25 10:30:34Z INFO ProcessInvokerWrapper]   High priority process: 'True'
[2026-09-25 10:30:34Z INFO ProcessInvokerWrapper] Process started with process id 8632, waiting for process exit.
[2026-09-25 10:30:34Z INFO JobDispatcher] Send job request message to worker for job feeda679-884f-57b9-a3ef-4eab3a032ac0.
[2026-09-25 10:30:34Z INFO ProcessChannel] Sending message of length 25293, with hash 'a25ecc37d9fed040906a17a66b48b0d2c7dc572a0957e3d8dd71cc4ec929d3ae'
[2026-09-25 10:30:34Z INFO JobNotification] Entering JobStarted Notification
[2026-09-25 10:30:34Z INFO JobNotification] Entering StartMonitor
[2026-09-25 10:30:46Z INFO ProcessInvokerWrapper] STDOUT/STDERR stream read finished.
[2026-09-25 10:30:46Z INFO ProcessInvokerWrapper] STDOUT/STDERR stream read finished.
[2026-09-25 10:30:46Z INFO ProcessInvokerWrapper] Finished process 8632 with exit code 102, and elapsed time 00:00:11.5587334.
[2026-09-25 10:30:46Z INFO JobDispatcher] Worker finished for job feeda679-884f-57b9-a3ef-4eab3a032ac0. Code: 102
[2026-09-25 10:30:46Z INFO JobDispatcher] finish job request for job feeda679-884f-57b9-a3ef-4eab3a032ac0 with result: Failed
[2026-09-25 10:30:46Z INFO Terminal] WRITE LINE: 2026-09-25 10:30:46Z: Job docs / build completed with result: Failed
[2026-09-25 10:30:46Z INFO JobDispatcher] Stop renew job request for job feeda679-884f-57b9-a3ef-4eab3a032ac0.
[2026-09-25 10:30:46Z INFO JobDispatcher] job renew has been cancelled, stop renew job feeda679-884f-57b9-a3ef-4eab3a032ac0.
[2026-09-25 10:30:46Z INFO JobNotification] Entering JobCompleted Notification
[2026-09-25 10:30:46Z INFO JobNotification] Entering EndMonitor
[2026-09-25 10:30:46Z INFO BrokerMessageListener] Received job status event. JobState: Online
[2026-09-25 10:30:46Z WARN GitHubActionsService] GET request to https://broker.actions.githubusercontent.com/message?sessionId=d824ca3c-9294-4948-a4e4-c0333f685e19&status=Busy&runnerVersion=2.337.0&os=Windows&architecture=X64&disableUpdate=false has been cancelled.
[2026-09-25 10:30:46Z ERR  BrokerServer] Catch exception during request
[2026-09-25 10:30:46Z ERR  BrokerServer] System.Threading.Tasks.TaskCanceledException: The operation was canceled.
 ---> System.Threading.Tasks.TaskCanceledException: The operation was canceled.
 ---> System.IO.IOException: Unable to read data from the transport connection: Der E/A-Vorgang wurde wegen eines Threadendes oder einer Anwendungsanforderung abgebrochen..
 ---> System.Net.Sockets.SocketException (995): Der E/A-Vorgang wurde wegen eines Threadendes oder einer Anwendungsanforderung abgebrochen.
   --- End of inner exception stack trace ---
   at System.Net.Sockets.Socket.AwaitableSocketAsyncEventArgs.System.Threading.Tasks.Sources.IValueTaskSource<System.Int32>.GetResult(Int16 token)
   at System.Net.Security.SslStream.EnsureFullTlsFrameAsync[TIOAdapter](CancellationToken cancellationToken, Int32 estimatedSize)
   at System.Runtime.CompilerServices.PoolingAsyncValueTaskMethodBuilder`1.StateMachineBox`1.System.Threading.Tasks.Sources.IValueTaskSource<TResult>.GetResult(Int16 token)
   at System.Net.Security.SslStream.ReadAsyncInternal[TIOAdapter](Memory`1 buffer, CancellationToken cancellationToken)
   at System.Runtime.CompilerServices.PoolingAsyncValueTaskMethodBuilder`1.StateMachineBox`1.System.Threading.Tasks.Sources.IValueTaskSource<TResult>.GetResult(Int16 token)
   at System.Net.Http.HttpConnection.SendAsync(HttpRequestMessage request, Boolean async, CancellationToken cancellationToken)
   --- End of inner exception stack trace ---
   at System.Net.Http.HttpConnection.SendAsync(HttpRequestMessage request, Boolean async, CancellationToken cancellationToken)
   at System.Net.Http.AuthenticationHelper.SendWithNtAuthAsync(HttpRequestMessage request, Uri authUri, Boolean async, ICredentials credentials, Boolean isProxyAuth, HttpConnection connection, HttpConnectionPool connectionPool, CancellationToken cancellationToken)
   at System.Net.Http.HttpConnectionPool.SendWithVersionDetectionAndRetryAsync(HttpRequestMessage request, Boolean async, Boolean doRequestAuth, CancellationToken cancellationToken)
   at System.Net.Http.AuthenticationHelper.SendWithAuthAsync(HttpRequestMessage request, Uri authUri, Boolean async, ICredentials credentials, Boolean preAuthenticate, Boolean isProxyAuth, Boolean doRequestAuth, HttpConnectionPool pool, CancellationToken cancellationToken)
   at System.Net.Http.RedirectHandler.SendAsync(HttpRequestMessage request, Boolean async, CancellationToken cancellationToken)
   at GitHub.Services.Common.RawHttpMessageHandler.SendAsync(HttpRequestMessage request, CancellationToken cancellationToken)
   at GitHub.Services.Common.VssHttpRetryMessageHandler.SendAsync(HttpRequestMessage request, CancellationToken cancellationToken)
   at System.Net.Http.HttpClient.<SendAsync>g__Core|83_0(HttpRequestMessage request, HttpCompletionOption completionOption, CancellationTokenSource cts, Boolean disposeCts, CancellationTokenSource pendingRequestsCts, CancellationToken originalCancellationToken)
   --- End of inner exception stack trace ---
   at System.Net.Http.HttpClient.HandleFailure(Exception e, Boolean telemetryStarted, HttpResponseMessage response, CancellationTokenSource cts, CancellationToken cancellationToken, CancellationTokenSource pendingRequestsCts)
   at System.Net.Http.HttpClient.<SendAsync>g__Core|83_0(HttpRequestMessage request, HttpCompletionOption completionOption, CancellationTokenSource cts, Boolean disposeCts, CancellationTokenSource pendingRequestsCts, CancellationToken originalCancellationToken)
   at Sdk.WebApi.WebApi.RawHttpClientBase.SendAsync(HttpRequestMessage message, HttpCompletionOption completionOption, Object userState, CancellationToken cancellationToken)
   at Sdk.WebApi.WebApi.RawHttpClientBase.SendAsync[T](HttpRequestMessage message, Boolean readErrorBody, Object userState, CancellationToken cancellationToken)
   at Sdk.WebApi.WebApi.RawHttpClientBase.SendAsync[T](HttpMethod method, IEnumerable`1 additionalHeaders, Uri requestUri, HttpContent content, IEnumerable`1 queryParameters, Boolean readErrorBody, Object userState, CancellationToken cancellationToken)
   at GitHub.Actions.RunService.WebApi.BrokerHttpClient.GetRunnerMessageAsync(Nullable`1 sessionId, String runnerVersion, Nullable`1 status, String os, String architecture, Nullable`1 disableUpdate, CancellationToken cancellationToken)
   at GitHub.Runner.Common.BrokerServer.<>c__DisplayClass7_0.<<GetRunnerMessageAsync>b__0>d.MoveNext()
--- End of stack trace from previous location ---
   at GitHub.Runner.Common.RunnerService.RetryRequest[T](Func`1 func, CancellationToken cancellationToken, Int32 maxAttempts, Func`2 shouldRetry)
[2026-09-25 10:30:46Z ERR  BrokerServer] #####################################################
[2026-09-25 10:30:46Z ERR  BrokerServer] System.Threading.Tasks.TaskCanceledException: The operation was canceled.
 ---> System.IO.IOException: Unable to read data from the transport connection: Der E/A-Vorgang wurde wegen eines Threadendes oder einer Anwendungsanforderung abgebrochen..
 ---> System.Net.Sockets.SocketException (995): Der E/A-Vorgang wurde wegen eines Threadendes oder einer Anwendungsanforderung abgebrochen.
   --- End of inner exception stack trace ---
   at System.Net.Sockets.Socket.AwaitableSocketAsyncEventArgs.System.Threading.Tasks.Sources.IValueTaskSource<System.Int32>.GetResult(Int16 token)
   at System.Net.Security.SslStream.EnsureFullTlsFrameAsync[TIOAdapter](CancellationToken cancellationToken, Int32 estimatedSize)
   at System.Runtime.CompilerServices.PoolingAsyncValueTaskMethodBuilder`1.StateMachineBox`1.System.Threading.Tasks.Sources.IValueTaskSource<TResult>.GetResult(Int16 token)
   at System.Net.Security.SslStream.ReadAsyncInternal[TIOAdapter](Memory`1 buffer, CancellationToken cancellationToken)
   at System.Runtime.CompilerServices.PoolingAsyncValueTaskMethodBuilder`1.StateMachineBox`1.System.Threading.Tasks.Sources.IValueTaskSource<TResult>.GetResult(Int16 token)
   at System.Net.Http.HttpConnection.SendAsync(HttpRequestMessage request, Boolean async, CancellationToken cancellationToken)
   --- End of inner exception stack trace ---
   at System.Net.Http.HttpConnection.SendAsync(HttpRequestMessage request, Boolean async, CancellationToken cancellationToken)
   at System.Net.Http.AuthenticationHelper.SendWithNtAuthAsync(HttpRequestMessage request, Uri authUri, Boolean async, ICredentials credentials, Boolean isProxyAuth, HttpConnection connection, HttpConnectionPool connectionPool, CancellationToken cancellationToken)
   at System.Net.Http.HttpConnectionPool.SendWithVersionDetectionAndRetryAsync(HttpRequestMessage request, Boolean async, Boolean doRequestAuth, CancellationToken cancellationToken)
   at System.Net.Http.AuthenticationHelper.SendWithAuthAsync(HttpRequestMessage request, Uri authUri, Boolean async, ICredentials credentials, Boolean preAuthenticate, Boolean isProxyAuth, Boolean doRequestAuth, HttpConnectionPool pool, CancellationToken cancellationToken)
   at System.Net.Http.RedirectHandler.SendAsync(HttpRequestMessage request, Boolean async, CancellationToken cancellationToken)
   at GitHub.Services.Common.RawHttpMessageHandler.SendAsync(HttpRequestMessage request, CancellationToken cancellationToken)
   at GitHub.Services.Common.VssHttpRetryMessageHandler.SendAsync(HttpRequestMessage request, CancellationToken cancellationToken)
   at System.Net.Http.HttpClient.<SendAsync>g__Core|83_0(HttpRequestMessage request, HttpCompletionOption completionOption, CancellationTokenSource cts, Boolean disposeCts, CancellationTokenSource pendingRequestsCts, CancellationToken originalCancellationToken)
[2026-09-25 10:30:46Z ERR  BrokerServer] #####################################################
[2026-09-25 10:30:46Z ERR  BrokerServer] System.IO.IOException: Unable to read data from the transport connection: Der E/A-Vorgang wurde wegen eines Threadendes oder einer Anwendungsanforderung abgebrochen..
 ---> System.Net.Sockets.SocketException (995): Der E/A-Vorgang wurde wegen eines Threadendes oder einer Anwendungsanforderung abgebrochen.
   --- End of inner exception stack trace ---
   at System.Net.Sockets.Socket.AwaitableSocketAsyncEventArgs.System.Threading.Tasks.Sources.IValueTaskSource<System.Int32>.GetResult(Int16 token)
   at System.Net.Security.SslStream.EnsureFullTlsFrameAsync[TIOAdapter](CancellationToken cancellationToken, Int32 estimatedSize)
   at System.Runtime.CompilerServices.PoolingAsyncValueTaskMethodBuilder`1.StateMachineBox`1.System.Threading.Tasks.Sources.IValueTaskSource<TResult>.GetResult(Int16 token)
   at System.Net.Security.SslStream.ReadAsyncInternal[TIOAdapter](Memory`1 buffer, CancellationToken cancellationToken)
   at System.Runtime.CompilerServices.PoolingAsyncValueTaskMethodBuilder`1.StateMachineBox`1.System.Threading.Tasks.Sources.IValueTaskSource<TResult>.GetResult(Int16 token)
   at System.Net.Http.HttpConnection.SendAsync(HttpRequestMessage request, Boolean async, CancellationToken cancellationToken)
[2026-09-25 10:30:46Z ERR  BrokerServer] #####################################################
[2026-09-25 10:30:46Z ERR  BrokerServer] System.Net.Sockets.SocketException (995): Der E/A-Vorgang wurde wegen eines Threadendes oder einer Anwendungsanforderung abgebrochen.
[2026-09-25 10:30:46Z WARN BrokerServer] Back off 8,18 seconds before next retry. 4 attempt left.
[2026-09-25 10:30:46Z INFO BrokerMessageListener] Get messages has been cancelled using local token source. Continue to get messages with new status.
[2026-09-25 10:32:36Z INFO BrokerMessageListener] Acknowledging runner request 'fcf384e5-727b-59cb-8678-12b783ed065f'.
[2026-09-25 10:32:36Z INFO ConfigurationStore] HasCredentials()
[2026-09-25 10:32:36Z INFO ConfigurationStore] stored True
[2026-09-25 10:32:36Z INFO CredentialManager] GetCredentialProvider
[2026-09-25 10:32:36Z INFO CredentialManager] Creating type OAuth
[2026-09-25 10:32:36Z INFO CredentialManager] Creating credential type: OAuth
[2026-09-25 10:32:36Z INFO RSAEncryptedFileKeyManager] Loading RSA key parameters from file C:\Users\mcrngv0\test-write-api\test-write-api\actions-runner\.credentials_rsaparams
[2026-09-25 10:32:36Z INFO RSAEncryptedFileKeyManager] Loading RSA key parameters from file C:\Users\mcrngv0\test-write-api\test-write-api\actions-runner\.credentials_rsaparams
[2026-09-25 10:32:36Z INFO RSAEncryptedFileKeyManager] Loading RSA key parameters from file C:\Users\mcrngv0\test-write-api\test-write-api\actions-runner\.credentials_rsaparams
[2026-09-25 10:32:37Z INFO GitHubActionsService] AAD Correlation ID for this token request: Unknown
[2026-09-25 10:32:37Z INFO JobDispatcher] Job request 0 for plan 02843a68-c315-4728-ac11-09b1d0dbec68 job fcf384e5-727b-59cb-8678-12b783ed065f received.
[2026-09-25 10:32:37Z INFO JobDispatcher] Pull OrchestrationId 02843a68-c315-4728-ac11-09b1d0dbec68.build-and-push.__default from JWT claims
[2026-09-25 10:32:37Z INFO BrokerMessageListener] Received job status event. JobState: Busy
[2026-09-25 10:32:37Z INFO BrokerMessageListener] _getMessagesTokenSource is already disposed.
[2026-09-25 10:32:37Z INFO JobDispatcher] Job request feeda679-884f-57b9-a3ef-4eab3a032ac0 processed succeed.
[2026-09-25 10:32:37Z INFO Terminal] WRITE LINE: 2026-09-25 10:32:37Z: Running job: build-and-push
[2026-09-25 10:32:37Z INFO JobDispatcher] Start renew job request 0 for job fcf384e5-727b-59cb-8678-12b783ed065f.
[2026-09-25 10:32:38Z INFO JobDispatcher] Successfully renew job fcf384e5-727b-59cb-8678-12b783ed065f, job is valid till 25.09.2026 10:42:38
[2026-09-25 10:32:38Z INFO HostContext] Well known directory 'Bin': 'C:\Users\mcrngv0\test-write-api\test-write-api\actions-runner\bin'
[2026-09-25 10:32:38Z INFO ProcessInvokerWrapper] Starting process:
[2026-09-25 10:32:38Z INFO ProcessInvokerWrapper]   File name: 'C:\Users\mcrngv0\test-write-api\test-write-api\actions-runner\bin\Runner.Worker.exe'
[2026-09-25 10:32:38Z INFO ProcessInvokerWrapper]   Arguments: 'spawnclient 1388 1540'
[2026-09-25 10:32:38Z INFO ProcessInvokerWrapper]   Working directory: 'C:\Users\mcrngv0\test-write-api\test-write-api\actions-runner\bin'
[2026-09-25 10:32:38Z INFO ProcessInvokerWrapper]   Require exit code zero: 'False'
[2026-09-25 10:32:38Z INFO ProcessInvokerWrapper]   Encoding web name:  ; code page: ''
[2026-09-25 10:32:38Z INFO ProcessInvokerWrapper]   Force kill process on cancellation: 'True'
[2026-09-25 10:32:38Z INFO ProcessInvokerWrapper]   Redirected STDIN: 'False'
[2026-09-25 10:32:38Z INFO ProcessInvokerWrapper]   Persist current code page: 'False'
[2026-09-25 10:32:38Z INFO ProcessInvokerWrapper]   Keep redirected STDIN open: 'False'
[2026-09-25 10:32:38Z INFO ProcessInvokerWrapper]   High priority process: 'True'
[2026-09-25 10:32:38Z INFO ProcessInvokerWrapper] Process started with process id 22280, waiting for process exit.
[2026-09-25 10:32:38Z INFO JobDispatcher] Send job request message to worker for job fcf384e5-727b-59cb-8678-12b783ed065f.
[2026-09-25 10:32:38Z INFO ProcessChannel] Sending message of length 24663, with hash '24d59646b5dec7c10965e2db618beca58e314b1cde684faadcaa729e01f71e56'
[2026-09-25 10:32:38Z INFO JobNotification] Entering JobStarted Notification
[2026-09-25 10:32:38Z INFO JobNotification] Entering StartMonitor
[2026-09-25 10:33:31Z INFO ProcessInvokerWrapper] STDOUT/STDERR stream read finished.
[2026-09-25 10:33:31Z INFO ProcessInvokerWrapper] STDOUT/STDERR stream read finished.
[2026-09-25 10:33:31Z INFO ProcessInvokerWrapper] Finished process 22280 with exit code 100, and elapsed time 00:00:53.5803026.
[2026-09-25 10:33:31Z INFO JobDispatcher] Worker finished for job fcf384e5-727b-59cb-8678-12b783ed065f. Code: 100
[2026-09-25 10:33:31Z INFO JobDispatcher] finish job request for job fcf384e5-727b-59cb-8678-12b783ed065f with result: Succeeded
[2026-09-25 10:33:31Z INFO Terminal] WRITE LINE: 2026-09-25 10:33:31Z: Job build-and-push completed with result: Succeeded
[2026-09-25 10:33:31Z INFO JobDispatcher] Stop renew job request for job fcf384e5-727b-59cb-8678-12b783ed065f.
[2026-09-25 10:33:31Z INFO JobDispatcher] job renew has been cancelled, stop renew job fcf384e5-727b-59cb-8678-12b783ed065f.
[2026-09-25 10:33:31Z INFO JobNotification] Entering JobCompleted Notification
[2026-09-25 10:33:31Z INFO JobNotification] Entering EndMonitor
[2026-09-25 10:33:31Z INFO BrokerMessageListener] Received job status event. JobState: Online
[2026-09-25 10:33:31Z WARN GitHubActionsService] GET request to https://broker.actions.githubusercontent.com/message?sessionId=d824ca3c-9294-4948-a4e4-c0333f685e19&status=Busy&runnerVersion=2.337.0&os=Windows&architecture=X64&disableUpdate=false has been cancelled.
[2026-09-25 10:33:31Z ERR  BrokerServer] Catch exception during request
[2026-09-25 10:33:31Z ERR  BrokerServer] System.Threading.Tasks.TaskCanceledException: The operation was canceled.
 ---> System.Threading.Tasks.TaskCanceledException: The operation was canceled.
 ---> System.IO.IOException: Unable to read data from the transport connection: Der E/A-Vorgang wurde wegen eines Threadendes oder einer Anwendungsanforderung abgebrochen..
 ---> System.Net.Sockets.SocketException (995): Der E/A-Vorgang wurde wegen eines Threadendes oder einer Anwendungsanforderung abgebrochen.
   --- End of inner exception stack trace ---
   at System.Net.Sockets.Socket.AwaitableSocketAsyncEventArgs.System.Threading.Tasks.Sources.IValueTaskSource<System.Int32>.GetResult(Int16 token)
   at System.Net.Security.SslStream.EnsureFullTlsFrameAsync[TIOAdapter](CancellationToken cancellationToken, Int32 estimatedSize)
   at System.Runtime.CompilerServices.PoolingAsyncValueTaskMethodBuilder`1.StateMachineBox`1.System.Threading.Tasks.Sources.IValueTaskSource<TResult>.GetResult(Int16 token)
   at System.Net.Security.SslStream.ReadAsyncInternal[TIOAdapter](Memory`1 buffer, CancellationToken cancellationToken)
   at System.Runtime.CompilerServices.PoolingAsyncValueTaskMethodBuilder`1.StateMachineBox`1.System.Threading.Tasks.Sources.IValueTaskSource<TResult>.GetResult(Int16 token)
   at System.Net.Http.HttpConnection.SendAsync(HttpRequestMessage request, Boolean async, CancellationToken cancellationToken)
   --- End of inner exception stack trace ---
   at System.Net.Http.HttpConnection.SendAsync(HttpRequestMessage request, Boolean async, CancellationToken cancellationToken)
   at System.Net.Http.AuthenticationHelper.SendWithNtAuthAsync(HttpRequestMessage request, Uri authUri, Boolean async, ICredentials credentials, Boolean isProxyAuth, HttpConnection connection, HttpConnectionPool connectionPool, CancellationToken cancellationToken)
   at System.Net.Http.HttpConnectionPool.SendWithVersionDetectionAndRetryAsync(HttpRequestMessage request, Boolean async, Boolean doRequestAuth, CancellationToken cancellationToken)
   at System.Net.Http.AuthenticationHelper.SendWithAuthAsync(HttpRequestMessage request, Uri authUri, Boolean async, ICredentials credentials, Boolean preAuthenticate, Boolean isProxyAuth, Boolean doRequestAuth, HttpConnectionPool pool, CancellationToken cancellationToken)
   at System.Net.Http.RedirectHandler.SendAsync(HttpRequestMessage request, Boolean async, CancellationToken cancellationToken)
   at GitHub.Services.Common.RawHttpMessageHandler.SendAsync(HttpRequestMessage request, CancellationToken cancellationToken)
   at GitHub.Services.Common.VssHttpRetryMessageHandler.SendAsync(HttpRequestMessage request, CancellationToken cancellationToken)
   at System.Net.Http.HttpClient.<SendAsync>g__Core|83_0(HttpRequestMessage request, HttpCompletionOption completionOption, CancellationTokenSource cts, Boolean disposeCts, CancellationTokenSource pendingRequestsCts, CancellationToken originalCancellationToken)
   --- End of inner exception stack trace ---
   at System.Net.Http.HttpClient.HandleFailure(Exception e, Boolean telemetryStarted, HttpResponseMessage response, CancellationTokenSource cts, CancellationToken cancellationToken, CancellationTokenSource pendingRequestsCts)
   at System.Net.Http.HttpClient.<SendAsync>g__Core|83_0(HttpRequestMessage request, HttpCompletionOption completionOption, CancellationTokenSource cts, Boolean disposeCts, CancellationTokenSource pendingRequestsCts, CancellationToken originalCancellationToken)
   at Sdk.WebApi.WebApi.RawHttpClientBase.SendAsync(HttpRequestMessage message, HttpCompletionOption completionOption, Object userState, CancellationToken cancellationToken)
   at Sdk.WebApi.WebApi.RawHttpClientBase.SendAsync[T](HttpRequestMessage message, Boolean readErrorBody, Object userState, CancellationToken cancellationToken)
   at Sdk.WebApi.WebApi.RawHttpClientBase.SendAsync[T](HttpMethod method, IEnumerable`1 additionalHeaders, Uri requestUri, HttpContent content, IEnumerable`1 queryParameters, Boolean readErrorBody, Object userState, CancellationToken cancellationToken)
   at GitHub.Actions.RunService.WebApi.BrokerHttpClient.GetRunnerMessageAsync(Nullable`1 sessionId, String runnerVersion, Nullable`1 status, String os, String architecture, Nullable`1 disableUpdate, CancellationToken cancellationToken)
   at GitHub.Runner.Common.BrokerServer.<>c__DisplayClass7_0.<<GetRunnerMessageAsync>b__0>d.MoveNext()
--- End of stack trace from previous location ---
   at GitHub.Runner.Common.RunnerService.RetryRequest[T](Func`1 func, CancellationToken cancellationToken, Int32 maxAttempts, Func`2 shouldRetry)
[2026-09-25 10:33:31Z ERR  BrokerServer] #####################################################
[2026-09-25 10:33:31Z ERR  BrokerServer] System.Threading.Tasks.TaskCanceledException: The operation was canceled.
 ---> System.IO.IOException: Unable to read data from the transport connection: Der E/A-Vorgang wurde wegen eines Threadendes oder einer Anwendungsanforderung abgebrochen..
 ---> System.Net.Sockets.SocketException (995): Der E/A-Vorgang wurde wegen eines Threadendes oder einer Anwendungsanforderung abgebrochen.
   --- End of inner exception stack trace ---
   at System.Net.Sockets.Socket.AwaitableSocketAsyncEventArgs.System.Threading.Tasks.Sources.IValueTaskSource<System.Int32>.GetResult(Int16 token)
   at System.Net.Security.SslStream.EnsureFullTlsFrameAsync[TIOAdapter](CancellationToken cancellationToken, Int32 estimatedSize)
   at System.Runtime.CompilerServices.PoolingAsyncValueTaskMethodBuilder`1.StateMachineBox`1.System.Threading.Tasks.Sources.IValueTaskSource<TResult>.GetResult(Int16 token)
   at System.Net.Security.SslStream.ReadAsyncInternal[TIOAdapter](Memory`1 buffer, CancellationToken cancellationToken)
   at System.Runtime.CompilerServices.PoolingAsyncValueTaskMethodBuilder`1.StateMachineBox`1.System.Threading.Tasks.Sources.IValueTaskSource<TResult>.GetResult(Int16 token)
   at System.Net.Http.HttpConnection.SendAsync(HttpRequestMessage request, Boolean async, CancellationToken cancellationToken)
   --- End of inner exception stack trace ---
   at System.Net.Http.HttpConnection.SendAsync(HttpRequestMessage request, Boolean async, CancellationToken cancellationToken)
   at System.Net.Http.AuthenticationHelper.SendWithNtAuthAsync(HttpRequestMessage request, Uri authUri, Boolean async, ICredentials credentials, Boolean isProxyAuth, HttpConnection connection, HttpConnectionPool connectionPool, CancellationToken cancellationToken)
   at System.Net.Http.HttpConnectionPool.SendWithVersionDetectionAndRetryAsync(HttpRequestMessage request, Boolean async, Boolean doRequestAuth, CancellationToken cancellationToken)
   at System.Net.Http.AuthenticationHelper.SendWithAuthAsync(HttpRequestMessage request, Uri authUri, Boolean async, ICredentials credentials, Boolean preAuthenticate, Boolean isProxyAuth, Boolean doRequestAuth, HttpConnectionPool pool, CancellationToken cancellationToken)
   at System.Net.Http.RedirectHandler.SendAsync(HttpRequestMessage request, Boolean async, CancellationToken cancellationToken)
   at GitHub.Services.Common.RawHttpMessageHandler.SendAsync(HttpRequestMessage request, CancellationToken cancellationToken)
   at GitHub.Services.Common.VssHttpRetryMessageHandler.SendAsync(HttpRequestMessage request, CancellationToken cancellationToken)
   at System.Net.Http.HttpClient.<SendAsync>g__Core|83_0(HttpRequestMessage request, HttpCompletionOption completionOption, CancellationTokenSource cts, Boolean disposeCts, CancellationTokenSource pendingRequestsCts, CancellationToken originalCancellationToken)
[2026-09-25 10:33:31Z ERR  BrokerServer] #####################################################
[2026-09-25 10:33:31Z ERR  BrokerServer] System.IO.IOException: Unable to read data from the transport connection: Der E/A-Vorgang wurde wegen eines Threadendes oder einer Anwendungsanforderung abgebrochen..
 ---> System.Net.Sockets.SocketException (995): Der E/A-Vorgang wurde wegen eines Threadendes oder einer Anwendungsanforderung abgebrochen.
   --- End of inner exception stack trace ---
   at System.Net.Sockets.Socket.AwaitableSocketAsyncEventArgs.System.Threading.Tasks.Sources.IValueTaskSource<System.Int32>.GetResult(Int16 token)
   at System.Net.Security.SslStream.EnsureFullTlsFrameAsync[TIOAdapter](CancellationToken cancellationToken, Int32 estimatedSize)
   at System.Runtime.CompilerServices.PoolingAsyncValueTaskMethodBuilder`1.StateMachineBox`1.System.Threading.Tasks.Sources.IValueTaskSource<TResult>.GetResult(Int16 token)
   at System.Net.Security.SslStream.ReadAsyncInternal[TIOAdapter](Memory`1 buffer, CancellationToken cancellationToken)
   at System.Runtime.CompilerServices.PoolingAsyncValueTaskMethodBuilder`1.StateMachineBox`1.System.Threading.Tasks.Sources.IValueTaskSource<TResult>.GetResult(Int16 token)
   at System.Net.Http.HttpConnection.SendAsync(HttpRequestMessage request, Boolean async, CancellationToken cancellationToken)
[2026-09-25 10:33:31Z ERR  BrokerServer] #####################################################
[2026-09-25 10:33:31Z ERR  BrokerServer] System.Net.Sockets.SocketException (995): Der E/A-Vorgang wurde wegen eines Threadendes oder einer Anwendungsanforderung abgebrochen.
[2026-09-25 10:33:31Z WARN BrokerServer] Back off 9,793 seconds before next retry. 4 attempt left.
[2026-09-25 10:33:31Z INFO BrokerMessageListener] Get messages has been cancelled using local token source. Continue to get messages with new status.
[2026-09-25 10:34:13Z INFO BrokerMessageListener] Acknowledging runner request '21ba091b-a6cf-5179-94e8-8dbdc0472d6a'.
[2026-09-25 10:34:13Z INFO ConfigurationStore] HasCredentials()
[2026-09-25 10:34:13Z INFO ConfigurationStore] stored True
[2026-09-25 10:34:13Z INFO CredentialManager] GetCredentialProvider
[2026-09-25 10:34:13Z INFO CredentialManager] Creating type OAuth
[2026-09-25 10:34:13Z INFO CredentialManager] Creating credential type: OAuth
[2026-09-25 10:34:13Z INFO RSAEncryptedFileKeyManager] Loading RSA key parameters from file C:\Users\mcrngv0\test-write-api\test-write-api\actions-runner\.credentials_rsaparams
[2026-09-25 10:34:13Z INFO RSAEncryptedFileKeyManager] Loading RSA key parameters from file C:\Users\mcrngv0\test-write-api\test-write-api\actions-runner\.credentials_rsaparams
[2026-09-25 10:34:13Z INFO RSAEncryptedFileKeyManager] Loading RSA key parameters from file C:\Users\mcrngv0\test-write-api\test-write-api\actions-runner\.credentials_rsaparams
[2026-09-25 10:34:13Z INFO GitHubActionsService] AAD Correlation ID for this token request: Unknown
[2026-09-25 10:34:14Z INFO JobDispatcher] Job request 0 for plan 77899355-b1ad-4d7a-b9bc-e0ed26bff7ac job 21ba091b-a6cf-5179-94e8-8dbdc0472d6a received.
[2026-09-25 10:34:14Z INFO JobDispatcher] Pull OrchestrationId 77899355-b1ad-4d7a-b9bc-e0ed26bff7ac.docs.build.__default from JWT claims
[2026-09-25 10:34:14Z INFO BrokerMessageListener] Received job status event. JobState: Busy
[2026-09-25 10:34:14Z INFO BrokerMessageListener] _getMessagesTokenSource is already disposed.
[2026-09-25 10:34:14Z INFO JobDispatcher] Job request fcf384e5-727b-59cb-8678-12b783ed065f processed succeed.
[2026-09-25 10:34:14Z INFO Terminal] WRITE LINE: 2026-09-25 10:34:14Z: Running job: docs / build
[2026-09-25 10:34:14Z INFO JobDispatcher] Start renew job request 0 for job 21ba091b-a6cf-5179-94e8-8dbdc0472d6a.
[2026-09-25 10:34:15Z INFO JobDispatcher] Successfully renew job 21ba091b-a6cf-5179-94e8-8dbdc0472d6a, job is valid till 25.09.2026 10:44:15
[2026-09-25 10:34:15Z INFO HostContext] Well known directory 'Bin': 'C:\Users\mcrngv0\test-write-api\test-write-api\actions-runner\bin'
[2026-09-25 10:34:15Z INFO ProcessInvokerWrapper] Starting process:
[2026-09-25 10:34:15Z INFO ProcessInvokerWrapper]   File name: 'C:\Users\mcrngv0\test-write-api\test-write-api\actions-runner\bin\Runner.Worker.exe'
[2026-09-25 10:34:15Z INFO ProcessInvokerWrapper]   Arguments: 'spawnclient 2464 2200'
[2026-09-25 10:34:15Z INFO ProcessInvokerWrapper]   Working directory: 'C:\Users\mcrngv0\test-write-api\test-write-api\actions-runner\bin'
[2026-09-25 10:34:15Z INFO ProcessInvokerWrapper]   Require exit code zero: 'False'
[2026-09-25 10:34:15Z INFO ProcessInvokerWrapper]   Encoding web name:  ; code page: ''
[2026-09-25 10:34:15Z INFO ProcessInvokerWrapper]   Force kill process on cancellation: 'True'
[2026-09-25 10:34:15Z INFO ProcessInvokerWrapper]   Redirected STDIN: 'False'
[2026-09-25 10:34:15Z INFO ProcessInvokerWrapper]   Persist current code page: 'False'
[2026-09-25 10:34:15Z INFO ProcessInvokerWrapper]   Keep redirected STDIN open: 'False'
[2026-09-25 10:34:15Z INFO ProcessInvokerWrapper]   High priority process: 'True'
[2026-09-25 10:34:15Z INFO ProcessInvokerWrapper] Process started with process id 17568, waiting for process exit.
[2026-09-25 10:34:15Z INFO JobDispatcher] Send job request message to worker for job 21ba091b-a6cf-5179-94e8-8dbdc0472d6a.
[2026-09-25 10:34:15Z INFO ProcessChannel] Sending message of length 25094, with hash 'e4fd9883183a935d352c830eb8abed905d2d8ec7a2dfbbf501a5df294a0774dc'
[2026-09-25 10:34:15Z INFO JobNotification] Entering JobStarted Notification
[2026-09-25 10:34:15Z INFO JobNotification] Entering StartMonitor
[2026-09-25 10:35:15Z INFO JobDispatcher] Successfully renew job 21ba091b-a6cf-5179-94e8-8dbdc0472d6a, job is valid till 25.09.2026 10:45:15
[2026-09-25 10:36:15Z INFO JobDispatcher] Successfully renew job 21ba091b-a6cf-5179-94e8-8dbdc0472d6a, job is valid till 25.09.2026 10:46:15
[2026-09-25 10:36:18Z INFO ProcessInvokerWrapper] STDOUT/STDERR stream read finished.
[2026-09-25 10:36:18Z INFO ProcessInvokerWrapper] STDOUT/STDERR stream read finished.
[2026-09-25 10:36:18Z INFO ProcessInvokerWrapper] Finished process 17568 with exit code 102, and elapsed time 00:02:03.9133924.
[2026-09-25 10:36:18Z INFO JobDispatcher] Worker finished for job 21ba091b-a6cf-5179-94e8-8dbdc0472d6a. Code: 102
[2026-09-25 10:36:18Z INFO JobDispatcher] finish job request for job 21ba091b-a6cf-5179-94e8-8dbdc0472d6a with result: Failed
[2026-09-25 10:36:18Z INFO Terminal] WRITE LINE: 2026-09-25 10:36:18Z: Job docs / build completed with result: Failed
[2026-09-25 10:36:18Z INFO JobDispatcher] Stop renew job request for job 21ba091b-a6cf-5179-94e8-8dbdc0472d6a.
[2026-09-25 10:36:18Z INFO JobDispatcher] job renew has been cancelled, stop renew job 21ba091b-a6cf-5179-94e8-8dbdc0472d6a.
[2026-09-25 10:36:18Z INFO JobNotification] Entering JobCompleted Notification
[2026-09-25 10:36:18Z INFO JobNotification] Entering EndMonitor
[2026-09-25 10:36:18Z INFO BrokerMessageListener] Received job status event. JobState: Online
[2026-09-25 10:36:18Z WARN GitHubActionsService] GET request to https://broker.actions.githubusercontent.com/message?sessionId=d824ca3c-9294-4948-a4e4-c0333f685e19&status=Busy&runnerVersion=2.337.0&os=Windows&architecture=X64&disableUpdate=false has been cancelled.
[2026-09-25 10:36:18Z ERR  BrokerServer] Catch exception during request
[2026-09-25 10:36:18Z ERR  BrokerServer] System.Threading.Tasks.TaskCanceledException: The operation was canceled.
 ---> System.Threading.Tasks.TaskCanceledException: The operation was canceled.
 ---> System.IO.IOException: Unable to read data from the transport connection: Der E/A-Vorgang wurde wegen eines Threadendes oder einer Anwendungsanforderung abgebrochen..
 ---> System.Net.Sockets.SocketException (995): Der E/A-Vorgang wurde wegen eines Threadendes oder einer Anwendungsanforderung abgebrochen.
   --- End of inner exception stack trace ---
   at System.Net.Sockets.Socket.AwaitableSocketAsyncEventArgs.System.Threading.Tasks.Sources.IValueTaskSource<System.Int32>.GetResult(Int16 token)
   at System.Net.Security.SslStream.EnsureFullTlsFrameAsync[TIOAdapter](CancellationToken cancellationToken, Int32 estimatedSize)
   at System.Runtime.CompilerServices.PoolingAsyncValueTaskMethodBuilder`1.StateMachineBox`1.System.Threading.Tasks.Sources.IValueTaskSource<TResult>.GetResult(Int16 token)
   at System.Net.Security.SslStream.ReadAsyncInternal[TIOAdapter](Memory`1 buffer, CancellationToken cancellationToken)
   at System.Runtime.CompilerServices.PoolingAsyncValueTaskMethodBuilder`1.StateMachineBox`1.System.Threading.Tasks.Sources.IValueTaskSource<TResult>.GetResult(Int16 token)
   at System.Net.Http.HttpConnection.SendAsync(HttpRequestMessage request, Boolean async, CancellationToken cancellationToken)
   --- End of inner exception stack trace ---
   at System.Net.Http.HttpConnection.SendAsync(HttpRequestMessage request, Boolean async, CancellationToken cancellationToken)
   at System.Net.Http.AuthenticationHelper.SendWithNtAuthAsync(HttpRequestMessage request, Uri authUri, Boolean async, ICredentials credentials, Boolean isProxyAuth, HttpConnection connection, HttpConnectionPool connectionPool, CancellationToken cancellationToken)
   at System.Net.Http.HttpConnectionPool.SendWithVersionDetectionAndRetryAsync(HttpRequestMessage request, Boolean async, Boolean doRequestAuth, CancellationToken cancellationToken)
   at System.Net.Http.AuthenticationHelper.SendWithAuthAsync(HttpRequestMessage request, Uri authUri, Boolean async, ICredentials credentials, Boolean preAuthenticate, Boolean isProxyAuth, Boolean doRequestAuth, HttpConnectionPool pool, CancellationToken cancellationToken)
   at System.Net.Http.RedirectHandler.SendAsync(HttpRequestMessage request, Boolean async, CancellationToken cancellationToken)
   at GitHub.Services.Common.RawHttpMessageHandler.SendAsync(HttpRequestMessage request, CancellationToken cancellationToken)
   at GitHub.Services.Common.VssHttpRetryMessageHandler.SendAsync(HttpRequestMessage request, CancellationToken cancellationToken)
   at System.Net.Http.HttpClient.<SendAsync>g__Core|83_0(HttpRequestMessage request, HttpCompletionOption completionOption, CancellationTokenSource cts, Boolean disposeCts, CancellationTokenSource pendingRequestsCts, CancellationToken originalCancellationToken)
   --- End of inner exception stack trace ---
   at System.Net.Http.HttpClient.HandleFailure(Exception e, Boolean telemetryStarted, HttpResponseMessage response, CancellationTokenSource cts, CancellationToken cancellationToken, CancellationTokenSource pendingRequestsCts)
   at System.Net.Http.HttpClient.<SendAsync>g__Core|83_0(HttpRequestMessage request, HttpCompletionOption completionOption, CancellationTokenSource cts, Boolean disposeCts, CancellationTokenSource pendingRequestsCts, CancellationToken originalCancellationToken)
   at Sdk.WebApi.WebApi.RawHttpClientBase.SendAsync(HttpRequestMessage message, HttpCompletionOption completionOption, Object userState, CancellationToken cancellationToken)
   at Sdk.WebApi.WebApi.RawHttpClientBase.SendAsync[T](HttpRequestMessage message, Boolean readErrorBody, Object userState, CancellationToken cancellationToken)
   at Sdk.WebApi.WebApi.RawHttpClientBase.SendAsync[T](HttpMethod method, IEnumerable`1 additionalHeaders, Uri requestUri, HttpContent content, IEnumerable`1 queryParameters, Boolean readErrorBody, Object userState, CancellationToken cancellationToken)
   at GitHub.Actions.RunService.WebApi.BrokerHttpClient.GetRunnerMessageAsync(Nullable`1 sessionId, String runnerVersion, Nullable`1 status, String os, String architecture, Nullable`1 disableUpdate, CancellationToken cancellationToken)
   at GitHub.Runner.Common.BrokerServer.<>c__DisplayClass7_0.<<GetRunnerMessageAsync>b__0>d.MoveNext()
--- End of stack trace from previous location ---
   at GitHub.Runner.Common.RunnerService.RetryRequest[T](Func`1 func, CancellationToken cancellationToken, Int32 maxAttempts, Func`2 shouldRetry)
[2026-09-25 10:36:18Z ERR  BrokerServer] #####################################################
[2026-09-25 10:36:18Z ERR  BrokerServer] System.Threading.Tasks.TaskCanceledException: The operation was canceled.
 ---> System.IO.IOException: Unable to read data from the transport connection: Der E/A-Vorgang wurde wegen eines Threadendes oder einer Anwendungsanforderung abgebrochen..
 ---> System.Net.Sockets.SocketException (995): Der E/A-Vorgang wurde wegen eines Threadendes oder einer Anwendungsanforderung abgebrochen.
   --- End of inner exception stack trace ---
   at System.Net.Sockets.Socket.AwaitableSocketAsyncEventArgs.System.Threading.Tasks.Sources.IValueTaskSource<System.Int32>.GetResult(Int16 token)
   at System.Net.Security.SslStream.EnsureFullTlsFrameAsync[TIOAdapter](CancellationToken cancellationToken, Int32 estimatedSize)
   at System.Runtime.CompilerServices.PoolingAsyncValueTaskMethodBuilder`1.StateMachineBox`1.System.Threading.Tasks.Sources.IValueTaskSource<TResult>.GetResult(Int16 token)
   at System.Net.Security.SslStream.ReadAsyncInternal[TIOAdapter](Memory`1 buffer, CancellationToken cancellationToken)
   at System.Runtime.CompilerServices.PoolingAsyncValueTaskMethodBuilder`1.StateMachineBox`1.System.Threading.Tasks.Sources.IValueTaskSource<TResult>.GetResult(Int16 token)
   at System.Net.Http.HttpConnection.SendAsync(HttpRequestMessage request, Boolean async, CancellationToken cancellationToken)
   --- End of inner exception stack trace ---
   at System.Net.Http.HttpConnection.SendAsync(HttpRequestMessage request, Boolean async, CancellationToken cancellationToken)
   at System.Net.Http.AuthenticationHelper.SendWithNtAuthAsync(HttpRequestMessage request, Uri authUri, Boolean async, ICredentials credentials, Boolean isProxyAuth, HttpConnection connection, HttpConnectionPool connectionPool, CancellationToken cancellationToken)
   at System.Net.Http.HttpConnectionPool.SendWithVersionDetectionAndRetryAsync(HttpRequestMessage request, Boolean async, Boolean doRequestAuth, CancellationToken cancellationToken)
   at System.Net.Http.AuthenticationHelper.SendWithAuthAsync(HttpRequestMessage request, Uri authUri, Boolean async, ICredentials credentials, Boolean preAuthenticate, Boolean isProxyAuth, Boolean doRequestAuth, HttpConnectionPool pool, CancellationToken cancellationToken)
   at System.Net.Http.RedirectHandler.SendAsync(HttpRequestMessage request, Boolean async, CancellationToken cancellationToken)
   at GitHub.Services.Common.RawHttpMessageHandler.SendAsync(HttpRequestMessage request, CancellationToken cancellationToken)
   at GitHub.Services.Common.VssHttpRetryMessageHandler.SendAsync(HttpRequestMessage request, CancellationToken cancellationToken)
   at System.Net.Http.HttpClient.<SendAsync>g__Core|83_0(HttpRequestMessage request, HttpCompletionOption completionOption, CancellationTokenSource cts, Boolean disposeCts, CancellationTokenSource pendingRequestsCts, CancellationToken originalCancellationToken)
[2026-09-25 10:36:18Z ERR  BrokerServer] #####################################################
[2026-09-25 10:36:18Z ERR  BrokerServer] System.IO.IOException: Unable to read data from the transport connection: Der E/A-Vorgang wurde wegen eines Threadendes oder einer Anwendungsanforderung abgebrochen..
 ---> System.Net.Sockets.SocketException (995): Der E/A-Vorgang wurde wegen eines Threadendes oder einer Anwendungsanforderung abgebrochen.
   --- End of inner exception stack trace ---
   at System.Net.Sockets.Socket.AwaitableSocketAsyncEventArgs.System.Threading.Tasks.Sources.IValueTaskSource<System.Int32>.GetResult(Int16 token)
   at System.Net.Security.SslStream.EnsureFullTlsFrameAsync[TIOAdapter](CancellationToken cancellationToken, Int32 estimatedSize)
   at System.Runtime.CompilerServices.PoolingAsyncValueTaskMethodBuilder`1.StateMachineBox`1.System.Threading.Tasks.Sources.IValueTaskSource<TResult>.GetResult(Int16 token)
   at System.Net.Security.SslStream.ReadAsyncInternal[TIOAdapter](Memory`1 buffer, CancellationToken cancellationToken)
   at System.Runtime.CompilerServices.PoolingAsyncValueTaskMethodBuilder`1.StateMachineBox`1.System.Threading.Tasks.Sources.IValueTaskSource<TResult>.GetResult(Int16 token)
   at System.Net.Http.HttpConnection.SendAsync(HttpRequestMessage request, Boolean async, CancellationToken cancellationToken)
[2026-09-25 10:36:18Z ERR  BrokerServer] #####################################################
[2026-09-25 10:36:18Z ERR  BrokerServer] System.Net.Sockets.SocketException (995): Der E/A-Vorgang wurde wegen eines Threadendes oder einer Anwendungsanforderung abgebrochen.
[2026-09-25 10:36:18Z WARN BrokerServer] Back off 7,549 seconds before next retry. 4 attempt left.
[2026-09-25 10:36:18Z INFO BrokerMessageListener] Get messages has been cancelled using local token source. Continue to get messages with new status.
[2026-09-25 10:44:20Z INFO RSAEncryptedFileKeyManager] Loading RSA key parameters from file C:\Users\mcrngv0\test-write-api\test-write-api\actions-runner\.credentials_rsaparams
[2026-09-25 10:44:21Z INFO GitHubActionsService] AAD Correlation ID for this token request: Unknown
[2026-09-25 10:46:12Z INFO BrokerMessageListener] Acknowledging runner request '3012a10b-b708-5260-bbc4-166e08cb18ab'.
[2026-09-25 10:46:12Z INFO ConfigurationStore] HasCredentials()
[2026-09-25 10:46:12Z INFO ConfigurationStore] stored True
[2026-09-25 10:46:12Z INFO CredentialManager] GetCredentialProvider
[2026-09-25 10:46:12Z INFO CredentialManager] Creating type OAuth
[2026-09-25 10:46:12Z INFO CredentialManager] Creating credential type: OAuth
[2026-09-25 10:46:12Z INFO RSAEncryptedFileKeyManager] Loading RSA key parameters from file C:\Users\mcrngv0\test-write-api\test-write-api\actions-runner\.credentials_rsaparams
[2026-09-25 10:46:12Z INFO RSAEncryptedFileKeyManager] Loading RSA key parameters from file C:\Users\mcrngv0\test-write-api\test-write-api\actions-runner\.credentials_rsaparams
[2026-09-25 10:46:12Z INFO RSAEncryptedFileKeyManager] Loading RSA key parameters from file C:\Users\mcrngv0\test-write-api\test-write-api\actions-runner\.credentials_rsaparams
[2026-09-25 10:46:13Z INFO GitHubActionsService] AAD Correlation ID for this token request: Unknown
[2026-09-25 10:46:13Z INFO JobDispatcher] Job request 0 for plan a85db59b-621f-4226-930c-fe5ceb88b1db job 3012a10b-b708-5260-bbc4-166e08cb18ab received.
[2026-09-25 10:46:13Z INFO JobDispatcher] Pull OrchestrationId a85db59b-621f-4226-930c-fe5ceb88b1db.build-and-push.__default from JWT claims
[2026-09-25 10:46:13Z INFO BrokerMessageListener] Received job status event. JobState: Busy
[2026-09-25 10:46:13Z INFO BrokerMessageListener] _getMessagesTokenSource is already disposed.
[2026-09-25 10:46:13Z INFO JobDispatcher] Job request 21ba091b-a6cf-5179-94e8-8dbdc0472d6a processed succeed.
[2026-09-25 10:46:13Z INFO Terminal] WRITE LINE: 2026-09-25 10:46:13Z: Running job: build-and-push
[2026-09-25 10:46:13Z INFO JobDispatcher] Start renew job request 0 for job 3012a10b-b708-5260-bbc4-166e08cb18ab.
[2026-09-25 10:46:14Z INFO JobDispatcher] Successfully renew job 3012a10b-b708-5260-bbc4-166e08cb18ab, job is valid till 25.09.2026 10:56:14
[2026-09-25 10:46:14Z INFO HostContext] Well known directory 'Bin': 'C:\Users\mcrngv0\test-write-api\test-write-api\actions-runner\bin'
[2026-09-25 10:46:14Z INFO ProcessInvokerWrapper] Starting process:
[2026-09-25 10:46:14Z INFO ProcessInvokerWrapper]   File name: 'C:\Users\mcrngv0\test-write-api\test-write-api\actions-runner\bin\Runner.Worker.exe'
[2026-09-25 10:46:14Z INFO ProcessInvokerWrapper]   Arguments: 'spawnclient 2496 2856'
[2026-09-25 10:46:14Z INFO ProcessInvokerWrapper]   Working directory: 'C:\Users\mcrngv0\test-write-api\test-write-api\actions-runner\bin'
[2026-09-25 10:46:14Z INFO ProcessInvokerWrapper]   Require exit code zero: 'False'
[2026-09-25 10:46:14Z INFO ProcessInvokerWrapper]   Encoding web name:  ; code page: ''
[2026-09-25 10:46:14Z INFO ProcessInvokerWrapper]   Force kill process on cancellation: 'True'
[2026-09-25 10:46:14Z INFO ProcessInvokerWrapper]   Redirected STDIN: 'False'
[2026-09-25 10:46:14Z INFO ProcessInvokerWrapper]   Persist current code page: 'False'
[2026-09-25 10:46:14Z INFO ProcessInvokerWrapper]   Keep redirected STDIN open: 'False'
[2026-09-25 10:46:14Z INFO ProcessInvokerWrapper]   High priority process: 'True'
[2026-09-25 10:46:14Z INFO ProcessInvokerWrapper] Process started with process id 26484, waiting for process exit.
[2026-09-25 10:46:14Z INFO JobDispatcher] Send job request message to worker for job 3012a10b-b708-5260-bbc4-166e08cb18ab.
[2026-09-25 10:46:14Z INFO ProcessChannel] Sending message of length 24663, with hash 'cc0cf0853c3bd9637305dd33ed5863ef6559f8365b1b375222107e75da53bf3d'
[2026-09-25 10:46:17Z INFO JobNotification] Entering JobStarted Notification
[2026-09-25 10:46:17Z INFO JobNotification] Entering StartMonitor
[2026-09-25 10:47:11Z INFO ProcessInvokerWrapper] STDOUT/STDERR stream read finished.
[2026-09-25 10:47:11Z INFO ProcessInvokerWrapper] STDOUT/STDERR stream read finished.
[2026-09-25 10:47:11Z INFO ProcessInvokerWrapper] Finished process 26484 with exit code 100, and elapsed time 00:00:57.6114424.
[2026-09-25 10:47:11Z INFO JobDispatcher] Worker finished for job 3012a10b-b708-5260-bbc4-166e08cb18ab. Code: 100
[2026-09-25 10:47:11Z INFO JobDispatcher] finish job request for job 3012a10b-b708-5260-bbc4-166e08cb18ab with result: Succeeded
[2026-09-25 10:47:11Z INFO Terminal] WRITE LINE: 2026-09-25 10:47:11Z: Job build-and-push completed with result: Succeeded
[2026-09-25 10:47:11Z INFO JobDispatcher] Stop renew job request for job 3012a10b-b708-5260-bbc4-166e08cb18ab.
[2026-09-25 10:47:11Z INFO JobDispatcher] job renew has been cancelled, stop renew job 3012a10b-b708-5260-bbc4-166e08cb18ab.
[2026-09-25 10:47:11Z INFO JobNotification] Entering JobCompleted Notification
[2026-09-25 10:47:11Z INFO JobNotification] Entering EndMonitor
[2026-09-25 10:47:11Z INFO BrokerMessageListener] Received job status event. JobState: Online
[2026-09-25 10:47:11Z WARN GitHubActionsService] GET request to https://broker.actions.githubusercontent.com/message?sessionId=d824ca3c-9294-4948-a4e4-c0333f685e19&status=Busy&runnerVersion=2.337.0&os=Windows&architecture=X64&disableUpdate=false has been cancelled.
[2026-09-25 10:47:11Z ERR  BrokerServer] Catch exception during request
[2026-09-25 10:47:11Z ERR  BrokerServer] System.Threading.Tasks.TaskCanceledException: The operation was canceled.
 ---> System.Threading.Tasks.TaskCanceledException: The operation was canceled.
 ---> System.IO.IOException: Unable to read data from the transport connection: Der E/A-Vorgang wurde wegen eines Threadendes oder einer Anwendungsanforderung abgebrochen..
 ---> System.Net.Sockets.SocketException (995): Der E/A-Vorgang wurde wegen eines Threadendes oder einer Anwendungsanforderung abgebrochen.
   --- End of inner exception stack trace ---
   at System.Net.Sockets.Socket.AwaitableSocketAsyncEventArgs.System.Threading.Tasks.Sources.IValueTaskSource<System.Int32>.GetResult(Int16 token)
   at System.Net.Security.SslStream.EnsureFullTlsFrameAsync[TIOAdapter](CancellationToken cancellationToken, Int32 estimatedSize)
   at System.Runtime.CompilerServices.PoolingAsyncValueTaskMethodBuilder`1.StateMachineBox`1.System.Threading.Tasks.Sources.IValueTaskSource<TResult>.GetResult(Int16 token)
   at System.Net.Security.SslStream.ReadAsyncInternal[TIOAdapter](Memory`1 buffer, CancellationToken cancellationToken)
   at System.Runtime.CompilerServices.PoolingAsyncValueTaskMethodBuilder`1.StateMachineBox`1.System.Threading.Tasks.Sources.IValueTaskSource<TResult>.GetResult(Int16 token)
   at System.Net.Http.HttpConnection.SendAsync(HttpRequestMessage request, Boolean async, CancellationToken cancellationToken)
   --- End of inner exception stack trace ---
   at System.Net.Http.HttpConnection.SendAsync(HttpRequestMessage request, Boolean async, CancellationToken cancellationToken)
   at System.Net.Http.AuthenticationHelper.SendWithNtAuthAsync(HttpRequestMessage request, Uri authUri, Boolean async, ICredentials credentials, Boolean isProxyAuth, HttpConnection connection, HttpConnectionPool connectionPool, CancellationToken cancellationToken)
   at System.Net.Http.HttpConnectionPool.SendWithVersionDetectionAndRetryAsync(HttpRequestMessage request, Boolean async, Boolean doRequestAuth, CancellationToken cancellationToken)
   at System.Net.Http.AuthenticationHelper.SendWithAuthAsync(HttpRequestMessage request, Uri authUri, Boolean async, ICredentials credentials, Boolean preAuthenticate, Boolean isProxyAuth, Boolean doRequestAuth, HttpConnectionPool pool, CancellationToken cancellationToken)
   at System.Net.Http.RedirectHandler.SendAsync(HttpRequestMessage request, Boolean async, CancellationToken cancellationToken)
   at GitHub.Services.Common.RawHttpMessageHandler.SendAsync(HttpRequestMessage request, CancellationToken cancellationToken)
   at GitHub.Services.Common.VssHttpRetryMessageHandler.SendAsync(HttpRequestMessage request, CancellationToken cancellationToken)
   at System.Net.Http.HttpClient.<SendAsync>g__Core|83_0(HttpRequestMessage request, HttpCompletionOption completionOption, CancellationTokenSource cts, Boolean disposeCts, CancellationTokenSource pendingRequestsCts, CancellationToken originalCancellationToken)
   --- End of inner exception stack trace ---
   at System.Net.Http.HttpClient.HandleFailure(Exception e, Boolean telemetryStarted, HttpResponseMessage response, CancellationTokenSource cts, CancellationToken cancellationToken, CancellationTokenSource pendingRequestsCts)
   at System.Net.Http.HttpClient.<SendAsync>g__Core|83_0(HttpRequestMessage request, HttpCompletionOption completionOption, CancellationTokenSource cts, Boolean disposeCts, CancellationTokenSource pendingRequestsCts, CancellationToken originalCancellationToken)
   at Sdk.WebApi.WebApi.RawHttpClientBase.SendAsync(HttpRequestMessage message, HttpCompletionOption completionOption, Object userState, CancellationToken cancellationToken)
   at Sdk.WebApi.WebApi.RawHttpClientBase.SendAsync[T](HttpRequestMessage message, Boolean readErrorBody, Object userState, CancellationToken cancellationToken)
   at Sdk.WebApi.WebApi.RawHttpClientBase.SendAsync[T](HttpMethod method, IEnumerable`1 additionalHeaders, Uri requestUri, HttpContent content, IEnumerable`1 queryParameters, Boolean readErrorBody, Object userState, CancellationToken cancellationToken)
   at GitHub.Actions.RunService.WebApi.BrokerHttpClient.GetRunnerMessageAsync(Nullable`1 sessionId, String runnerVersion, Nullable`1 status, String os, String architecture, Nullable`1 disableUpdate, CancellationToken cancellationToken)
   at GitHub.Runner.Common.BrokerServer.<>c__DisplayClass7_0.<<GetRunnerMessageAsync>b__0>d.MoveNext()
--- End of stack trace from previous location ---
   at GitHub.Runner.Common.RunnerService.RetryRequest[T](Func`1 func, CancellationToken cancellationToken, Int32 maxAttempts, Func`2 shouldRetry)
[2026-09-25 10:47:11Z ERR  BrokerServer] #####################################################
[2026-09-25 10:47:11Z ERR  BrokerServer] System.Threading.Tasks.TaskCanceledException: The operation was canceled.
 ---> System.IO.IOException: Unable to read data from the transport connection: Der E/A-Vorgang wurde wegen eines Threadendes oder einer Anwendungsanforderung abgebrochen..
 ---> System.Net.Sockets.SocketException (995): Der E/A-Vorgang wurde wegen eines Threadendes oder einer Anwendungsanforderung abgebrochen.
   --- End of inner exception stack trace ---
   at System.Net.Sockets.Socket.AwaitableSocketAsyncEventArgs.System.Threading.Tasks.Sources.IValueTaskSource<System.Int32>.GetResult(Int16 token)
   at System.Net.Security.SslStream.EnsureFullTlsFrameAsync[TIOAdapter](CancellationToken cancellationToken, Int32 estimatedSize)
   at System.Runtime.CompilerServices.PoolingAsyncValueTaskMethodBuilder`1.StateMachineBox`1.System.Threading.Tasks.Sources.IValueTaskSource<TResult>.GetResult(Int16 token)
   at System.Net.Security.SslStream.ReadAsyncInternal[TIOAdapter](Memory`1 buffer, CancellationToken cancellationToken)
   at System.Runtime.CompilerServices.PoolingAsyncValueTaskMethodBuilder`1.StateMachineBox`1.System.Threading.Tasks.Sources.IValueTaskSource<TResult>.GetResult(Int16 token)
   at System.Net.Http.HttpConnection.SendAsync(HttpRequestMessage request, Boolean async, CancellationToken cancellationToken)
   --- End of inner exception stack trace ---
   at System.Net.Http.HttpConnection.SendAsync(HttpRequestMessage request, Boolean async, CancellationToken cancellationToken)
   at System.Net.Http.AuthenticationHelper.SendWithNtAuthAsync(HttpRequestMessage request, Uri authUri, Boolean async, ICredentials credentials, Boolean isProxyAuth, HttpConnection connection, HttpConnectionPool connectionPool, CancellationToken cancellationToken)
   at System.Net.Http.HttpConnectionPool.SendWithVersionDetectionAndRetryAsync(HttpRequestMessage request, Boolean async, Boolean doRequestAuth, CancellationToken cancellationToken)
   at System.Net.Http.AuthenticationHelper.SendWithAuthAsync(HttpRequestMessage request, Uri authUri, Boolean async, ICredentials credentials, Boolean preAuthenticate, Boolean isProxyAuth, Boolean doRequestAuth, HttpConnectionPool pool, CancellationToken cancellationToken)
   at System.Net.Http.RedirectHandler.SendAsync(HttpRequestMessage request, Boolean async, CancellationToken cancellationToken)
   at GitHub.Services.Common.RawHttpMessageHandler.SendAsync(HttpRequestMessage request, CancellationToken cancellationToken)
   at GitHub.Services.Common.VssHttpRetryMessageHandler.SendAsync(HttpRequestMessage request, CancellationToken cancellationToken)
   at System.Net.Http.HttpClient.<SendAsync>g__Core|83_0(HttpRequestMessage request, HttpCompletionOption completionOption, CancellationTokenSource cts, Boolean disposeCts, CancellationTokenSource pendingRequestsCts, CancellationToken originalCancellationToken)
[2026-09-25 10:47:11Z ERR  BrokerServer] #####################################################
[2026-09-25 10:47:11Z ERR  BrokerServer] System.IO.IOException: Unable to read data from the transport connection: Der E/A-Vorgang wurde wegen eines Threadendes oder einer Anwendungsanforderung abgebrochen..
 ---> System.Net.Sockets.SocketException (995): Der E/A-Vorgang wurde wegen eines Threadendes oder einer Anwendungsanforderung abgebrochen.
   --- End of inner exception stack trace ---
   at System.Net.Sockets.Socket.AwaitableSocketAsyncEventArgs.System.Threading.Tasks.Sources.IValueTaskSource<System.Int32>.GetResult(Int16 token)
   at System.Net.Security.SslStream.EnsureFullTlsFrameAsync[TIOAdapter](CancellationToken cancellationToken, Int32 estimatedSize)
   at System.Runtime.CompilerServices.PoolingAsyncValueTaskMethodBuilder`1.StateMachineBox`1.System.Threading.Tasks.Sources.IValueTaskSource<TResult>.GetResult(Int16 token)
   at System.Net.Security.SslStream.ReadAsyncInternal[TIOAdapter](Memory`1 buffer, CancellationToken cancellationToken)
   at System.Runtime.CompilerServices.PoolingAsyncValueTaskMethodBuilder`1.StateMachineBox`1.System.Threading.Tasks.Sources.IValueTaskSource<TResult>.GetResult(Int16 token)
   at System.Net.Http.HttpConnection.SendAsync(HttpRequestMessage request, Boolean async, CancellationToken cancellationToken)
[2026-09-25 10:47:11Z ERR  BrokerServer] #####################################################
[2026-09-25 10:47:11Z ERR  BrokerServer] System.Net.Sockets.SocketException (995): Der E/A-Vorgang wurde wegen eines Threadendes oder einer Anwendungsanforderung abgebrochen.
[2026-09-25 10:47:11Z WARN BrokerServer] Back off 7,479 seconds before next retry. 4 attempt left.
[2026-09-25 10:47:11Z INFO BrokerMessageListener] Get messages has been cancelled using local token source. Continue to get messages with new status.
[2026-09-25 10:50:58Z INFO BrokerMessageListener] Acknowledging runner request '69ddcbce-6f60-5cae-a64a-66b62883ad6b'.
[2026-09-25 10:50:58Z INFO ConfigurationStore] HasCredentials()
[2026-09-25 10:50:58Z INFO ConfigurationStore] stored True
[2026-09-25 10:50:58Z INFO CredentialManager] GetCredentialProvider
[2026-09-25 10:50:58Z INFO CredentialManager] Creating type OAuth
[2026-09-25 10:50:58Z INFO CredentialManager] Creating credential type: OAuth
[2026-09-25 10:50:58Z INFO RSAEncryptedFileKeyManager] Loading RSA key parameters from file C:\Users\mcrngv0\test-write-api\test-write-api\actions-runner\.credentials_rsaparams
[2026-09-25 10:50:58Z INFO RSAEncryptedFileKeyManager] Loading RSA key parameters from file C:\Users\mcrngv0\test-write-api\test-write-api\actions-runner\.credentials_rsaparams
[2026-09-25 10:50:58Z INFO RSAEncryptedFileKeyManager] Loading RSA key parameters from file C:\Users\mcrngv0\test-write-api\test-write-api\actions-runner\.credentials_rsaparams
[2026-09-25 10:50:58Z INFO GitHubActionsService] AAD Correlation ID for this token request: Unknown
[2026-09-25 10:50:59Z INFO JobDispatcher] Job request 0 for plan 9ee7eecb-79bb-4cd9-be8d-136e6fbd3a5b job 69ddcbce-6f60-5cae-a64a-66b62883ad6b received.
[2026-09-25 10:50:59Z INFO JobDispatcher] Pull OrchestrationId 9ee7eecb-79bb-4cd9-be8d-136e6fbd3a5b.build-and-push.__default from JWT claims
[2026-09-25 10:50:59Z INFO BrokerMessageListener] Received job status event. JobState: Busy
[2026-09-25 10:50:59Z INFO BrokerMessageListener] _getMessagesTokenSource is already disposed.
[2026-09-25 10:50:59Z INFO JobDispatcher] Job request 3012a10b-b708-5260-bbc4-166e08cb18ab processed succeed.
[2026-09-25 10:50:59Z INFO Terminal] WRITE LINE: 2026-09-25 10:50:59Z: Running job: build-and-push
[2026-09-25 10:50:59Z INFO JobDispatcher] Start renew job request 0 for job 69ddcbce-6f60-5cae-a64a-66b62883ad6b.
[2026-09-25 10:50:59Z INFO JobDispatcher] Successfully renew job 69ddcbce-6f60-5cae-a64a-66b62883ad6b, job is valid till 25.09.2026 11:00:59
[2026-09-25 10:50:59Z INFO HostContext] Well known directory 'Bin': 'C:\Users\mcrngv0\test-write-api\test-write-api\actions-runner\bin'
[2026-09-25 10:50:59Z INFO ProcessInvokerWrapper] Starting process:
[2026-09-25 10:50:59Z INFO ProcessInvokerWrapper]   File name: 'C:\Users\mcrngv0\test-write-api\test-write-api\actions-runner\bin\Runner.Worker.exe'
[2026-09-25 10:50:59Z INFO ProcessInvokerWrapper]   Arguments: 'spawnclient 2500 2256'
[2026-09-25 10:50:59Z INFO ProcessInvokerWrapper]   Working directory: 'C:\Users\mcrngv0\test-write-api\test-write-api\actions-runner\bin'
[2026-09-25 10:50:59Z INFO ProcessInvokerWrapper]   Require exit code zero: 'False'
[2026-09-25 10:50:59Z INFO ProcessInvokerWrapper]   Encoding web name:  ; code page: ''
[2026-09-25 10:50:59Z INFO ProcessInvokerWrapper]   Force kill process on cancellation: 'True'
[2026-09-25 10:50:59Z INFO ProcessInvokerWrapper]   Redirected STDIN: 'False'
[2026-09-25 10:50:59Z INFO ProcessInvokerWrapper]   Persist current code page: 'False'
[2026-09-25 10:50:59Z INFO ProcessInvokerWrapper]   Keep redirected STDIN open: 'False'
[2026-09-25 10:50:59Z INFO ProcessInvokerWrapper]   High priority process: 'True'
[2026-09-25 10:51:00Z INFO ProcessInvokerWrapper] Process started with process id 27316, waiting for process exit.
[2026-09-25 10:51:00Z INFO JobDispatcher] Send job request message to worker for job 69ddcbce-6f60-5cae-a64a-66b62883ad6b.
[2026-09-25 10:51:00Z INFO ProcessChannel] Sending message of length 24663, with hash 'd417ac5ce7835acca91888f71f8ed500fe20aba50d4596da3ca1815c6654bf14'
[2026-09-25 10:51:00Z INFO JobNotification] Entering JobStarted Notification
[2026-09-25 10:51:00Z INFO JobNotification] Entering StartMonitor
[2026-09-25 10:51:52Z INFO ProcessInvokerWrapper] STDOUT/STDERR stream read finished.
[2026-09-25 10:51:52Z INFO ProcessInvokerWrapper] STDOUT/STDERR stream read finished.
[2026-09-25 10:51:52Z INFO ProcessInvokerWrapper] Finished process 27316 with exit code 100, and elapsed time 00:00:52.3058207.
[2026-09-25 10:51:52Z INFO JobDispatcher] Worker finished for job 69ddcbce-6f60-5cae-a64a-66b62883ad6b. Code: 100
[2026-09-25 10:51:52Z INFO JobDispatcher] finish job request for job 69ddcbce-6f60-5cae-a64a-66b62883ad6b with result: Succeeded
[2026-09-25 10:51:52Z INFO Terminal] WRITE LINE: 2026-09-25 10:51:52Z: Job build-and-push completed with result: Succeeded
[2026-09-25 10:51:52Z INFO JobDispatcher] Stop renew job request for job 69ddcbce-6f60-5cae-a64a-66b62883ad6b.
[2026-09-25 10:51:52Z INFO JobDispatcher] job renew has been cancelled, stop renew job 69ddcbce-6f60-5cae-a64a-66b62883ad6b.
[2026-09-25 10:51:52Z INFO JobNotification] Entering JobCompleted Notification
[2026-09-25 10:51:52Z INFO JobNotification] Entering EndMonitor
[2026-09-25 10:51:52Z INFO BrokerMessageListener] Received job status event. JobState: Online
[2026-09-25 10:51:52Z WARN GitHubActionsService] GET request to https://broker.actions.githubusercontent.com/message?sessionId=d824ca3c-9294-4948-a4e4-c0333f685e19&status=Busy&runnerVersion=2.337.0&os=Windows&architecture=X64&disableUpdate=false has been cancelled.
[2026-09-25 10:51:52Z ERR  BrokerServer] Catch exception during request
[2026-09-25 10:51:52Z ERR  BrokerServer] System.Threading.Tasks.TaskCanceledException: The operation was canceled.
 ---> System.Threading.Tasks.TaskCanceledException: The operation was canceled.
 ---> System.IO.IOException: Unable to read data from the transport connection: Der E/A-Vorgang wurde wegen eines Threadendes oder einer Anwendungsanforderung abgebrochen..
 ---> System.Net.Sockets.SocketException (995): Der E/A-Vorgang wurde wegen eines Threadendes oder einer Anwendungsanforderung abgebrochen.
   --- End of inner exception stack trace ---
   at System.Net.Sockets.Socket.AwaitableSocketAsyncEventArgs.System.Threading.Tasks.Sources.IValueTaskSource<System.Int32>.GetResult(Int16 token)
   at System.Net.Security.SslStream.EnsureFullTlsFrameAsync[TIOAdapter](CancellationToken cancellationToken, Int32 estimatedSize)
   at System.Runtime.CompilerServices.PoolingAsyncValueTaskMethodBuilder`1.StateMachineBox`1.System.Threading.Tasks.Sources.IValueTaskSource<TResult>.GetResult(Int16 token)
   at System.Net.Security.SslStream.ReadAsyncInternal[TIOAdapter](Memory`1 buffer, CancellationToken cancellationToken)
   at System.Runtime.CompilerServices.PoolingAsyncValueTaskMethodBuilder`1.StateMachineBox`1.System.Threading.Tasks.Sources.IValueTaskSource<TResult>.GetResult(Int16 token)
   at System.Net.Http.HttpConnection.SendAsync(HttpRequestMessage request, Boolean async, CancellationToken cancellationToken)
   --- End of inner exception stack trace ---
   at System.Net.Http.HttpConnection.SendAsync(HttpRequestMessage request, Boolean async, CancellationToken cancellationToken)
   at System.Net.Http.AuthenticationHelper.SendWithNtAuthAsync(HttpRequestMessage request, Uri authUri, Boolean async, ICredentials credentials, Boolean isProxyAuth, HttpConnection connection, HttpConnectionPool connectionPool, CancellationToken cancellationToken)
   at System.Net.Http.HttpConnectionPool.SendWithVersionDetectionAndRetryAsync(HttpRequestMessage request, Boolean async, Boolean doRequestAuth, CancellationToken cancellationToken)
   at System.Net.Http.AuthenticationHelper.SendWithAuthAsync(HttpRequestMessage request, Uri authUri, Boolean async, ICredentials credentials, Boolean preAuthenticate, Boolean isProxyAuth, Boolean doRequestAuth, HttpConnectionPool pool, CancellationToken cancellationToken)
   at System.Net.Http.RedirectHandler.SendAsync(HttpRequestMessage request, Boolean async, CancellationToken cancellationToken)
   at GitHub.Services.Common.RawHttpMessageHandler.SendAsync(HttpRequestMessage request, CancellationToken cancellationToken)
   at GitHub.Services.Common.VssHttpRetryMessageHandler.SendAsync(HttpRequestMessage request, CancellationToken cancellationToken)
   at System.Net.Http.HttpClient.<SendAsync>g__Core|83_0(HttpRequestMessage request, HttpCompletionOption completionOption, CancellationTokenSource cts, Boolean disposeCts, CancellationTokenSource pendingRequestsCts, CancellationToken originalCancellationToken)
   --- End of inner exception stack trace ---
   at System.Net.Http.HttpClient.HandleFailure(Exception e, Boolean telemetryStarted, HttpResponseMessage response, CancellationTokenSource cts, CancellationToken cancellationToken, CancellationTokenSource pendingRequestsCts)
   at System.Net.Http.HttpClient.<SendAsync>g__Core|83_0(HttpRequestMessage request, HttpCompletionOption completionOption, CancellationTokenSource cts, Boolean disposeCts, CancellationTokenSource pendingRequestsCts, CancellationToken originalCancellationToken)
   at Sdk.WebApi.WebApi.RawHttpClientBase.SendAsync(HttpRequestMessage message, HttpCompletionOption completionOption, Object userState, CancellationToken cancellationToken)
   at Sdk.WebApi.WebApi.RawHttpClientBase.SendAsync[T](HttpRequestMessage message, Boolean readErrorBody, Object userState, CancellationToken cancellationToken)
   at Sdk.WebApi.WebApi.RawHttpClientBase.SendAsync[T](HttpMethod method, IEnumerable`1 additionalHeaders, Uri requestUri, HttpContent content, IEnumerable`1 queryParameters, Boolean readErrorBody, Object userState, CancellationToken cancellationToken)
   at GitHub.Actions.RunService.WebApi.BrokerHttpClient.GetRunnerMessageAsync(Nullable`1 sessionId, String runnerVersion, Nullable`1 status, String os, String architecture, Nullable`1 disableUpdate, CancellationToken cancellationToken)
   at GitHub.Runner.Common.BrokerServer.<>c__DisplayClass7_0.<<GetRunnerMessageAsync>b__0>d.MoveNext()
--- End of stack trace from previous location ---
   at GitHub.Runner.Common.RunnerService.RetryRequest[T](Func`1 func, CancellationToken cancellationToken, Int32 maxAttempts, Func`2 shouldRetry)
[2026-09-25 10:51:52Z ERR  BrokerServer] #####################################################
[2026-09-25 10:51:52Z ERR  BrokerServer] System.Threading.Tasks.TaskCanceledException: The operation was canceled.
 ---> System.IO.IOException: Unable to read data from the transport connection: Der E/A-Vorgang wurde wegen eines Threadendes oder einer Anwendungsanforderung abgebrochen..
 ---> System.Net.Sockets.SocketException (995): Der E/A-Vorgang wurde wegen eines Threadendes oder einer Anwendungsanforderung abgebrochen.
   --- End of inner exception stack trace ---
   at System.Net.Sockets.Socket.AwaitableSocketAsyncEventArgs.System.Threading.Tasks.Sources.IValueTaskSource<System.Int32>.GetResult(Int16 token)
   at System.Net.Security.SslStream.EnsureFullTlsFrameAsync[TIOAdapter](CancellationToken cancellationToken, Int32 estimatedSize)
   at System.Runtime.CompilerServices.PoolingAsyncValueTaskMethodBuilder`1.StateMachineBox`1.System.Threading.Tasks.Sources.IValueTaskSource<TResult>.GetResult(Int16 token)
   at System.Net.Security.SslStream.ReadAsyncInternal[TIOAdapter](Memory`1 buffer, CancellationToken cancellationToken)
   at System.Runtime.CompilerServices.PoolingAsyncValueTaskMethodBuilder`1.StateMachineBox`1.System.Threading.Tasks.Sources.IValueTaskSource<TResult>.GetResult(Int16 token)
   at System.Net.Http.HttpConnection.SendAsync(HttpRequestMessage request, Boolean async, CancellationToken cancellationToken)
   --- End of inner exception stack trace ---
   at System.Net.Http.HttpConnection.SendAsync(HttpRequestMessage request, Boolean async, CancellationToken cancellationToken)
   at System.Net.Http.AuthenticationHelper.SendWithNtAuthAsync(HttpRequestMessage request, Uri authUri, Boolean async, ICredentials credentials, Boolean isProxyAuth, HttpConnection connection, HttpConnectionPool connectionPool, CancellationToken cancellationToken)
   at System.Net.Http.HttpConnectionPool.SendWithVersionDetectionAndRetryAsync(HttpRequestMessage request, Boolean async, Boolean doRequestAuth, CancellationToken cancellationToken)
   at System.Net.Http.AuthenticationHelper.SendWithAuthAsync(HttpRequestMessage request, Uri authUri, Boolean async, ICredentials credentials, Boolean preAuthenticate, Boolean isProxyAuth, Boolean doRequestAuth, HttpConnectionPool pool, CancellationToken cancellationToken)
   at System.Net.Http.RedirectHandler.SendAsync(HttpRequestMessage request, Boolean async, CancellationToken cancellationToken)
   at GitHub.Services.Common.RawHttpMessageHandler.SendAsync(HttpRequestMessage request, CancellationToken cancellationToken)
   at GitHub.Services.Common.VssHttpRetryMessageHandler.SendAsync(HttpRequestMessage request, CancellationToken cancellationToken)
   at System.Net.Http.HttpClient.<SendAsync>g__Core|83_0(HttpRequestMessage request, HttpCompletionOption completionOption, CancellationTokenSource cts, Boolean disposeCts, CancellationTokenSource pendingRequestsCts, CancellationToken originalCancellationToken)
[2026-09-25 10:51:52Z ERR  BrokerServer] #####################################################
[2026-09-25 10:51:52Z ERR  BrokerServer] System.IO.IOException: Unable to read data from the transport connection: Der E/A-Vorgang wurde wegen eines Threadendes oder einer Anwendungsanforderung abgebrochen..
 ---> System.Net.Sockets.SocketException (995): Der E/A-Vorgang wurde wegen eines Threadendes oder einer Anwendungsanforderung abgebrochen.
   --- End of inner exception stack trace ---
   at System.Net.Sockets.Socket.AwaitableSocketAsyncEventArgs.System.Threading.Tasks.Sources.IValueTaskSource<System.Int32>.GetResult(Int16 token)
   at System.Net.Security.SslStream.EnsureFullTlsFrameAsync[TIOAdapter](CancellationToken cancellationToken, Int32 estimatedSize)
   at System.Runtime.CompilerServices.PoolingAsyncValueTaskMethodBuilder`1.StateMachineBox`1.System.Threading.Tasks.Sources.IValueTaskSource<TResult>.GetResult(Int16 token)
   at System.Net.Security.SslStream.ReadAsyncInternal[TIOAdapter](Memory`1 buffer, CancellationToken cancellationToken)
   at System.Runtime.CompilerServices.PoolingAsyncValueTaskMethodBuilder`1.StateMachineBox`1.System.Threading.Tasks.Sources.IValueTaskSource<TResult>.GetResult(Int16 token)
   at System.Net.Http.HttpConnection.SendAsync(HttpRequestMessage request, Boolean async, CancellationToken cancellationToken)
[2026-09-25 10:51:52Z ERR  BrokerServer] #####################################################
[2026-09-25 10:51:52Z ERR  BrokerServer] System.Net.Sockets.SocketException (995): Der E/A-Vorgang wurde wegen eines Threadendes oder einer Anwendungsanforderung abgebrochen.
[2026-09-25 10:51:52Z WARN BrokerServer] Back off 7,879 seconds before next retry. 4 attempt left.
[2026-09-25 10:51:52Z INFO BrokerMessageListener] Get messages has been cancelled using local token source. Continue to get messages with new status.
[2026-09-25 10:59:56Z INFO BrokerMessageListener] Acknowledging runner request '15ed3087-a7d0-5a73-9fbc-e3f378bcd55b'.
[2026-09-25 10:59:56Z INFO ConfigurationStore] HasCredentials()
[2026-09-25 10:59:56Z INFO ConfigurationStore] stored True
[2026-09-25 10:59:56Z INFO CredentialManager] GetCredentialProvider
[2026-09-25 10:59:56Z INFO CredentialManager] Creating type OAuth
[2026-09-25 10:59:56Z INFO CredentialManager] Creating credential type: OAuth
[2026-09-25 10:59:56Z INFO RSAEncryptedFileKeyManager] Loading RSA key parameters from file C:\Users\mcrngv0\test-write-api\test-write-api\actions-runner\.credentials_rsaparams
[2026-09-25 10:59:56Z INFO RSAEncryptedFileKeyManager] Loading RSA key parameters from file C:\Users\mcrngv0\test-write-api\test-write-api\actions-runner\.credentials_rsaparams
[2026-09-25 10:59:56Z INFO RSAEncryptedFileKeyManager] Loading RSA key parameters from file C:\Users\mcrngv0\test-write-api\test-write-api\actions-runner\.credentials_rsaparams
[2026-09-25 10:59:56Z INFO GitHubActionsService] AAD Correlation ID for this token request: Unknown
[2026-09-25 10:59:57Z INFO JobDispatcher] Job request 0 for plan f42414df-c941-4655-8d72-74f8cd6919ed job 15ed3087-a7d0-5a73-9fbc-e3f378bcd55b received.
[2026-09-25 10:59:57Z INFO JobDispatcher] Pull OrchestrationId f42414df-c941-4655-8d72-74f8cd6919ed.build-and-push.__default from JWT claims
[2026-09-25 10:59:57Z INFO BrokerMessageListener] Received job status event. JobState: Busy
[2026-09-25 10:59:57Z INFO BrokerMessageListener] _getMessagesTokenSource is already disposed.
[2026-09-25 10:59:57Z INFO JobDispatcher] Job request 69ddcbce-6f60-5cae-a64a-66b62883ad6b processed succeed.
[2026-09-25 10:59:57Z INFO Terminal] WRITE LINE: 2026-09-25 10:59:57Z: Running job: build-and-push
[2026-09-25 10:59:57Z INFO JobDispatcher] Start renew job request 0 for job 15ed3087-a7d0-5a73-9fbc-e3f378bcd55b.
[2026-09-25 10:59:58Z INFO JobDispatcher] Successfully renew job 15ed3087-a7d0-5a73-9fbc-e3f378bcd55b, job is valid till 25.09.2026 11:09:58
[2026-09-25 10:59:58Z INFO HostContext] Well known directory 'Bin': 'C:\Users\mcrngv0\test-write-api\test-write-api\actions-runner\bin'
[2026-09-25 10:59:58Z INFO ProcessInvokerWrapper] Starting process:
[2026-09-25 10:59:58Z INFO ProcessInvokerWrapper]   File name: 'C:\Users\mcrngv0\test-write-api\test-write-api\actions-runner\bin\Runner.Worker.exe'
[2026-09-25 10:59:58Z INFO ProcessInvokerWrapper]   Arguments: 'spawnclient 2144 2092'
[2026-09-25 10:59:58Z INFO ProcessInvokerWrapper]   Working directory: 'C:\Users\mcrngv0\test-write-api\test-write-api\actions-runner\bin'
[2026-09-25 10:59:58Z INFO ProcessInvokerWrapper]   Require exit code zero: 'False'
[2026-09-25 10:59:58Z INFO ProcessInvokerWrapper]   Encoding web name:  ; code page: ''
[2026-09-25 10:59:58Z INFO ProcessInvokerWrapper]   Force kill process on cancellation: 'True'
[2026-09-25 10:59:58Z INFO ProcessInvokerWrapper]   Redirected STDIN: 'False'
[2026-09-25 10:59:58Z INFO ProcessInvokerWrapper]   Persist current code page: 'False'
[2026-09-25 10:59:58Z INFO ProcessInvokerWrapper]   Keep redirected STDIN open: 'False'
[2026-09-25 10:59:58Z INFO ProcessInvokerWrapper]   High priority process: 'True'
[2026-09-25 10:59:58Z INFO ProcessInvokerWrapper] Process started with process id 25996, waiting for process exit.
[2026-09-25 10:59:58Z INFO JobDispatcher] Send job request message to worker for job 15ed3087-a7d0-5a73-9fbc-e3f378bcd55b.
[2026-09-25 10:59:58Z INFO ProcessChannel] Sending message of length 24854, with hash '21fb055d840acb8afc038346554c0d5645ae2bf9a1429c527160a3ecf8c76825'
[2026-09-25 10:59:58Z INFO JobNotification] Entering JobStarted Notification
[2026-09-25 10:59:58Z INFO JobNotification] Entering StartMonitor
[2026-09-25 11:00:52Z INFO ProcessInvokerWrapper] STDOUT/STDERR stream read finished.
[2026-09-25 11:00:52Z INFO ProcessInvokerWrapper] STDOUT/STDERR stream read finished.
[2026-09-25 11:00:52Z INFO ProcessInvokerWrapper] Finished process 25996 with exit code 100, and elapsed time 00:00:54.4501316.
[2026-09-25 11:00:52Z INFO JobDispatcher] Worker finished for job 15ed3087-a7d0-5a73-9fbc-e3f378bcd55b. Code: 100
[2026-09-25 11:00:52Z INFO JobDispatcher] finish job request for job 15ed3087-a7d0-5a73-9fbc-e3f378bcd55b with result: Succeeded
[2026-09-25 11:00:52Z INFO Terminal] WRITE LINE: 2026-09-25 11:00:52Z: Job build-and-push completed with result: Succeeded
[2026-09-25 11:00:52Z INFO JobDispatcher] Stop renew job request for job 15ed3087-a7d0-5a73-9fbc-e3f378bcd55b.
[2026-09-25 11:00:52Z INFO JobDispatcher] job renew has been cancelled, stop renew job 15ed3087-a7d0-5a73-9fbc-e3f378bcd55b.
[2026-09-25 11:00:52Z INFO JobNotification] Entering JobCompleted Notification
[2026-09-25 11:00:52Z INFO JobNotification] Entering EndMonitor
[2026-09-25 11:00:52Z INFO BrokerMessageListener] Received job status event. JobState: Online
[2026-09-25 11:00:52Z WARN GitHubActionsService] GET request to https://broker.actions.githubusercontent.com/message?sessionId=d824ca3c-9294-4948-a4e4-c0333f685e19&status=Busy&runnerVersion=2.337.0&os=Windows&architecture=X64&disableUpdate=false has been cancelled.
[2026-09-25 11:00:52Z ERR  BrokerServer] Catch exception during request
[2026-09-25 11:00:52Z ERR  BrokerServer] System.Threading.Tasks.TaskCanceledException: The operation was canceled.
 ---> System.Threading.Tasks.TaskCanceledException: The operation was canceled.
 ---> System.IO.IOException: Unable to read data from the transport connection: Der E/A-Vorgang wurde wegen eines Threadendes oder einer Anwendungsanforderung abgebrochen..
 ---> System.Net.Sockets.SocketException (995): Der E/A-Vorgang wurde wegen eines Threadendes oder einer Anwendungsanforderung abgebrochen.
   --- End of inner exception stack trace ---
   at System.Net.Sockets.Socket.AwaitableSocketAsyncEventArgs.System.Threading.Tasks.Sources.IValueTaskSource<System.Int32>.GetResult(Int16 token)
   at System.Net.Security.SslStream.EnsureFullTlsFrameAsync[TIOAdapter](CancellationToken cancellationToken, Int32 estimatedSize)
   at System.Runtime.CompilerServices.PoolingAsyncValueTaskMethodBuilder`1.StateMachineBox`1.System.Threading.Tasks.Sources.IValueTaskSource<TResult>.GetResult(Int16 token)
   at System.Net.Security.SslStream.ReadAsyncInternal[TIOAdapter](Memory`1 buffer, CancellationToken cancellationToken)
   at System.Runtime.CompilerServices.PoolingAsyncValueTaskMethodBuilder`1.StateMachineBox`1.System.Threading.Tasks.Sources.IValueTaskSource<TResult>.GetResult(Int16 token)
   at System.Net.Http.HttpConnection.SendAsync(HttpRequestMessage request, Boolean async, CancellationToken cancellationToken)
   --- End of inner exception stack trace ---
   at System.Net.Http.HttpConnection.SendAsync(HttpRequestMessage request, Boolean async, CancellationToken cancellationToken)
   at System.Net.Http.AuthenticationHelper.SendWithNtAuthAsync(HttpRequestMessage request, Uri authUri, Boolean async, ICredentials credentials, Boolean isProxyAuth, HttpConnection connection, HttpConnectionPool connectionPool, CancellationToken cancellationToken)
   at System.Net.Http.HttpConnectionPool.SendWithVersionDetectionAndRetryAsync(HttpRequestMessage request, Boolean async, Boolean doRequestAuth, CancellationToken cancellationToken)
   at System.Net.Http.AuthenticationHelper.SendWithAuthAsync(HttpRequestMessage request, Uri authUri, Boolean async, ICredentials credentials, Boolean preAuthenticate, Boolean isProxyAuth, Boolean doRequestAuth, HttpConnectionPool pool, CancellationToken cancellationToken)
   at System.Net.Http.RedirectHandler.SendAsync(HttpRequestMessage request, Boolean async, CancellationToken cancellationToken)
   at GitHub.Services.Common.RawHttpMessageHandler.SendAsync(HttpRequestMessage request, CancellationToken cancellationToken)
   at GitHub.Services.Common.VssHttpRetryMessageHandler.SendAsync(HttpRequestMessage request, CancellationToken cancellationToken)
   at System.Net.Http.HttpClient.<SendAsync>g__Core|83_0(HttpRequestMessage request, HttpCompletionOption completionOption, CancellationTokenSource cts, Boolean disposeCts, CancellationTokenSource pendingRequestsCts, CancellationToken originalCancellationToken)
   --- End of inner exception stack trace ---
   at System.Net.Http.HttpClient.HandleFailure(Exception e, Boolean telemetryStarted, HttpResponseMessage response, CancellationTokenSource cts, CancellationToken cancellationToken, CancellationTokenSource pendingRequestsCts)
   at System.Net.Http.HttpClient.<SendAsync>g__Core|83_0(HttpRequestMessage request, HttpCompletionOption completionOption, CancellationTokenSource cts, Boolean disposeCts, CancellationTokenSource pendingRequestsCts, CancellationToken originalCancellationToken)
   at Sdk.WebApi.WebApi.RawHttpClientBase.SendAsync(HttpRequestMessage message, HttpCompletionOption completionOption, Object userState, CancellationToken cancellationToken)
   at Sdk.WebApi.WebApi.RawHttpClientBase.SendAsync[T](HttpRequestMessage message, Boolean readErrorBody, Object userState, CancellationToken cancellationToken)
   at Sdk.WebApi.WebApi.RawHttpClientBase.SendAsync[T](HttpMethod method, IEnumerable`1 additionalHeaders, Uri requestUri, HttpContent content, IEnumerable`1 queryParameters, Boolean readErrorBody, Object userState, CancellationToken cancellationToken)
   at GitHub.Actions.RunService.WebApi.BrokerHttpClient.GetRunnerMessageAsync(Nullable`1 sessionId, String runnerVersion, Nullable`1 status, String os, String architecture, Nullable`1 disableUpdate, CancellationToken cancellationToken)
   at GitHub.Runner.Common.BrokerServer.<>c__DisplayClass7_0.<<GetRunnerMessageAsync>b__0>d.MoveNext()
--- End of stack trace from previous location ---
   at GitHub.Runner.Common.RunnerService.RetryRequest[T](Func`1 func, CancellationToken cancellationToken, Int32 maxAttempts, Func`2 shouldRetry)
[2026-09-25 11:00:52Z ERR  BrokerServer] #####################################################
[2026-09-25 11:00:52Z ERR  BrokerServer] System.Threading.Tasks.TaskCanceledException: The operation was canceled.
 ---> System.IO.IOException: Unable to read data from the transport connection: Der E/A-Vorgang wurde wegen eines Threadendes oder einer Anwendungsanforderung abgebrochen..
 ---> System.Net.Sockets.SocketException (995): Der E/A-Vorgang wurde wegen eines Threadendes oder einer Anwendungsanforderung abgebrochen.
   --- End of inner exception stack trace ---
   at System.Net.Sockets.Socket.AwaitableSocketAsyncEventArgs.System.Threading.Tasks.Sources.IValueTaskSource<System.Int32>.GetResult(Int16 token)
   at System.Net.Security.SslStream.EnsureFullTlsFrameAsync[TIOAdapter](CancellationToken cancellationToken, Int32 estimatedSize)
   at System.Runtime.CompilerServices.PoolingAsyncValueTaskMethodBuilder`1.StateMachineBox`1.System.Threading.Tasks.Sources.IValueTaskSource<TResult>.GetResult(Int16 token)
   at System.Net.Security.SslStream.ReadAsyncInternal[TIOAdapter](Memory`1 buffer, CancellationToken cancellationToken)
   at System.Runtime.CompilerServices.PoolingAsyncValueTaskMethodBuilder`1.StateMachineBox`1.System.Threading.Tasks.Sources.IValueTaskSource<TResult>.GetResult(Int16 token)
   at System.Net.Http.HttpConnection.SendAsync(HttpRequestMessage request, Boolean async, CancellationToken cancellationToken)
   --- End of inner exception stack trace ---
   at System.Net.Http.HttpConnection.SendAsync(HttpRequestMessage request, Boolean async, CancellationToken cancellationToken)
   at System.Net.Http.AuthenticationHelper.SendWithNtAuthAsync(HttpRequestMessage request, Uri authUri, Boolean async, ICredentials credentials, Boolean isProxyAuth, HttpConnection connection, HttpConnectionPool connectionPool, CancellationToken cancellationToken)
   at System.Net.Http.HttpConnectionPool.SendWithVersionDetectionAndRetryAsync(HttpRequestMessage request, Boolean async, Boolean doRequestAuth, CancellationToken cancellationToken)
   at System.Net.Http.AuthenticationHelper.SendWithAuthAsync(HttpRequestMessage request, Uri authUri, Boolean async, ICredentials credentials, Boolean preAuthenticate, Boolean isProxyAuth, Boolean doRequestAuth, HttpConnectionPool pool, CancellationToken cancellationToken)
   at System.Net.Http.RedirectHandler.SendAsync(HttpRequestMessage request, Boolean async, CancellationToken cancellationToken)
   at GitHub.Services.Common.RawHttpMessageHandler.SendAsync(HttpRequestMessage request, CancellationToken cancellationToken)
   at GitHub.Services.Common.VssHttpRetryMessageHandler.SendAsync(HttpRequestMessage request, CancellationToken cancellationToken)
   at System.Net.Http.HttpClient.<SendAsync>g__Core|83_0(HttpRequestMessage request, HttpCompletionOption completionOption, CancellationTokenSource cts, Boolean disposeCts, CancellationTokenSource pendingRequestsCts, CancellationToken originalCancellationToken)
[2026-09-25 11:00:52Z ERR  BrokerServer] #####################################################
[2026-09-25 11:00:52Z ERR  BrokerServer] System.IO.IOException: Unable to read data from the transport connection: Der E/A-Vorgang wurde wegen eines Threadendes oder einer Anwendungsanforderung abgebrochen..
 ---> System.Net.Sockets.SocketException (995): Der E/A-Vorgang wurde wegen eines Threadendes oder einer Anwendungsanforderung abgebrochen.
   --- End of inner exception stack trace ---
   at System.Net.Sockets.Socket.AwaitableSocketAsyncEventArgs.System.Threading.Tasks.Sources.IValueTaskSource<System.Int32>.GetResult(Int16 token)
   at System.Net.Security.SslStream.EnsureFullTlsFrameAsync[TIOAdapter](CancellationToken cancellationToken, Int32 estimatedSize)
   at System.Runtime.CompilerServices.PoolingAsyncValueTaskMethodBuilder`1.StateMachineBox`1.System.Threading.Tasks.Sources.IValueTaskSource<TResult>.GetResult(Int16 token)
   at System.Net.Security.SslStream.ReadAsyncInternal[TIOAdapter](Memory`1 buffer, CancellationToken cancellationToken)
   at System.Runtime.CompilerServices.PoolingAsyncValueTaskMethodBuilder`1.StateMachineBox`1.System.Threading.Tasks.Sources.IValueTaskSource<TResult>.GetResult(Int16 token)
   at System.Net.Http.HttpConnection.SendAsync(HttpRequestMessage request, Boolean async, CancellationToken cancellationToken)
[2026-09-25 11:00:52Z ERR  BrokerServer] #####################################################
[2026-09-25 11:00:52Z ERR  BrokerServer] System.Net.Sockets.SocketException (995): Der E/A-Vorgang wurde wegen eines Threadendes oder einer Anwendungsanforderung abgebrochen.
[2026-09-25 11:00:52Z WARN BrokerServer] Back off 7,231 seconds before next retry. 4 attempt left.
[2026-09-25 11:00:52Z INFO BrokerMessageListener] Get messages has been cancelled using local token source. Continue to get messages with new status.
[2026-09-25 11:00:53Z INFO BrokerMessageListener] Acknowledging runner request 'e0ef5480-c3dc-53d8-ba15-628bd3ea1f4e'.
[2026-09-25 11:00:53Z INFO ConfigurationStore] HasCredentials()
[2026-09-25 11:00:53Z INFO ConfigurationStore] stored True
[2026-09-25 11:00:53Z INFO CredentialManager] GetCredentialProvider
[2026-09-25 11:00:53Z INFO CredentialManager] Creating type OAuth
[2026-09-25 11:00:53Z INFO CredentialManager] Creating credential type: OAuth
[2026-09-25 11:00:53Z INFO RSAEncryptedFileKeyManager] Loading RSA key parameters from file C:\Users\mcrngv0\test-write-api\test-write-api\actions-runner\.credentials_rsaparams
[2026-09-25 11:00:53Z INFO RSAEncryptedFileKeyManager] Loading RSA key parameters from file C:\Users\mcrngv0\test-write-api\test-write-api\actions-runner\.credentials_rsaparams
[2026-09-25 11:00:53Z INFO RSAEncryptedFileKeyManager] Loading RSA key parameters from file C:\Users\mcrngv0\test-write-api\test-write-api\actions-runner\.credentials_rsaparams
[2026-09-25 11:00:53Z INFO GitHubActionsService] AAD Correlation ID for this token request: Unknown
[2026-09-25 11:00:55Z INFO JobDispatcher] Job request 0 for plan 0bef929d-c083-4948-b21c-3cde324f103d job e0ef5480-c3dc-53d8-ba15-628bd3ea1f4e received.
[2026-09-25 11:00:55Z INFO JobDispatcher] Pull OrchestrationId 0bef929d-c083-4948-b21c-3cde324f103d.docs.build.__default from JWT claims
[2026-09-25 11:00:55Z INFO BrokerMessageListener] Received job status event. JobState: Busy
[2026-09-25 11:00:55Z INFO BrokerMessageListener] _getMessagesTokenSource is already disposed.
[2026-09-25 11:00:55Z INFO JobDispatcher] Job request 15ed3087-a7d0-5a73-9fbc-e3f378bcd55b processed succeed.
[2026-09-25 11:00:55Z INFO Terminal] WRITE LINE: 2026-09-25 11:00:55Z: Running job: docs / build
[2026-09-25 11:00:55Z INFO JobDispatcher] Start renew job request 0 for job e0ef5480-c3dc-53d8-ba15-628bd3ea1f4e.
[2026-09-25 11:00:55Z INFO JobDispatcher] Successfully renew job e0ef5480-c3dc-53d8-ba15-628bd3ea1f4e, job is valid till 25.09.2026 11:10:55
[2026-09-25 11:00:55Z INFO HostContext] Well known directory 'Bin': 'C:\Users\mcrngv0\test-write-api\test-write-api\actions-runner\bin'
[2026-09-25 11:00:55Z INFO ProcessInvokerWrapper] Starting process:
[2026-09-25 11:00:55Z INFO ProcessInvokerWrapper]   File name: 'C:\Users\mcrngv0\test-write-api\test-write-api\actions-runner\bin\Runner.Worker.exe'
[2026-09-25 11:00:55Z INFO ProcessInvokerWrapper]   Arguments: 'spawnclient 2420 1496'
[2026-09-25 11:00:55Z INFO ProcessInvokerWrapper]   Working directory: 'C:\Users\mcrngv0\test-write-api\test-write-api\actions-runner\bin'
[2026-09-25 11:00:55Z INFO ProcessInvokerWrapper]   Require exit code zero: 'False'
[2026-09-25 11:00:55Z INFO ProcessInvokerWrapper]   Encoding web name:  ; code page: ''
[2026-09-25 11:00:55Z INFO ProcessInvokerWrapper]   Force kill process on cancellation: 'True'
[2026-09-25 11:00:55Z INFO ProcessInvokerWrapper]   Redirected STDIN: 'False'
[2026-09-25 11:00:55Z INFO ProcessInvokerWrapper]   Persist current code page: 'False'
[2026-09-25 11:00:55Z INFO ProcessInvokerWrapper]   Keep redirected STDIN open: 'False'
[2026-09-25 11:00:55Z INFO ProcessInvokerWrapper]   High priority process: 'True'
[2026-09-25 11:00:55Z INFO ProcessInvokerWrapper] Process started with process id 10060, waiting for process exit.
[2026-09-25 11:00:55Z INFO JobDispatcher] Send job request message to worker for job e0ef5480-c3dc-53d8-ba15-628bd3ea1f4e.
[2026-09-25 11:00:55Z INFO ProcessChannel] Sending message of length 25170, with hash '6527daf03ae9e2ae3eea2692662862df137874f2532b550762927def86131ab8'
[2026-09-25 11:00:58Z INFO JobNotification] Entering JobStarted Notification
[2026-09-25 11:00:58Z INFO JobNotification] Entering StartMonitor
[2026-09-25 11:01:56Z INFO JobDispatcher] Successfully renew job e0ef5480-c3dc-53d8-ba15-628bd3ea1f4e, job is valid till 25.09.2026 11:11:56
[2026-09-25 11:02:47Z INFO ProcessInvokerWrapper] STDOUT/STDERR stream read finished.
[2026-09-25 11:02:47Z INFO ProcessInvokerWrapper] STDOUT/STDERR stream read finished.
[2026-09-25 11:02:47Z INFO ProcessInvokerWrapper] Finished process 10060 with exit code 102, and elapsed time 00:01:51.5990854.
[2026-09-25 11:02:47Z INFO JobDispatcher] Worker finished for job e0ef5480-c3dc-53d8-ba15-628bd3ea1f4e. Code: 102
[2026-09-25 11:02:47Z INFO JobDispatcher] finish job request for job e0ef5480-c3dc-53d8-ba15-628bd3ea1f4e with result: Failed
[2026-09-25 11:02:47Z INFO Terminal] WRITE LINE: 2026-09-25 11:02:47Z: Job docs / build completed with result: Failed
[2026-09-25 11:02:47Z INFO JobDispatcher] Stop renew job request for job e0ef5480-c3dc-53d8-ba15-628bd3ea1f4e.
[2026-09-25 11:02:47Z INFO JobDispatcher] job renew has been cancelled, stop renew job e0ef5480-c3dc-53d8-ba15-628bd3ea1f4e.
[2026-09-25 11:02:47Z INFO JobNotification] Entering JobCompleted Notification
[2026-09-25 11:02:47Z INFO JobNotification] Entering EndMonitor
[2026-09-25 11:02:47Z INFO BrokerMessageListener] Received job status event. JobState: Online
[2026-09-25 11:02:47Z WARN GitHubActionsService] GET request to https://broker.actions.githubusercontent.com/message?sessionId=d824ca3c-9294-4948-a4e4-c0333f685e19&status=Busy&runnerVersion=2.337.0&os=Windows&architecture=X64&disableUpdate=false has been cancelled.
[2026-09-25 11:02:47Z ERR  BrokerServer] Catch exception during request
[2026-09-25 11:02:47Z ERR  BrokerServer] System.Threading.Tasks.TaskCanceledException: The operation was canceled.
 ---> System.Threading.Tasks.TaskCanceledException: The operation was canceled.
 ---> System.IO.IOException: Unable to read data from the transport connection: Der E/A-Vorgang wurde wegen eines Threadendes oder einer Anwendungsanforderung abgebrochen..
 ---> System.Net.Sockets.SocketException (995): Der E/A-Vorgang wurde wegen eines Threadendes oder einer Anwendungsanforderung abgebrochen.
   --- End of inner exception stack trace ---
   at System.Net.Sockets.Socket.AwaitableSocketAsyncEventArgs.System.Threading.Tasks.Sources.IValueTaskSource<System.Int32>.GetResult(Int16 token)
   at System.Net.Security.SslStream.EnsureFullTlsFrameAsync[TIOAdapter](CancellationToken cancellationToken, Int32 estimatedSize)
   at System.Runtime.CompilerServices.PoolingAsyncValueTaskMethodBuilder`1.StateMachineBox`1.System.Threading.Tasks.Sources.IValueTaskSource<TResult>.GetResult(Int16 token)
   at System.Net.Security.SslStream.ReadAsyncInternal[TIOAdapter](Memory`1 buffer, CancellationToken cancellationToken)
   at System.Runtime.CompilerServices.PoolingAsyncValueTaskMethodBuilder`1.StateMachineBox`1.System.Threading.Tasks.Sources.IValueTaskSource<TResult>.GetResult(Int16 token)
   at System.Net.Http.HttpConnection.SendAsync(HttpRequestMessage request, Boolean async, CancellationToken cancellationToken)
   --- End of inner exception stack trace ---
   at System.Net.Http.HttpConnection.SendAsync(HttpRequestMessage request, Boolean async, CancellationToken cancellationToken)
   at System.Net.Http.AuthenticationHelper.SendWithNtAuthAsync(HttpRequestMessage request, Uri authUri, Boolean async, ICredentials credentials, Boolean isProxyAuth, HttpConnection connection, HttpConnectionPool connectionPool, CancellationToken cancellationToken)
   at System.Net.Http.HttpConnectionPool.SendWithVersionDetectionAndRetryAsync(HttpRequestMessage request, Boolean async, Boolean doRequestAuth, CancellationToken cancellationToken)
   at System.Net.Http.AuthenticationHelper.SendWithAuthAsync(HttpRequestMessage request, Uri authUri, Boolean async, ICredentials credentials, Boolean preAuthenticate, Boolean isProxyAuth, Boolean doRequestAuth, HttpConnectionPool pool, CancellationToken cancellationToken)
   at System.Net.Http.RedirectHandler.SendAsync(HttpRequestMessage request, Boolean async, CancellationToken cancellationToken)
   at GitHub.Services.Common.RawHttpMessageHandler.SendAsync(HttpRequestMessage request, CancellationToken cancellationToken)
   at GitHub.Services.Common.VssHttpRetryMessageHandler.SendAsync(HttpRequestMessage request, CancellationToken cancellationToken)
   at System.Net.Http.HttpClient.<SendAsync>g__Core|83_0(HttpRequestMessage request, HttpCompletionOption completionOption, CancellationTokenSource cts, Boolean disposeCts, CancellationTokenSource pendingRequestsCts, CancellationToken originalCancellationToken)
   --- End of inner exception stack trace ---
   at System.Net.Http.HttpClient.HandleFailure(Exception e, Boolean telemetryStarted, HttpResponseMessage response, CancellationTokenSource cts, CancellationToken cancellationToken, CancellationTokenSource pendingRequestsCts)
   at System.Net.Http.HttpClient.<SendAsync>g__Core|83_0(HttpRequestMessage request, HttpCompletionOption completionOption, CancellationTokenSource cts, Boolean disposeCts, CancellationTokenSource pendingRequestsCts, CancellationToken originalCancellationToken)
   at Sdk.WebApi.WebApi.RawHttpClientBase.SendAsync(HttpRequestMessage message, HttpCompletionOption completionOption, Object userState, CancellationToken cancellationToken)
   at Sdk.WebApi.WebApi.RawHttpClientBase.SendAsync[T](HttpRequestMessage message, Boolean readErrorBody, Object userState, CancellationToken cancellationToken)
   at Sdk.WebApi.WebApi.RawHttpClientBase.SendAsync[T](HttpMethod method, IEnumerable`1 additionalHeaders, Uri requestUri, HttpContent content, IEnumerable`1 queryParameters, Boolean readErrorBody, Object userState, CancellationToken cancellationToken)
   at GitHub.Actions.RunService.WebApi.BrokerHttpClient.GetRunnerMessageAsync(Nullable`1 sessionId, String runnerVersion, Nullable`1 status, String os, String architecture, Nullable`1 disableUpdate, CancellationToken cancellationToken)
   at GitHub.Runner.Common.BrokerServer.<>c__DisplayClass7_0.<<GetRunnerMessageAsync>b__0>d.MoveNext()
--- End of stack trace from previous location ---
   at GitHub.Runner.Common.RunnerService.RetryRequest[T](Func`1 func, CancellationToken cancellationToken, Int32 maxAttempts, Func`2 shouldRetry)
[2026-09-25 11:02:47Z ERR  BrokerServer] #####################################################
[2026-09-25 11:02:47Z ERR  BrokerServer] System.Threading.Tasks.TaskCanceledException: The operation was canceled.
 ---> System.IO.IOException: Unable to read data from the transport connection: Der E/A-Vorgang wurde wegen eines Threadendes oder einer Anwendungsanforderung abgebrochen..
 ---> System.Net.Sockets.SocketException (995): Der E/A-Vorgang wurde wegen eines Threadendes oder einer Anwendungsanforderung abgebrochen.
   --- End of inner exception stack trace ---
   at System.Net.Sockets.Socket.AwaitableSocketAsyncEventArgs.System.Threading.Tasks.Sources.IValueTaskSource<System.Int32>.GetResult(Int16 token)
   at System.Net.Security.SslStream.EnsureFullTlsFrameAsync[TIOAdapter](CancellationToken cancellationToken, Int32 estimatedSize)
   at System.Runtime.CompilerServices.PoolingAsyncValueTaskMethodBuilder`1.StateMachineBox`1.System.Threading.Tasks.Sources.IValueTaskSource<TResult>.GetResult(Int16 token)
   at System.Net.Security.SslStream.ReadAsyncInternal[TIOAdapter](Memory`1 buffer, CancellationToken cancellationToken)
   at System.Runtime.CompilerServices.PoolingAsyncValueTaskMethodBuilder`1.StateMachineBox`1.System.Threading.Tasks.Sources.IValueTaskSource<TResult>.GetResult(Int16 token)
   at System.Net.Http.HttpConnection.SendAsync(HttpRequestMessage request, Boolean async, CancellationToken cancellationToken)
   --- End of inner exception stack trace ---
   at System.Net.Http.HttpConnection.SendAsync(HttpRequestMessage request, Boolean async, CancellationToken cancellationToken)
   at System.Net.Http.AuthenticationHelper.SendWithNtAuthAsync(HttpRequestMessage request, Uri authUri, Boolean async, ICredentials credentials, Boolean isProxyAuth, HttpConnection connection, HttpConnectionPool connectionPool, CancellationToken cancellationToken)
   at System.Net.Http.HttpConnectionPool.SendWithVersionDetectionAndRetryAsync(HttpRequestMessage request, Boolean async, Boolean doRequestAuth, CancellationToken cancellationToken)
   at System.Net.Http.AuthenticationHelper.SendWithAuthAsync(HttpRequestMessage request, Uri authUri, Boolean async, ICredentials credentials, Boolean preAuthenticate, Boolean isProxyAuth, Boolean doRequestAuth, HttpConnectionPool pool, CancellationToken cancellationToken)
   at System.Net.Http.RedirectHandler.SendAsync(HttpRequestMessage request, Boolean async, CancellationToken cancellationToken)
   at GitHub.Services.Common.RawHttpMessageHandler.SendAsync(HttpRequestMessage request, CancellationToken cancellationToken)
   at GitHub.Services.Common.VssHttpRetryMessageHandler.SendAsync(HttpRequestMessage request, CancellationToken cancellationToken)
   at System.Net.Http.HttpClient.<SendAsync>g__Core|83_0(HttpRequestMessage request, HttpCompletionOption completionOption, CancellationTokenSource cts, Boolean disposeCts, CancellationTokenSource pendingRequestsCts, CancellationToken originalCancellationToken)
[2026-09-25 11:02:47Z ERR  BrokerServer] #####################################################
[2026-09-25 11:02:47Z ERR  BrokerServer] System.IO.IOException: Unable to read data from the transport connection: Der E/A-Vorgang wurde wegen eines Threadendes oder einer Anwendungsanforderung abgebrochen..
 ---> System.Net.Sockets.SocketException (995): Der E/A-Vorgang wurde wegen eines Threadendes oder einer Anwendungsanforderung abgebrochen.
   --- End of inner exception stack trace ---
   at System.Net.Sockets.Socket.AwaitableSocketAsyncEventArgs.System.Threading.Tasks.Sources.IValueTaskSource<System.Int32>.GetResult(Int16 token)
   at System.Net.Security.SslStream.EnsureFullTlsFrameAsync[TIOAdapter](CancellationToken cancellationToken, Int32 estimatedSize)
   at System.Runtime.CompilerServices.PoolingAsyncValueTaskMethodBuilder`1.StateMachineBox`1.System.Threading.Tasks.Sources.IValueTaskSource<TResult>.GetResult(Int16 token)
   at System.Net.Security.SslStream.ReadAsyncInternal[TIOAdapter](Memory`1 buffer, CancellationToken cancellationToken)
   at System.Runtime.CompilerServices.PoolingAsyncValueTaskMethodBuilder`1.StateMachineBox`1.System.Threading.Tasks.Sources.IValueTaskSource<TResult>.GetResult(Int16 token)
   at System.Net.Http.HttpConnection.SendAsync(HttpRequestMessage request, Boolean async, CancellationToken cancellationToken)
[2026-09-25 11:02:47Z ERR  BrokerServer] #####################################################
[2026-09-25 11:02:47Z ERR  BrokerServer] System.Net.Sockets.SocketException (995): Der E/A-Vorgang wurde wegen eines Threadendes oder einer Anwendungsanforderung abgebrochen.
[2026-09-25 11:02:47Z WARN BrokerServer] Back off 5,239 seconds before next retry. 4 attempt left.
[2026-09-25 11:02:47Z INFO BrokerMessageListener] Get messages has been cancelled using local token source. Continue to get messages with new status.
[2026-09-25 11:05:17Z INFO BrokerMessageListener] Acknowledging runner request '8d0fd2e1-8f44-50b8-93a7-9bfa54387c10'.
[2026-09-25 11:05:17Z INFO ConfigurationStore] HasCredentials()
[2026-09-25 11:05:17Z INFO ConfigurationStore] stored True
[2026-09-25 11:05:17Z INFO CredentialManager] GetCredentialProvider
[2026-09-25 11:05:17Z INFO CredentialManager] Creating type OAuth
[2026-09-25 11:05:17Z INFO CredentialManager] Creating credential type: OAuth
[2026-09-25 11:05:17Z INFO RSAEncryptedFileKeyManager] Loading RSA key parameters from file C:\Users\mcrngv0\test-write-api\test-write-api\actions-runner\.credentials_rsaparams
[2026-09-25 11:05:17Z INFO RSAEncryptedFileKeyManager] Loading RSA key parameters from file C:\Users\mcrngv0\test-write-api\test-write-api\actions-runner\.credentials_rsaparams
[2026-09-25 11:05:17Z INFO RSAEncryptedFileKeyManager] Loading RSA key parameters from file C:\Users\mcrngv0\test-write-api\test-write-api\actions-runner\.credentials_rsaparams
[2026-09-25 11:05:17Z INFO GitHubActionsService] AAD Correlation ID for this token request: Unknown
[2026-09-25 11:05:18Z INFO JobDispatcher] Job request 0 for plan 113aa0fb-9b54-4312-9710-09d18d4c7a62 job 8d0fd2e1-8f44-50b8-93a7-9bfa54387c10 received.
[2026-09-25 11:05:18Z INFO JobDispatcher] Pull OrchestrationId 113aa0fb-9b54-4312-9710-09d18d4c7a62.build-and-push.__default from JWT claims
[2026-09-25 11:05:18Z INFO BrokerMessageListener] Received job status event. JobState: Busy
[2026-09-25 11:05:18Z INFO BrokerMessageListener] _getMessagesTokenSource is already disposed.
[2026-09-25 11:05:18Z INFO JobDispatcher] Job request e0ef5480-c3dc-53d8-ba15-628bd3ea1f4e processed succeed.
[2026-09-25 11:05:18Z INFO Terminal] WRITE LINE: 2026-09-25 11:05:18Z: Running job: build-and-push
[2026-09-25 11:05:18Z INFO JobDispatcher] Start renew job request 0 for job 8d0fd2e1-8f44-50b8-93a7-9bfa54387c10.
[2026-09-25 11:05:18Z INFO JobDispatcher] Successfully renew job 8d0fd2e1-8f44-50b8-93a7-9bfa54387c10, job is valid till 25.09.2026 11:15:18
[2026-09-25 11:05:18Z INFO HostContext] Well known directory 'Bin': 'C:\Users\mcrngv0\test-write-api\test-write-api\actions-runner\bin'
[2026-09-25 11:05:18Z INFO ProcessInvokerWrapper] Starting process:
[2026-09-25 11:05:18Z INFO ProcessInvokerWrapper]   File name: 'C:\Users\mcrngv0\test-write-api\test-write-api\actions-runner\bin\Runner.Worker.exe'
[2026-09-25 11:05:18Z INFO ProcessInvokerWrapper]   Arguments: 'spawnclient 2320 596'
[2026-09-25 11:05:18Z INFO ProcessInvokerWrapper]   Working directory: 'C:\Users\mcrngv0\test-write-api\test-write-api\actions-runner\bin'
[2026-09-25 11:05:18Z INFO ProcessInvokerWrapper]   Require exit code zero: 'False'
[2026-09-25 11:05:18Z INFO ProcessInvokerWrapper]   Encoding web name:  ; code page: ''
[2026-09-25 11:05:18Z INFO ProcessInvokerWrapper]   Force kill process on cancellation: 'True'
[2026-09-25 11:05:18Z INFO ProcessInvokerWrapper]   Redirected STDIN: 'False'
[2026-09-25 11:05:18Z INFO ProcessInvokerWrapper]   Persist current code page: 'False'
[2026-09-25 11:05:18Z INFO ProcessInvokerWrapper]   Keep redirected STDIN open: 'False'
[2026-09-25 11:05:18Z INFO ProcessInvokerWrapper]   High priority process: 'True'
[2026-09-25 11:05:19Z INFO ProcessInvokerWrapper] Process started with process id 27984, waiting for process exit.
[2026-09-25 11:05:19Z INFO JobDispatcher] Send job request message to worker for job 8d0fd2e1-8f44-50b8-93a7-9bfa54387c10.
[2026-09-25 11:05:19Z INFO ProcessChannel] Sending message of length 24692, with hash '610aa08403ef96a8f3b53b3a1b5f443043fd7e7584e448546a0dc17156f53d50'
[2026-09-25 11:05:20Z INFO JobNotification] Entering JobStarted Notification
[2026-09-25 11:05:20Z INFO JobNotification] Entering StartMonitor
[2026-09-25 11:06:18Z INFO ProcessInvokerWrapper] STDOUT/STDERR stream read finished.
[2026-09-25 11:06:18Z INFO ProcessInvokerWrapper] STDOUT/STDERR stream read finished.
[2026-09-25 11:06:18Z INFO ProcessInvokerWrapper] Finished process 27984 with exit code 100, and elapsed time 00:00:59.8123193.
[2026-09-25 11:06:18Z INFO JobDispatcher] Worker finished for job 8d0fd2e1-8f44-50b8-93a7-9bfa54387c10. Code: 100
[2026-09-25 11:06:18Z INFO JobDispatcher] finish job request for job 8d0fd2e1-8f44-50b8-93a7-9bfa54387c10 with result: Succeeded
[2026-09-25 11:06:18Z INFO Terminal] WRITE LINE: 2026-09-25 11:06:18Z: Job build-and-push completed with result: Succeeded
[2026-09-25 11:06:18Z INFO JobDispatcher] Stop renew job request for job 8d0fd2e1-8f44-50b8-93a7-9bfa54387c10.
[2026-09-25 11:06:18Z INFO JobDispatcher] job renew has been cancelled, stop renew job 8d0fd2e1-8f44-50b8-93a7-9bfa54387c10.
[2026-09-25 11:06:18Z INFO JobNotification] Entering JobCompleted Notification
[2026-09-25 11:06:18Z INFO JobNotification] Entering EndMonitor
[2026-09-25 11:06:18Z INFO BrokerMessageListener] Received job status event. JobState: Online
[2026-09-25 11:06:18Z WARN GitHubActionsService] GET request to https://broker.actions.githubusercontent.com/message?sessionId=d824ca3c-9294-4948-a4e4-c0333f685e19&status=Busy&runnerVersion=2.337.0&os=Windows&architecture=X64&disableUpdate=false has been cancelled.
[2026-09-25 11:06:18Z ERR  BrokerServer] Catch exception during request
[2026-09-25 11:06:18Z ERR  BrokerServer] System.Threading.Tasks.TaskCanceledException: The operation was canceled.
 ---> System.Threading.Tasks.TaskCanceledException: The operation was canceled.
 ---> System.IO.IOException: Unable to read data from the transport connection: Der E/A-Vorgang wurde wegen eines Threadendes oder einer Anwendungsanforderung abgebrochen..
 ---> System.Net.Sockets.SocketException (995): Der E/A-Vorgang wurde wegen eines Threadendes oder einer Anwendungsanforderung abgebrochen.
   --- End of inner exception stack trace ---
   at System.Net.Sockets.Socket.AwaitableSocketAsyncEventArgs.System.Threading.Tasks.Sources.IValueTaskSource<System.Int32>.GetResult(Int16 token)
   at System.Net.Security.SslStream.EnsureFullTlsFrameAsync[TIOAdapter](CancellationToken cancellationToken, Int32 estimatedSize)
   at System.Runtime.CompilerServices.PoolingAsyncValueTaskMethodBuilder`1.StateMachineBox`1.System.Threading.Tasks.Sources.IValueTaskSource<TResult>.GetResult(Int16 token)
   at System.Net.Security.SslStream.ReadAsyncInternal[TIOAdapter](Memory`1 buffer, CancellationToken cancellationToken)
   at System.Runtime.CompilerServices.PoolingAsyncValueTaskMethodBuilder`1.StateMachineBox`1.System.Threading.Tasks.Sources.IValueTaskSource<TResult>.GetResult(Int16 token)
   at System.Net.Http.HttpConnection.SendAsync(HttpRequestMessage request, Boolean async, CancellationToken cancellationToken)
   --- End of inner exception stack trace ---
   at System.Net.Http.HttpConnection.SendAsync(HttpRequestMessage request, Boolean async, CancellationToken cancellationToken)
   at System.Net.Http.AuthenticationHelper.SendWithNtAuthAsync(HttpRequestMessage request, Uri authUri, Boolean async, ICredentials credentials, Boolean isProxyAuth, HttpConnection connection, HttpConnectionPool connectionPool, CancellationToken cancellationToken)
   at System.Net.Http.HttpConnectionPool.SendWithVersionDetectionAndRetryAsync(HttpRequestMessage request, Boolean async, Boolean doRequestAuth, CancellationToken cancellationToken)
   at System.Net.Http.AuthenticationHelper.SendWithAuthAsync(HttpRequestMessage request, Uri authUri, Boolean async, ICredentials credentials, Boolean preAuthenticate, Boolean isProxyAuth, Boolean doRequestAuth, HttpConnectionPool pool, CancellationToken cancellationToken)
   at System.Net.Http.RedirectHandler.SendAsync(HttpRequestMessage request, Boolean async, CancellationToken cancellationToken)
   at GitHub.Services.Common.RawHttpMessageHandler.SendAsync(HttpRequestMessage request, CancellationToken cancellationToken)
   at GitHub.Services.Common.VssHttpRetryMessageHandler.SendAsync(HttpRequestMessage request, CancellationToken cancellationToken)
   at System.Net.Http.HttpClient.<SendAsync>g__Core|83_0(HttpRequestMessage request, HttpCompletionOption completionOption, CancellationTokenSource cts, Boolean disposeCts, CancellationTokenSource pendingRequestsCts, CancellationToken originalCancellationToken)
   --- End of inner exception stack trace ---
   at System.Net.Http.HttpClient.HandleFailure(Exception e, Boolean telemetryStarted, HttpResponseMessage response, CancellationTokenSource cts, CancellationToken cancellationToken, CancellationTokenSource pendingRequestsCts)
   at System.Net.Http.HttpClient.<SendAsync>g__Core|83_0(HttpRequestMessage request, HttpCompletionOption completionOption, CancellationTokenSource cts, Boolean disposeCts, CancellationTokenSource pendingRequestsCts, CancellationToken originalCancellationToken)
   at Sdk.WebApi.WebApi.RawHttpClientBase.SendAsync(HttpRequestMessage message, HttpCompletionOption completionOption, Object userState, CancellationToken cancellationToken)
   at Sdk.WebApi.WebApi.RawHttpClientBase.SendAsync[T](HttpRequestMessage message, Boolean readErrorBody, Object userState, CancellationToken cancellationToken)
   at Sdk.WebApi.WebApi.RawHttpClientBase.SendAsync[T](HttpMethod method, IEnumerable`1 additionalHeaders, Uri requestUri, HttpContent content, IEnumerable`1 queryParameters, Boolean readErrorBody, Object userState, CancellationToken cancellationToken)
   at GitHub.Actions.RunService.WebApi.BrokerHttpClient.GetRunnerMessageAsync(Nullable`1 sessionId, String runnerVersion, Nullable`1 status, String os, String architecture, Nullable`1 disableUpdate, CancellationToken cancellationToken)
   at GitHub.Runner.Common.BrokerServer.<>c__DisplayClass7_0.<<GetRunnerMessageAsync>b__0>d.MoveNext()
--- End of stack trace from previous location ---
   at GitHub.Runner.Common.RunnerService.RetryRequest[T](Func`1 func, CancellationToken cancellationToken, Int32 maxAttempts, Func`2 shouldRetry)
[2026-09-25 11:06:18Z ERR  BrokerServer] #####################################################
[2026-09-25 11:06:18Z ERR  BrokerServer] System.Threading.Tasks.TaskCanceledException: The operation was canceled.
 ---> System.IO.IOException: Unable to read data from the transport connection: Der E/A-Vorgang wurde wegen eines Threadendes oder einer Anwendungsanforderung abgebrochen..
 ---> System.Net.Sockets.SocketException (995): Der E/A-Vorgang wurde wegen eines Threadendes oder einer Anwendungsanforderung abgebrochen.
   --- End of inner exception stack trace ---
   at System.Net.Sockets.Socket.AwaitableSocketAsyncEventArgs.System.Threading.Tasks.Sources.IValueTaskSource<System.Int32>.GetResult(Int16 token)
   at System.Net.Security.SslStream.EnsureFullTlsFrameAsync[TIOAdapter](CancellationToken cancellationToken, Int32 estimatedSize)
   at System.Runtime.CompilerServices.PoolingAsyncValueTaskMethodBuilder`1.StateMachineBox`1.System.Threading.Tasks.Sources.IValueTaskSource<TResult>.GetResult(Int16 token)
   at System.Net.Security.SslStream.ReadAsyncInternal[TIOAdapter](Memory`1 buffer, CancellationToken cancellationToken)
   at System.Runtime.CompilerServices.PoolingAsyncValueTaskMethodBuilder`1.StateMachineBox`1.System.Threading.Tasks.Sources.IValueTaskSource<TResult>.GetResult(Int16 token)
   at System.Net.Http.HttpConnection.SendAsync(HttpRequestMessage request, Boolean async, CancellationToken cancellationToken)
   --- End of inner exception stack trace ---
   at System.Net.Http.HttpConnection.SendAsync(HttpRequestMessage request, Boolean async, CancellationToken cancellationToken)
   at System.Net.Http.AuthenticationHelper.SendWithNtAuthAsync(HttpRequestMessage request, Uri authUri, Boolean async, ICredentials credentials, Boolean isProxyAuth, HttpConnection connection, HttpConnectionPool connectionPool, CancellationToken cancellationToken)
   at System.Net.Http.HttpConnectionPool.SendWithVersionDetectionAndRetryAsync(HttpRequestMessage request, Boolean async, Boolean doRequestAuth, CancellationToken cancellationToken)
   at System.Net.Http.AuthenticationHelper.SendWithAuthAsync(HttpRequestMessage request, Uri authUri, Boolean async, ICredentials credentials, Boolean preAuthenticate, Boolean isProxyAuth, Boolean doRequestAuth, HttpConnectionPool pool, CancellationToken cancellationToken)
   at System.Net.Http.RedirectHandler.SendAsync(HttpRequestMessage request, Boolean async, CancellationToken cancellationToken)
   at GitHub.Services.Common.RawHttpMessageHandler.SendAsync(HttpRequestMessage request, CancellationToken cancellationToken)
   at GitHub.Services.Common.VssHttpRetryMessageHandler.SendAsync(HttpRequestMessage request, CancellationToken cancellationToken)
   at System.Net.Http.HttpClient.<SendAsync>g__Core|83_0(HttpRequestMessage request, HttpCompletionOption completionOption, CancellationTokenSource cts, Boolean disposeCts, CancellationTokenSource pendingRequestsCts, CancellationToken originalCancellationToken)
[2026-09-25 11:06:18Z ERR  BrokerServer] #####################################################
[2026-09-25 11:06:18Z ERR  BrokerServer] System.IO.IOException: Unable to read data from the transport connection: Der E/A-Vorgang wurde wegen eines Threadendes oder einer Anwendungsanforderung abgebrochen..
 ---> System.Net.Sockets.SocketException (995): Der E/A-Vorgang wurde wegen eines Threadendes oder einer Anwendungsanforderung abgebrochen.
   --- End of inner exception stack trace ---
   at System.Net.Sockets.Socket.AwaitableSocketAsyncEventArgs.System.Threading.Tasks.Sources.IValueTaskSource<System.Int32>.GetResult(Int16 token)
   at System.Net.Security.SslStream.EnsureFullTlsFrameAsync[TIOAdapter](CancellationToken cancellationToken, Int32 estimatedSize)
   at System.Runtime.CompilerServices.PoolingAsyncValueTaskMethodBuilder`1.StateMachineBox`1.System.Threading.Tasks.Sources.IValueTaskSource<TResult>.GetResult(Int16 token)
   at System.Net.Security.SslStream.ReadAsyncInternal[TIOAdapter](Memory`1 buffer, CancellationToken cancellationToken)
   at System.Runtime.CompilerServices.PoolingAsyncValueTaskMethodBuilder`1.StateMachineBox`1.System.Threading.Tasks.Sources.IValueTaskSource<TResult>.GetResult(Int16 token)
   at System.Net.Http.HttpConnection.SendAsync(HttpRequestMessage request, Boolean async, CancellationToken cancellationToken)
[2026-09-25 11:06:18Z ERR  BrokerServer] #####################################################
[2026-09-25 11:06:18Z ERR  BrokerServer] System.Net.Sockets.SocketException (995): Der E/A-Vorgang wurde wegen eines Threadendes oder einer Anwendungsanforderung abgebrochen.
[2026-09-25 11:06:18Z WARN BrokerServer] Back off 14,79 seconds before next retry. 4 attempt left.
[2026-09-25 11:06:18Z INFO BrokerMessageListener] Get messages has been cancelled using local token source. Continue to get messages with new status.
[2026-09-25 11:06:19Z INFO BrokerMessageListener] Acknowledging runner request '3c74887a-4479-5f76-b6c9-4972170da832'.
[2026-09-25 11:06:19Z INFO ConfigurationStore] HasCredentials()
[2026-09-25 11:06:19Z INFO ConfigurationStore] stored True
[2026-09-25 11:06:19Z INFO CredentialManager] GetCredentialProvider
[2026-09-25 11:06:19Z INFO CredentialManager] Creating type OAuth
[2026-09-25 11:06:19Z INFO CredentialManager] Creating credential type: OAuth
[2026-09-25 11:06:19Z INFO RSAEncryptedFileKeyManager] Loading RSA key parameters from file C:\Users\mcrngv0\test-write-api\test-write-api\actions-runner\.credentials_rsaparams
[2026-09-25 11:06:19Z INFO RSAEncryptedFileKeyManager] Loading RSA key parameters from file C:\Users\mcrngv0\test-write-api\test-write-api\actions-runner\.credentials_rsaparams
[2026-09-25 11:06:19Z INFO RSAEncryptedFileKeyManager] Loading RSA key parameters from file C:\Users\mcrngv0\test-write-api\test-write-api\actions-runner\.credentials_rsaparams
[2026-09-25 11:06:19Z INFO GitHubActionsService] AAD Correlation ID for this token request: Unknown
[2026-09-25 11:06:21Z INFO JobDispatcher] Job request 0 for plan f622a53f-c084-44a0-a8cb-a423ecc1e9d1 job 3c74887a-4479-5f76-b6c9-4972170da832 received.
[2026-09-25 11:06:21Z INFO JobDispatcher] Pull OrchestrationId f622a53f-c084-44a0-a8cb-a423ecc1e9d1.docs.build.__default from JWT claims
[2026-09-25 11:06:21Z INFO BrokerMessageListener] Received job status event. JobState: Busy
[2026-09-25 11:06:21Z INFO BrokerMessageListener] _getMessagesTokenSource is already disposed.
[2026-09-25 11:06:21Z INFO JobDispatcher] Job request 8d0fd2e1-8f44-50b8-93a7-9bfa54387c10 processed succeed.
[2026-09-25 11:06:21Z INFO Terminal] WRITE LINE: 2026-09-25 11:06:21Z: Running job: docs / build
[2026-09-25 11:06:21Z INFO JobDispatcher] Start renew job request 0 for job 3c74887a-4479-5f76-b6c9-4972170da832.
[2026-09-25 11:06:21Z INFO JobDispatcher] Successfully renew job 3c74887a-4479-5f76-b6c9-4972170da832, job is valid till 25.09.2026 11:16:21
[2026-09-25 11:06:21Z INFO HostContext] Well known directory 'Bin': 'C:\Users\mcrngv0\test-write-api\test-write-api\actions-runner\bin'
[2026-09-25 11:06:21Z INFO ProcessInvokerWrapper] Starting process:
[2026-09-25 11:06:21Z INFO ProcessInvokerWrapper]   File name: 'C:\Users\mcrngv0\test-write-api\test-write-api\actions-runner\bin\Runner.Worker.exe'
[2026-09-25 11:06:21Z INFO ProcessInvokerWrapper]   Arguments: 'spawnclient 2488 2428'
[2026-09-25 11:06:21Z INFO ProcessInvokerWrapper]   Working directory: 'C:\Users\mcrngv0\test-write-api\test-write-api\actions-runner\bin'
[2026-09-25 11:06:21Z INFO ProcessInvokerWrapper]   Require exit code zero: 'False'
[2026-09-25 11:06:21Z INFO ProcessInvokerWrapper]   Encoding web name:  ; code page: ''
[2026-09-25 11:06:21Z INFO ProcessInvokerWrapper]   Force kill process on cancellation: 'True'
[2026-09-25 11:06:21Z INFO ProcessInvokerWrapper]   Redirected STDIN: 'False'
[2026-09-25 11:06:21Z INFO ProcessInvokerWrapper]   Persist current code page: 'False'
[2026-09-25 11:06:21Z INFO ProcessInvokerWrapper]   Keep redirected STDIN open: 'False'
[2026-09-25 11:06:21Z INFO ProcessInvokerWrapper]   High priority process: 'True'
[2026-09-25 11:06:21Z INFO ProcessInvokerWrapper] Process started with process id 18632, waiting for process exit.
[2026-09-25 11:06:21Z INFO JobDispatcher] Send job request message to worker for job 3c74887a-4479-5f76-b6c9-4972170da832.
[2026-09-25 11:06:21Z INFO ProcessChannel] Sending message of length 25176, with hash 'a8ab933107a79120e94951593ff3e52acdb5d9bd6763e5ef306eeacea07c5ee6'
[2026-09-25 11:06:22Z INFO JobNotification] Entering JobStarted Notification
[2026-09-25 11:06:22Z INFO JobNotification] Entering StartMonitor
[2026-09-25 11:07:22Z INFO JobDispatcher] Successfully renew job 3c74887a-4479-5f76-b6c9-4972170da832, job is valid till 25.09.2026 11:17:21
[2026-09-25 11:08:24Z INFO JobDispatcher] Successfully renew job 3c74887a-4479-5f76-b6c9-4972170da832, job is valid till 25.09.2026 11:18:24
[2026-09-25 11:09:24Z INFO JobDispatcher] Successfully renew job 3c74887a-4479-5f76-b6c9-4972170da832, job is valid till 25.09.2026 11:19:24
[2026-09-25 11:10:25Z INFO JobDispatcher] Successfully renew job 3c74887a-4479-5f76-b6c9-4972170da832, job is valid till 25.09.2026 11:20:25
[2026-09-25 11:11:25Z INFO JobDispatcher] Successfully renew job 3c74887a-4479-5f76-b6c9-4972170da832, job is valid till 25.09.2026 11:21:25
[2026-09-25 11:11:26Z INFO ProcessInvokerWrapper] STDOUT/STDERR stream read finished.
[2026-09-25 11:11:26Z INFO ProcessInvokerWrapper] STDOUT/STDERR stream read finished.
[2026-09-25 11:11:26Z INFO ProcessInvokerWrapper] Finished process 18632 with exit code 102, and elapsed time 00:05:05.0229274.
[2026-09-25 11:11:26Z INFO JobDispatcher] Worker finished for job 3c74887a-4479-5f76-b6c9-4972170da832. Code: 102
[2026-09-25 11:11:26Z INFO JobDispatcher] finish job request for job 3c74887a-4479-5f76-b6c9-4972170da832 with result: Failed
[2026-09-25 11:11:26Z INFO Terminal] WRITE LINE: 2026-09-25 11:11:26Z: Job docs / build completed with result: Failed
[2026-09-25 11:11:26Z INFO JobDispatcher] Stop renew job request for job 3c74887a-4479-5f76-b6c9-4972170da832.
[2026-09-25 11:11:26Z INFO JobDispatcher] job renew has been cancelled, stop renew job 3c74887a-4479-5f76-b6c9-4972170da832.
[2026-09-25 11:11:26Z INFO JobNotification] Entering JobCompleted Notification
[2026-09-25 11:11:26Z INFO JobNotification] Entering EndMonitor
[2026-09-25 11:11:26Z INFO BrokerMessageListener] Received job status event. JobState: Online
[2026-09-25 11:11:26Z WARN GitHubActionsService] GET request to https://broker.actions.githubusercontent.com/message?sessionId=d824ca3c-9294-4948-a4e4-c0333f685e19&status=Busy&runnerVersion=2.337.0&os=Windows&architecture=X64&disableUpdate=false has been cancelled.
[2026-09-25 11:11:26Z ERR  BrokerServer] Catch exception during request
[2026-09-25 11:11:26Z ERR  BrokerServer] System.Threading.Tasks.TaskCanceledException: The operation was canceled.
 ---> System.Threading.Tasks.TaskCanceledException: The operation was canceled.
 ---> System.IO.IOException: Unable to read data from the transport connection: Der E/A-Vorgang wurde wegen eines Threadendes oder einer Anwendungsanforderung abgebrochen..
 ---> System.Net.Sockets.SocketException (995): Der E/A-Vorgang wurde wegen eines Threadendes oder einer Anwendungsanforderung abgebrochen.
   --- End of inner exception stack trace ---
   at System.Net.Sockets.Socket.AwaitableSocketAsyncEventArgs.System.Threading.Tasks.Sources.IValueTaskSource<System.Int32>.GetResult(Int16 token)
   at System.Net.Security.SslStream.EnsureFullTlsFrameAsync[TIOAdapter](CancellationToken cancellationToken, Int32 estimatedSize)
   at System.Runtime.CompilerServices.PoolingAsyncValueTaskMethodBuilder`1.StateMachineBox`1.System.Threading.Tasks.Sources.IValueTaskSource<TResult>.GetResult(Int16 token)
   at System.Net.Security.SslStream.ReadAsyncInternal[TIOAdapter](Memory`1 buffer, CancellationToken cancellationToken)
   at System.Runtime.CompilerServices.PoolingAsyncValueTaskMethodBuilder`1.StateMachineBox`1.System.Threading.Tasks.Sources.IValueTaskSource<TResult>.GetResult(Int16 token)
   at System.Net.Http.HttpConnection.SendAsync(HttpRequestMessage request, Boolean async, CancellationToken cancellationToken)
   --- End of inner exception stack trace ---
   at System.Net.Http.HttpConnection.SendAsync(HttpRequestMessage request, Boolean async, CancellationToken cancellationToken)
   at System.Net.Http.AuthenticationHelper.SendWithNtAuthAsync(HttpRequestMessage request, Uri authUri, Boolean async, ICredentials credentials, Boolean isProxyAuth, HttpConnection connection, HttpConnectionPool connectionPool, CancellationToken cancellationToken)
   at System.Net.Http.HttpConnectionPool.SendWithVersionDetectionAndRetryAsync(HttpRequestMessage request, Boolean async, Boolean doRequestAuth, CancellationToken cancellationToken)
   at System.Net.Http.AuthenticationHelper.SendWithAuthAsync(HttpRequestMessage request, Uri authUri, Boolean async, ICredentials credentials, Boolean preAuthenticate, Boolean isProxyAuth, Boolean doRequestAuth, HttpConnectionPool pool, CancellationToken cancellationToken)
   at System.Net.Http.RedirectHandler.SendAsync(HttpRequestMessage request, Boolean async, CancellationToken cancellationToken)
   at GitHub.Services.Common.RawHttpMessageHandler.SendAsync(HttpRequestMessage request, CancellationToken cancellationToken)
   at GitHub.Services.Common.VssHttpRetryMessageHandler.SendAsync(HttpRequestMessage request, CancellationToken cancellationToken)
   at System.Net.Http.HttpClient.<SendAsync>g__Core|83_0(HttpRequestMessage request, HttpCompletionOption completionOption, CancellationTokenSource cts, Boolean disposeCts, CancellationTokenSource pendingRequestsCts, CancellationToken originalCancellationToken)
   --- End of inner exception stack trace ---
   at System.Net.Http.HttpClient.HandleFailure(Exception e, Boolean telemetryStarted, HttpResponseMessage response, CancellationTokenSource cts, CancellationToken cancellationToken, CancellationTokenSource pendingRequestsCts)
   at System.Net.Http.HttpClient.<SendAsync>g__Core|83_0(HttpRequestMessage request, HttpCompletionOption completionOption, CancellationTokenSource cts, Boolean disposeCts, CancellationTokenSource pendingRequestsCts, CancellationToken originalCancellationToken)
   at Sdk.WebApi.WebApi.RawHttpClientBase.SendAsync(HttpRequestMessage message, HttpCompletionOption completionOption, Object userState, CancellationToken cancellationToken)
   at Sdk.WebApi.WebApi.RawHttpClientBase.SendAsync[T](HttpRequestMessage message, Boolean readErrorBody, Object userState, CancellationToken cancellationToken)
   at Sdk.WebApi.WebApi.RawHttpClientBase.SendAsync[T](HttpMethod method, IEnumerable`1 additionalHeaders, Uri requestUri, HttpContent content, IEnumerable`1 queryParameters, Boolean readErrorBody, Object userState, CancellationToken cancellationToken)
   at GitHub.Actions.RunService.WebApi.BrokerHttpClient.GetRunnerMessageAsync(Nullable`1 sessionId, String runnerVersion, Nullable`1 status, String os, String architecture, Nullable`1 disableUpdate, CancellationToken cancellationToken)
   at GitHub.Runner.Common.BrokerServer.<>c__DisplayClass7_0.<<GetRunnerMessageAsync>b__0>d.MoveNext()
--- End of stack trace from previous location ---
   at GitHub.Runner.Common.RunnerService.RetryRequest[T](Func`1 func, CancellationToken cancellationToken, Int32 maxAttempts, Func`2 shouldRetry)
[2026-09-25 11:11:26Z ERR  BrokerServer] #####################################################
[2026-09-25 11:11:26Z ERR  BrokerServer] System.Threading.Tasks.TaskCanceledException: The operation was canceled.
 ---> System.IO.IOException: Unable to read data from the transport connection: Der E/A-Vorgang wurde wegen eines Threadendes oder einer Anwendungsanforderung abgebrochen..
 ---> System.Net.Sockets.SocketException (995): Der E/A-Vorgang wurde wegen eines Threadendes oder einer Anwendungsanforderung abgebrochen.
   --- End of inner exception stack trace ---
   at System.Net.Sockets.Socket.AwaitableSocketAsyncEventArgs.System.Threading.Tasks.Sources.IValueTaskSource<System.Int32>.GetResult(Int16 token)
   at System.Net.Security.SslStream.EnsureFullTlsFrameAsync[TIOAdapter](CancellationToken cancellationToken, Int32 estimatedSize)
   at System.Runtime.CompilerServices.PoolingAsyncValueTaskMethodBuilder`1.StateMachineBox`1.System.Threading.Tasks.Sources.IValueTaskSource<TResult>.GetResult(Int16 token)
   at System.Net.Security.SslStream.ReadAsyncInternal[TIOAdapter](Memory`1 buffer, CancellationToken cancellationToken)
   at System.Runtime.CompilerServices.PoolingAsyncValueTaskMethodBuilder`1.StateMachineBox`1.System.Threading.Tasks.Sources.IValueTaskSource<TResult>.GetResult(Int16 token)
   at System.Net.Http.HttpConnection.SendAsync(HttpRequestMessage request, Boolean async, CancellationToken cancellationToken)
   --- End of inner exception stack trace ---
   at System.Net.Http.HttpConnection.SendAsync(HttpRequestMessage request, Boolean async, CancellationToken cancellationToken)
   at System.Net.Http.AuthenticationHelper.SendWithNtAuthAsync(HttpRequestMessage request, Uri authUri, Boolean async, ICredentials credentials, Boolean isProxyAuth, HttpConnection connection, HttpConnectionPool connectionPool, CancellationToken cancellationToken)
   at System.Net.Http.HttpConnectionPool.SendWithVersionDetectionAndRetryAsync(HttpRequestMessage request, Boolean async, Boolean doRequestAuth, CancellationToken cancellationToken)
   at System.Net.Http.AuthenticationHelper.SendWithAuthAsync(HttpRequestMessage request, Uri authUri, Boolean async, ICredentials credentials, Boolean preAuthenticate, Boolean isProxyAuth, Boolean doRequestAuth, HttpConnectionPool pool, CancellationToken cancellationToken)
   at System.Net.Http.RedirectHandler.SendAsync(HttpRequestMessage request, Boolean async, CancellationToken cancellationToken)
   at GitHub.Services.Common.RawHttpMessageHandler.SendAsync(HttpRequestMessage request, CancellationToken cancellationToken)
   at GitHub.Services.Common.VssHttpRetryMessageHandler.SendAsync(HttpRequestMessage request, CancellationToken cancellationToken)
   at System.Net.Http.HttpClient.<SendAsync>g__Core|83_0(HttpRequestMessage request, HttpCompletionOption completionOption, CancellationTokenSource cts, Boolean disposeCts, CancellationTokenSource pendingRequestsCts, CancellationToken originalCancellationToken)
[2026-09-25 11:11:26Z ERR  BrokerServer] #####################################################
[2026-09-25 11:11:26Z ERR  BrokerServer] System.IO.IOException: Unable to read data from the transport connection: Der E/A-Vorgang wurde wegen eines Threadendes oder einer Anwendungsanforderung abgebrochen..
 ---> System.Net.Sockets.SocketException (995): Der E/A-Vorgang wurde wegen eines Threadendes oder einer Anwendungsanforderung abgebrochen.
   --- End of inner exception stack trace ---
   at System.Net.Sockets.Socket.AwaitableSocketAsyncEventArgs.System.Threading.Tasks.Sources.IValueTaskSource<System.Int32>.GetResult(Int16 token)
   at System.Net.Security.SslStream.EnsureFullTlsFrameAsync[TIOAdapter](CancellationToken cancellationToken, Int32 estimatedSize)
   at System.Runtime.CompilerServices.PoolingAsyncValueTaskMethodBuilder`1.StateMachineBox`1.System.Threading.Tasks.Sources.IValueTaskSource<TResult>.GetResult(Int16 token)
   at System.Net.Security.SslStream.ReadAsyncInternal[TIOAdapter](Memory`1 buffer, CancellationToken cancellationToken)
   at System.Runtime.CompilerServices.PoolingAsyncValueTaskMethodBuilder`1.StateMachineBox`1.System.Threading.Tasks.Sources.IValueTaskSource<TResult>.GetResult(Int16 token)
   at System.Net.Http.HttpConnection.SendAsync(HttpRequestMessage request, Boolean async, CancellationToken cancellationToken)
[2026-09-25 11:11:26Z ERR  BrokerServer] #####################################################
[2026-09-25 11:11:26Z ERR  BrokerServer] System.Net.Sockets.SocketException (995): Der E/A-Vorgang wurde wegen eines Threadendes oder einer Anwendungsanforderung abgebrochen.
[2026-09-25 11:11:26Z WARN BrokerServer] Back off 14,229 seconds before next retry. 4 attempt left.
[2026-09-25 11:11:26Z INFO BrokerMessageListener] Get messages has been cancelled using local token source. Continue to get messages with new status.
[2026-09-25 11:16:02Z INFO BrokerMessageListener] Acknowledging runner request 'bf6957f5-8318-51dd-964c-825d002764cb'.
[2026-09-25 11:16:02Z INFO ConfigurationStore] HasCredentials()
[2026-09-25 11:16:02Z INFO ConfigurationStore] stored True
[2026-09-25 11:16:02Z INFO CredentialManager] GetCredentialProvider
[2026-09-25 11:16:02Z INFO CredentialManager] Creating type OAuth
[2026-09-25 11:16:02Z INFO CredentialManager] Creating credential type: OAuth
[2026-09-25 11:16:02Z INFO RSAEncryptedFileKeyManager] Loading RSA key parameters from file C:\Users\mcrngv0\test-write-api\test-write-api\actions-runner\.credentials_rsaparams
[2026-09-25 11:16:02Z INFO RSAEncryptedFileKeyManager] Loading RSA key parameters from file C:\Users\mcrngv0\test-write-api\test-write-api\actions-runner\.credentials_rsaparams
[2026-09-25 11:16:02Z INFO RSAEncryptedFileKeyManager] Loading RSA key parameters from file C:\Users\mcrngv0\test-write-api\test-write-api\actions-runner\.credentials_rsaparams
[2026-09-25 11:16:03Z INFO GitHubActionsService] AAD Correlation ID for this token request: Unknown
[2026-09-25 11:16:03Z INFO JobDispatcher] Job request 0 for plan 9052700c-deb1-43af-bdbc-1d554a804c96 job bf6957f5-8318-51dd-964c-825d002764cb received.
[2026-09-25 11:16:03Z INFO JobDispatcher] Pull OrchestrationId 9052700c-deb1-43af-bdbc-1d554a804c96.build-and-push.__default from JWT claims
[2026-09-25 11:16:03Z INFO BrokerMessageListener] Received job status event. JobState: Busy
[2026-09-25 11:16:03Z INFO BrokerMessageListener] _getMessagesTokenSource is already disposed.
[2026-09-25 11:16:03Z INFO JobDispatcher] Job request 3c74887a-4479-5f76-b6c9-4972170da832 processed succeed.
[2026-09-25 11:16:03Z INFO Terminal] WRITE LINE: 2026-09-25 11:16:03Z: Running job: build-and-push
[2026-09-25 11:16:03Z INFO JobDispatcher] Start renew job request 0 for job bf6957f5-8318-51dd-964c-825d002764cb.
[2026-09-25 11:16:04Z INFO JobDispatcher] Successfully renew job bf6957f5-8318-51dd-964c-825d002764cb, job is valid till 25.09.2026 11:26:04
[2026-09-25 11:16:04Z INFO HostContext] Well known directory 'Bin': 'C:\Users\mcrngv0\test-write-api\test-write-api\actions-runner\bin'
[2026-09-25 11:16:04Z INFO ProcessInvokerWrapper] Starting process:
[2026-09-25 11:16:04Z INFO ProcessInvokerWrapper]   File name: 'C:\Users\mcrngv0\test-write-api\test-write-api\actions-runner\bin\Runner.Worker.exe'
[2026-09-25 11:16:04Z INFO ProcessInvokerWrapper]   Arguments: 'spawnclient 2428 1520'
[2026-09-25 11:16:04Z INFO ProcessInvokerWrapper]   Working directory: 'C:\Users\mcrngv0\test-write-api\test-write-api\actions-runner\bin'
[2026-09-25 11:16:04Z INFO ProcessInvokerWrapper]   Require exit code zero: 'False'
[2026-09-25 11:16:04Z INFO ProcessInvokerWrapper]   Encoding web name:  ; code page: ''
[2026-09-25 11:16:04Z INFO ProcessInvokerWrapper]   Force kill process on cancellation: 'True'
[2026-09-25 11:16:04Z INFO ProcessInvokerWrapper]   Redirected STDIN: 'False'
[2026-09-25 11:16:04Z INFO ProcessInvokerWrapper]   Persist current code page: 'False'
[2026-09-25 11:16:04Z INFO ProcessInvokerWrapper]   Keep redirected STDIN open: 'False'
[2026-09-25 11:16:04Z INFO ProcessInvokerWrapper]   High priority process: 'True'
[2026-09-25 11:16:11Z INFO ProcessInvokerWrapper] Process started with process id 12520, waiting for process exit.
[2026-09-25 11:16:11Z INFO JobDispatcher] Send job request message to worker for job bf6957f5-8318-51dd-964c-825d002764cb.
[2026-09-25 11:16:11Z INFO ProcessChannel] Sending message of length 24692, with hash '37432196658bd3d150a3f28520d1e4ace541a60e50a34c0b25e554d32e28fc6e'
[2026-09-25 11:16:14Z INFO JobNotification] Entering JobStarted Notification
[2026-09-25 11:16:14Z INFO JobNotification] Entering StartMonitor
